{"Labels": {"_type": "images/separated", "width": 2000, "height": 2000, "format": "jpg", "count": 2, "filenames": ["media/images/Labels_0_8ccf26cff243d025095d.jpg", "media/images/Labels_0_b3b8b8c258c87aefb36f.jpg"], "captions": ["labels_correlogram.jpg", "labels_xyls.jpg"]}, "Mosaics": {"_type": "images/separated", "width": 2048, "height": 2048, "format": "jpg", "count": 8, "filenames": ["media/images/Mosaics_0_43b8ecad6c4ce3002df0.jpg", "media/images/Mosaics_0_759f0164f6fad03be2b1.jpg", "media/images/Mosaics_0_7a5eb40dc6afa3e8f9af.jpg", "media/images/Mosaics_0_9e87092f3aaf33d7510c.jpg", "media/images/Mosaics_0_0f0da0e5b8b398f02ac0.jpg", "media/images/Mosaics_0_54e895eb684b94485b31.jpg", "media/images/Mosaics_0_3a6b6192385c7b1e3187.jpg", "media/images/Mosaics_0_724de733fd0e044ec9bc.jpg"], "captions": ["train_batch0.jpg", "train_batch1.jpg", "train_batch2.jpg", "train_batch3.jpg", "train_batch4.jpg", "train_batch5.jpg", "train_batch6.jpg", "train_batch7.jpg"]}, "train/box_loss": 0.04770722985267639, "train/obj_loss": 0.29993975162506104, "train/cls_loss": 1.963861177500803e-05, "train/theta_loss": 0.10362782329320908, "metrics/precision": 0.919620325663067, "metrics/recall": 0.7933194154488518, "metrics/mAP_0.5": 0.8840321952986466, "metrics/mAP_0.5:0.95": 0.5159862814211607, "val/box_loss": 0.05719631910324097, "val/obj_loss": 0.48944535851478577, "val/cls_loss": 3.0702991352882236e-05, "val/theta_loss": 0.106197290122509, "x/lr0": 0.002000078956575452, "x/lr1": 0.002000078956575452, "x/lr2": 0.002000078956575452, "_timestamp": 1661706485, "_runtime": 8500, "_step": 1000, "BoundingBoxDebugger": {"_type": "images/separated", "width": 1056, "height": 608, "format": "png", "count": 10, "filenames": ["media/images/BoundingBoxDebugger_999_600e9b46b753262c6aa3.png", "media/images/BoundingBoxDebugger_999_ea54ad607f6bc369214a.png", "media/images/BoundingBoxDebugger_999_6f5e466cd506c6abb1f0.png", "media/images/BoundingBoxDebugger_999_916b8e914349bdfb4c44.png", "media/images/BoundingBoxDebugger_999_5831095e8e3213b27317.png", "media/images/BoundingBoxDebugger_999_ad48a88d77668864e76a.png", "media/images/BoundingBoxDebugger_999_37bb351f1dba40a9c33b.png", "media/images/BoundingBoxDebugger_999_773385666479deae4d44.png", "media/images/BoundingBoxDebugger_999_95eb6e8f97f408bebcd9.png", "media/images/BoundingBoxDebugger_999_484464574bd75927a534.png"], "captions": ["pic_DJI_0639_0001_11.jpg", "pic_DJI_0639_0003_21.jpg", "pic_DJI_0639_0006_11.jpg", "pic_DJI_0639_0008_21.jpg", "pic_DJI_0639_0011_11.jpg", "pic_DJI_0639_0013_21.jpg", "pic_DJI_0639_0016_11.jpg", "pic_DJI_0639_0018_21.jpg", "pic_DJI_0639_0021_11.jpg", "pic_DJI_0639_0023_21.jpg"], "all_boxes": [{"predictions": {"_type": "boxes2D", "sha256": "1174abcdaff1d0be995ab8856ae599f8f5e95a2190e0a8c3d63ccd38a1a51b8e", "size": 13630, "path": "media/metadata/boxes2D/BoundingBoxDebugger_999_1174abcdaff1d0be995a.boxes2D.json"}}, {"predictions": {"_type": "boxes2D", "sha256": "7bbef095597067a8d3eaf5d3e274da31257030dfb4834c7e7bf04c8ef85d197b", "size": 12305, "path": "media/metadata/boxes2D/BoundingBoxDebugger_999_7bbef095597067a8d3ea.boxes2D.json"}}, {"predictions": {"_type": "boxes2D", "sha256": "e8e1655451c7f51ad19cb4232a55395b9f9d7a44b217d0c08a2ebe9d80ecb598", "size": 10977, "path": "media/metadata/boxes2D/BoundingBoxDebugger_999_e8e1655451c7f51ad19c.boxes2D.json"}}, {"predictions": {"_type": "boxes2D", "sha256": "aa69206c5c7ae029ae7820a5fbb9057c2c3d65e39f570fe9019a874779a637e9", "size": 15893, "path": "media/metadata/boxes2D/BoundingBoxDebugger_999_aa69206c5c7ae029ae78.boxes2D.json"}}, {"predictions": {"_type": "boxes2D", "sha256": "a5245024469f2aadaabb33c34244704721af6fdaff8d6a9eec9166ccc0624602", "size": 17046, "path": "media/metadata/boxes2D/BoundingBoxDebugger_999_a5245024469f2aadaabb.boxes2D.json"}}, {"predictions": {"_type": "boxes2D", "sha256": "67c3280bcd12aeaf459d245245f8d83988e390a099f94466e8f36ed06b8b0da6", "size": 16630, "path": "media/metadata/boxes2D/BoundingBoxDebugger_999_67c3280bcd12aeaf459d.boxes2D.json"}}, {"predictions": {"_type": "boxes2D", "sha256": "6d07cf0b96167c70418cdbd5e313f909a09e429d35fe82d30a2a48eed65a9ecc", "size": 25304, "path": "media/metadata/boxes2D/BoundingBoxDebugger_999_6d07cf0b96167c70418c.boxes2D.json"}}, {"predictions": {"_type": "boxes2D", "sha256": "dfda3e980c30160b07aa47da6c36a0e685be03674ef43a4cff27900659c0ac0e", "size": 27895, "path": "media/metadata/boxes2D/BoundingBoxDebugger_999_dfda3e980c30160b07aa.boxes2D.json"}}, {"predictions": {"_type": "boxes2D", "sha256": "b97de241fade86530550f75ca80fea3dc6744e148d1354aee626297d51b0a326", "size": 9862, "path": "media/metadata/boxes2D/BoundingBoxDebugger_999_b97de241fade86530550.boxes2D.json"}}, {"predictions": {"_type": "boxes2D", "sha256": "791a64a6d63c8a9782ccfdd08979f75f3ea97f125894f178e8b85446c5a8d174", "size": 17679, "path": "media/metadata/boxes2D/BoundingBoxDebugger_999_791a64a6d63c8a9782cc.boxes2D.json"}}]}, "Validation": {"_type": "images/separated", "width": 2048, "height": 1180, "format": "jpg", "count": 4, "filenames": ["media/images/Validation_1000_efe46ca1b778da62da1f.jpg", "media/images/Validation_1000_4e6b8942f1ab78326c37.jpg", "media/images/Validation_1000_a350f580adda42ffd899.jpg", "media/images/Validation_1000_ac7bb7b3fb4158589667.jpg"], "captions": ["val_batch0_labels.jpg", "val_batch0_pred.jpg", "val_batch1_labels.jpg", "val_batch1_pred.jpg"]}, "Results": {"_type": "images/separated", "width": 2400, "height": 1200, "format": "png", "count": 6, "filenames": ["media/images/Results_1000_133e675fb368b4fa0e3a.png", "media/images/Results_1000_2879dfed60d5b498a412.png", "media/images/Results_1000_cc79e76251c892b4440c.png", "media/images/Results_1000_e9b26d9fa3ec070ae740.png", "media/images/Results_1000_2641fbc81b5c48a4757f.png", "media/images/Results_1000_e136858bd42949425b4b.png"], "captions": ["results.png", "confusion_matrix.png", "F1_curve.png", "PR_curve.png", "P_curve.png", "R_curve.png"]}, "_wandb": {"runtime": 8500}}