{"Labels": {"_type": "images/separated", "width": 2000, "height": 2000, "format": "jpg", "count": 2, "filenames": ["media/images/Labels_0_1871f558a910a7614057.jpg", "media/images/Labels_0_e744f27576dc785b1437.jpg"], "captions": ["labels_correlogram.jpg", "labels_xyls.jpg"]}, "Mosaics": {"_type": "images/separated", "width": 2048, "height": 2048, "format": "jpg", "count": 8, "filenames": ["media/images/Mosaics_0_87f4fc2807a3541ebec9.jpg", "media/images/Mosaics_0_810d6cd22e74be675478.jpg", "media/images/Mosaics_0_29a64ebb4221b63c4270.jpg", "media/images/Mosaics_0_983a3151b76c4239e10b.jpg", "media/images/Mosaics_0_1c5b32d623776d2eccfd.jpg", "media/images/Mosaics_0_a6727eb0b1c9014c97bb.jpg", "media/images/Mosaics_0_42f06c249b4cd6fd0eb0.jpg", "media/images/Mosaics_0_e2a5fe9bba0cebe617c8.jpg"], "captions": ["train_batch0.jpg", "train_batch1.jpg", "train_batch2.jpg", "train_batch3.jpg", "train_batch4.jpg", "train_batch5.jpg", "train_batch6.jpg", "train_batch7.jpg"]}, "train/box_loss": 0.06804805248975754, "train/obj_loss": 0.42861464619636536, "train/cls_loss": 5.488396709552035e-05, "train/theta_loss": 0.11425182223320007, "metrics/precision": 0.893102393060231, "metrics/recall": 0.872651356993737, "metrics/mAP_0.5": 0.9000839303327975, "metrics/mAP_0.5:0.95": 0.5115045222110076, "val/box_loss": 0.05485837161540985, "val/obj_loss": 0.425544798374176, "val/cls_loss": 5.31852274434641e-05, "val/theta_loss": 0.10925598442554474, "x/lr0": 0.002000877266100618, "x/lr1": 0.002000877266100618, "x/lr2": 0.002000877266100618, "_timestamp": 1667966658, "_runtime": 6976, "_step": 300, "BoundingBoxDebugger": {"_type": "images/separated", "width": 1056, "height": 608, "format": "png", "count": 10, "filenames": ["media/images/BoundingBoxDebugger_299_600e9b46b753262c6aa3.png", "media/images/BoundingBoxDebugger_299_ea54ad607f6bc369214a.png", "media/images/BoundingBoxDebugger_299_6f5e466cd506c6abb1f0.png", "media/images/BoundingBoxDebugger_299_916b8e914349bdfb4c44.png", "media/images/BoundingBoxDebugger_299_5831095e8e3213b27317.png", "media/images/BoundingBoxDebugger_299_ad48a88d77668864e76a.png", "media/images/BoundingBoxDebugger_299_37bb351f1dba40a9c33b.png", "media/images/BoundingBoxDebugger_299_773385666479deae4d44.png", "media/images/BoundingBoxDebugger_299_95eb6e8f97f408bebcd9.png", "media/images/BoundingBoxDebugger_299_484464574bd75927a534.png"], "captions": ["pic_DJI_0639_0001_11.jpg", "pic_DJI_0639_0003_21.jpg", "pic_DJI_0639_0006_11.jpg", "pic_DJI_0639_0008_21.jpg", "pic_DJI_0639_0011_11.jpg", "pic_DJI_0639_0013_21.jpg", "pic_DJI_0639_0016_11.jpg", "pic_DJI_0639_0018_21.jpg", "pic_DJI_0639_0021_11.jpg", "pic_DJI_0639_0023_21.jpg"], "all_boxes": [{"predictions": {"_type": "boxes2D", "sha256": "56e233034aadb1f7b80e596f8929c3efd5ca0105407a55981f73c9e704aded36", "size": 13409, "path": "media/metadata/boxes2D/BoundingBoxDebugger_299_56e233034aadb1f7b80e.boxes2D.json"}}, {"predictions": {"_type": "boxes2D", "sha256": "bbf14afd4739de35c71194893435e386034204f4796bc0f66e77bbced98ff951", "size": 11356, "path": "media/metadata/boxes2D/BoundingBoxDebugger_299_bbf14afd4739de35c711.boxes2D.json"}}, {"predictions": {"_type": "boxes2D", "sha256": "eabd22eebf38373e8203f43f990a06ff0a39bfe6c983674a56e1303af80f34e3", "size": 14335, "path": "media/metadata/boxes2D/BoundingBoxDebugger_299_eabd22eebf38373e8203.boxes2D.json"}}, {"predictions": {"_type": "boxes2D", "sha256": "f3181f18177de303cc3c909c306f235c0ef39626ce072f350fd7a526879857f0", "size": 15973, "path": "media/metadata/boxes2D/BoundingBoxDebugger_299_f3181f18177de303cc3c.boxes2D.json"}}, {"predictions": {"_type": "boxes2D", "sha256": "a0e9de909f5ca8f10c12719bbb20063d046a511b3c435725e2df5ad82a289bee", "size": 15040, "path": "media/metadata/boxes2D/BoundingBoxDebugger_299_a0e9de909f5ca8f10c12.boxes2D.json"}}, {"predictions": {"_type": "boxes2D", "sha256": "f95fffc601a39e7dbf636f92cdcdf7689a7dd9b1628b5aed8a3e8a12c149b2ec", "size": 16888, "path": "media/metadata/boxes2D/BoundingBoxDebugger_299_f95fffc601a39e7dbf63.boxes2D.json"}}, {"predictions": {"_type": "boxes2D", "sha256": "e00176d4883b14f0e97204a706d1e8773504504f3902f8de1f73b789bc64c399", "size": 23926, "path": "media/metadata/boxes2D/BoundingBoxDebugger_299_e00176d4883b14f0e972.boxes2D.json"}}, {"predictions": {"_type": "boxes2D", "sha256": "97052cdc6859a5864c1fd46dfd4b2343e4bdf3c11a75f20e642329e2605aa229", "size": 22197, "path": "media/metadata/boxes2D/BoundingBoxDebugger_299_97052cdc6859a5864c1f.boxes2D.json"}}, {"predictions": {"_type": "boxes2D", "sha256": "482ac365b308933d7c5d00504ff5dfe94a740c466ea211246c7a5aa4391bf89f", "size": 11049, "path": "media/metadata/boxes2D/BoundingBoxDebugger_299_482ac365b308933d7c5d.boxes2D.json"}}, {"predictions": {"_type": "boxes2D", "sha256": "59358532fd8a9b4df7bc49b091fff5d82e5d871d5eba5a1bf3cf75580fcca7e2", "size": 12961, "path": "media/metadata/boxes2D/BoundingBoxDebugger_299_59358532fd8a9b4df7bc.boxes2D.json"}}]}, "Validation": {"_type": "images/separated", "width": 2048, "height": 1180, "format": "jpg", "count": 4, "filenames": ["media/images/Validation_300_efe46ca1b778da62da1f.jpg", "media/images/Validation_300_9ff6a9a6ddf88edb950e.jpg", "media/images/Validation_300_a350f580adda42ffd899.jpg", "media/images/Validation_300_0bc1d6fba6bf2c6cd2c9.jpg"], "captions": ["val_batch0_labels.jpg", "val_batch0_pred.jpg", "val_batch1_labels.jpg", "val_batch1_pred.jpg"]}, "Results": {"_type": "images/separated", "width": 2400, "height": 1200, "format": "png", "count": 6, "filenames": ["media/images/Results_300_195d76b90d1478ee84a4.png", "media/images/Results_300_0826a317fba25e7bd8ea.png", "media/images/Results_300_e9ebb84fddb124104f98.png", "media/images/Results_300_9f5951755bfc8a38b813.png", "media/images/Results_300_653c9105b1cece485d2c.png", "media/images/Results_300_7e327a8a9841a03a7891.png"], "captions": ["results.png", "confusion_matrix.png", "F1_curve.png", "PR_curve.png", "P_curve.png", "R_curve.png"]}, "_wandb": {"runtime": 6977}}