{"Labels": {"_type": "images/separated", "width": 2000, "height": 2000, "format": "jpg", "count": 2, "filenames": ["media/images/Labels_0_4b500e98d43555814946.jpg", "media/images/Labels_0_d10c776670a76b3ce702.jpg"], "captions": ["labels_correlogram.jpg", "labels_xyls.jpg"]}, "Mosaics": {"_type": "images/separated", "width": 2048, "height": 2048, "format": "jpg", "count": 8, "filenames": ["media/images/Mosaics_0_d7751ce4ef53711a4e6b.jpg", "media/images/Mosaics_0_57f73b6918fb56b51990.jpg", "media/images/Mosaics_0_c560f65a8407f55fe152.jpg", "media/images/Mosaics_0_c12c72f95e5452c8c299.jpg", "media/images/Mosaics_0_cfa62953009dc8819aa1.jpg", "media/images/Mosaics_0_e2056d542968ae6bb0a4.jpg", "media/images/Mosaics_0_f5fcd885ef5ccd2b2f3c.jpg", "media/images/Mosaics_0_7e73aad7772164ff384d.jpg"], "captions": ["train_batch0.jpg", "train_batch1.jpg", "train_batch2.jpg", "train_batch3.jpg", "train_batch4.jpg", "train_batch5.jpg", "train_batch6.jpg", "train_batch7.jpg"]}, "train/box_loss": 0.06145934388041496, "train/obj_loss": 0.03398216888308525, "train/cls_loss": 0.016272014006972313, "train/theta_loss": 0.5713590979576111, "metrics/precision": 0.0, "metrics/recall": 0.0, "metrics/mAP_0.5": 0.0, "metrics/mAP_0.5:0.95": 0.0, "val/box_loss": 0.03975974768400192, "val/obj_loss": 0.025404425337910652, "val/cls_loss": 0.010088278912007809, "val/theta_loss": 0.44568681716918945, "x/lr0": 0.001589965127716466, "x/lr1": 0.001589965127716466, "x/lr2": 0.08568996512771647, "_timestamp": 1655024511, "_runtime": 178, "_step": 1, "_wandb": {"runtime": 253}}