{"box_data": [{"position": {"minX": 352.3939208984375, "minY": 213.72845458984375, "maxX": 822.6060791015625, "maxY": 581.7715454101562}, "class_id": 0, "box_caption": "rec 0.403", "scores": {"class_score": 0.402587890625}, "domain": "pixel"}, {"position": {"minX": 39.0, "minY": -254.5, "maxX": 1106.0, "maxY": 1049.5}, "class_id": 0, "box_caption": "rec 0.011", "scores": {"class_score": 0.0108184814453125}, "domain": "pixel"}], "class_labels": {"0": "rec", "1": "none"}}