{"box_data": [{"position": {"minX": 208.35809326171875, "minY": -2.67535400390625, "maxX": 789.6419067382812, "maxY": 581.1753540039062}, "class_id": 0, "box_caption": "rec 0.123", "scores": {"class_score": 0.12274169921875}, "domain": "pixel"}, {"position": {"minX": -141.59963989257812, "minY": -281.46014404296875, "maxX": 1124.099609375, "maxY": 942.4601440429688}, "class_id": 0, "box_caption": "rec 0.016", "scores": {"class_score": 0.0164031982421875}, "domain": "pixel"}], "class_labels": {"0": "rec", "1": "none"}}