{"box_data": [{"position": {"minX": 342.19476318359375, "minY": 195.96484375, "maxX": 835.8052368164062, "maxY": 595.03515625}, "class_id": 0, "box_caption": "rec 0.302", "scores": {"class_score": 0.302490234375}, "domain": "pixel"}, {"position": {"minX": -206.98681640625, "minY": -293.287109375, "maxX": 1392.98681640625, "maxY": 1135.787109375}, "class_id": 0, "box_caption": "rec 0.011", "scores": {"class_score": 0.01111602783203125}, "domain": "pixel"}], "class_labels": {"0": "rec", "1": "none"}}