{"box_data": [{"position": {"minX": 265.99835205078125, "minY": 133.66680908203125, "maxX": 728.5016479492188, "maxY": 450.83319091796875}, "class_id": 0, "box_caption": "rec 0.061", "scores": {"class_score": 0.06085205078125}, "domain": "pixel"}, {"position": {"minX": 437.11871337890625, "minY": 169.34976196289062, "maxX": 648.8812866210938, "maxY": 441.1502380371094}, "class_id": 0, "box_caption": "rec 0.013", "scores": {"class_score": 0.01312255859375}, "domain": "pixel"}], "class_labels": {"0": "rec", "1": "none"}}