{"box_data": [{"position": {"minX": 566.07470703125, "minY": -41.89190673828125, "maxX": 1149.92529296875, "maxY": 539.3919067382812}, "class_id": 0, "box_caption": "rec 0.332", "scores": {"class_score": 0.33203125}, "domain": "pixel"}, {"position": {"minX": 394.6719970703125, "minY": 173.9219970703125, "maxX": 977.3280029296875, "maxY": 756.5780029296875}, "class_id": 0, "box_caption": "rec 0.011", "scores": {"class_score": 0.01119232177734375}, "domain": "pixel"}], "class_labels": {"0": "rec", "1": "none"}}