{"box_data": [{"position": {"minX": 203.44891357421875, "minY": 168.5948486328125, "maxX": 721.0510864257812, "maxY": 738.9051513671875}, "class_id": 0, "box_caption": "rec 0.030", "scores": {"class_score": 0.0295867919921875}, "domain": "pixel"}, {"position": {"minX": 164.76495361328125, "minY": -96.05204772949219, "maxX": 691.7350463867188, "maxY": 478.80206298828125}, "class_id": 0, "box_caption": "rec 0.012", "scores": {"class_score": 0.01233673095703125}, "domain": "pixel"}], "class_labels": {"0": "rec", "1": "none"}}