{"box_data": [{"position": {"minX": 345.0103759765625, "minY": 58.034912109375, "maxX": 893.9896240234375, "maxY": 537.965087890625}, "class_id": 0, "box_caption": "rec 0.278", "scores": {"class_score": 0.277587890625}, "domain": "pixel"}, {"position": {"minX": -151.52505493164062, "minY": -132.90863037109375, "maxX": 434.0250549316406, "maxY": 427.40863037109375}, "class_id": 0, "box_caption": "rec 0.017", "scores": {"class_score": 0.0171661376953125}, "domain": "pixel"}, {"position": {"minX": -313.60693359375, "minY": -563.286865234375, "maxX": 1546.60693359375, "maxY": 1188.786865234375}, "class_id": 0, "box_caption": "rec 0.014", "scores": {"class_score": 0.01374053955078125}, "domain": "pixel"}], "class_labels": {"0": "rec", "1": "none"}}