{"box_data": [{"position": {"minX": 436.2130126953125, "minY": 78.48291015625, "maxX": 1022.7869873046875, "maxY": 639.51708984375}, "class_id": 0, "box_caption": "rec 0.434", "scores": {"class_score": 0.43408203125}, "domain": "pixel"}, {"position": {"minX": -35.877410888671875, "minY": -85.09994506835938, "maxX": 509.3774108886719, "maxY": 388.8499450683594}, "class_id": 0, "box_caption": "rec 0.158", "scores": {"class_score": 0.158203125}, "domain": "pixel"}, {"position": {"minX": -706.1527099609375, "minY": -764.1859130859375, "maxX": 1197.1527099609375, "maxY": 1048.1859130859375}, "class_id": 0, "box_caption": "rec 0.023", "scores": {"class_score": 0.022979736328125}, "domain": "pixel"}, {"position": {"minX": 172.062744140625, "minY": -73.91961669921875, "maxX": 756.437255859375, "maxY": 480.16961669921875}, "class_id": 0, "box_caption": "rec 0.014", "scores": {"class_score": 0.014495849609375}, "domain": "pixel"}], "class_labels": {"0": "rec", "1": "none"}}