{"box_data": [{"position": {"minX": 264.1439208984375, "minY": 251.47845458984375, "maxX": 734.3560791015625, "maxY": 619.5215454101562}, "class_id": 0, "box_caption": "rec 0.055", "scores": {"class_score": 0.05511474609375}, "domain": "pixel"}, {"position": {"minX": 81.3839111328125, "minY": 242.2032012939453, "maxX": 475.1160888671875, "maxY": 674.7968139648438}, "class_id": 0, "box_caption": "rec 0.027", "scores": {"class_score": 0.0272216796875}, "domain": "pixel"}, {"position": {"minX": -142.710693359375, "minY": 247.29737854003906, "maxX": 255.335693359375, "maxY": 729.20263671875}, "class_id": 0, "box_caption": "rec 0.019", "scores": {"class_score": 0.01934814453125}, "domain": "pixel"}, {"position": {"minX": 164.41827392578125, "minY": -222.8153076171875, "maxX": 807.5817260742188, "maxY": 1091.8153076171875}, "class_id": 0, "box_caption": "rec 0.012", "scores": {"class_score": 0.01214599609375}, "domain": "pixel"}], "class_labels": {"0": "rec", "1": "none"}}