{"box_data": [{"position": {"minX": 350.308349609375, "minY": 250.91583251953125, "maxX": 569.691650390625, "maxY": 688.0841674804688}, "class_id": 0, "box_caption": "rec 0.098", "scores": {"class_score": 0.09771728515625}, "domain": "pixel"}, {"position": {"minX": 382.291015625, "minY": 245.7625732421875, "maxX": 589.708984375, "maxY": 677.2373657226562}, "class_id": 0, "box_caption": "rec 0.053", "scores": {"class_score": 0.0531005859375}, "domain": "pixel"}, {"position": {"minX": 388.47344970703125, "minY": 219.59283447265625, "maxX": 590.026611328125, "maxY": 647.9071655273438}, "class_id": 0, "box_caption": "rec 0.028", "scores": {"class_score": 0.027740478515625}, "domain": "pixel"}, {"position": {"minX": -30.2547607421875, "minY": 15.3751220703125, "maxX": 951.2547607421875, "maxY": 915.6248779296875}, "class_id": 0, "box_caption": "rec 0.015", "scores": {"class_score": 0.014556884765625}, "domain": "pixel"}], "class_labels": {"0": "rec", "1": "none"}}