{"box_data": [{"position": {"minX": 391.6468505859375, "minY": 103.24560546875, "maxX": 977.3531494140625, "maxY": 681.25439453125}, "class_id": 0, "box_caption": "rec 0.477", "scores": {"class_score": 0.4765625}, "domain": "pixel"}, {"position": {"minX": 197.8651123046875, "minY": -93.3702392578125, "maxX": 1181.1348876953125, "maxY": 903.3702392578125}, "class_id": 0, "box_caption": "rec 0.143", "scores": {"class_score": 0.1429443359375}, "domain": "pixel"}, {"position": {"minX": 151.1199951171875, "minY": -143.856201171875, "maxX": 1169.8800048828125, "maxY": 956.856201171875}, "class_id": 0, "box_caption": "rec 0.025", "scores": {"class_score": 0.0253753662109375}, "domain": "pixel"}], "class_labels": {"0": "rec", "1": "none"}}