{"box_data": [{"position": {"minX": 120.8245849609375, "minY": 136.6124267578125, "maxX": 690.1754150390625, "maxY": 723.8875732421875}, "class_id": 0, "box_caption": "rec 0.576", "scores": {"class_score": 0.57568359375}, "domain": "pixel"}, {"position": {"minX": -536.5665283203125, "minY": -561.517333984375, "maxX": 1409.5665283203125, "maxY": 1417.017333984375}, "class_id": 0, "box_caption": "rec 0.021", "scores": {"class_score": 0.0211181640625}, "domain": "pixel"}], "class_labels": {"0": "rec", "1": "none"}}