{"box_data": [{"position": {"minX": 118.597900390625, "minY": 134.916259765625, "maxX": 684.902099609375, "maxY": 710.083740234375}, "class_id": 0, "box_caption": "rec 0.567", "scores": {"class_score": 0.56689453125}, "domain": "pixel"}, {"position": {"minX": -83.50958251953125, "minY": -62.12664794921875, "maxX": 894.0095825195312, "maxY": 905.1266479492188}, "class_id": 0, "box_caption": "rec 0.477", "scores": {"class_score": 0.4765625}, "domain": "pixel"}], "class_labels": {"0": "rec", "1": "none"}}