{"box_data": [{"position": {"minX": 213.508544921875, "minY": 18.04046630859375, "maxX": 799.491455078125, "maxY": 575.95947265625}, "class_id": 0, "box_caption": "rec 0.278", "scores": {"class_score": 0.2783203125}, "domain": "pixel"}, {"position": {"minX": -457.5557861328125, "minY": -654.4404296875, "maxX": 1508.555908203125, "maxY": 1260.9404296875}, "class_id": 0, "box_caption": "rec 0.018", "scores": {"class_score": 0.017852783203125}, "domain": "pixel"}], "class_labels": {"0": "rec", "1": "none"}}