{"box_data": [{"position": {"minX": 328.64569091796875, "minY": 75.69793701171875, "maxX": 857.3543090820312, "maxY": 524.3020629882812}, "class_id": 0, "box_caption": "rec 0.035", "scores": {"class_score": 0.034576416015625}, "domain": "pixel"}, {"position": {"minX": 148.4534912109375, "minY": -392.88897705078125, "maxX": 1023.5465087890625, "maxY": 1008.8889770507812}, "class_id": 0, "box_caption": "rec 0.014", "scores": {"class_score": 0.01374053955078125}, "domain": "pixel"}], "class_labels": {"0": "rec", "1": "none"}}