{"box_data": [{"position": {"minX": 304.3245849609375, "minY": 40.3624267578125, "maxX": 873.6754150390625, "maxY": 627.6375732421875}, "class_id": 0, "box_caption": "rec 0.911", "scores": {"class_score": 0.91064453125}, "domain": "pixel"}, {"position": {"minX": -381.99072265625, "minY": -664.013916015625, "maxX": 1580.99072265625, "maxY": 1317.513916015625}, "class_id": 0, "box_caption": "rec 0.090", "scores": {"class_score": 0.089599609375}, "domain": "pixel"}], "class_labels": {"0": "rec", "1": "none"}}