{"box_data": [{"position": {"minX": 356.6474914550781, "minY": 90.37313842773438, "maxX": 753.3525390625, "maxY": 396.1268615722656}, "class_id": 0, "box_caption": "rec 0.199", "scores": {"class_score": 0.1993408203125}, "domain": "pixel"}, {"position": {"minX": 146.64215087890625, "minY": -444.11700439453125, "maxX": 974.3578491210938, "maxY": 942.6170043945312}, "class_id": 0, "box_caption": "rec 0.122", "scores": {"class_score": 0.122314453125}, "domain": "pixel"}], "class_labels": {"0": "rec", "1": "none"}}