{"box_data": [{"position": {"minX": 279.7066650390625, "minY": 26.963623046875, "maxX": 789.2933349609375, "maxY": 448.036376953125}, "class_id": 0, "box_caption": "rec 0.093", "scores": {"class_score": 0.09332275390625}, "domain": "pixel"}, {"position": {"minX": 151.3931884765625, "minY": -432.5072021484375, "maxX": 870.1068115234375, "maxY": 930.5072021484375}, "class_id": 0, "box_caption": "rec 0.015", "scores": {"class_score": 0.01512908935546875}, "domain": "pixel"}], "class_labels": {"0": "rec", "1": "none"}}