{"box_data": [{"position": {"minX": 185.0103759765625, "minY": 26.784912109375, "maxX": 733.9896240234375, "maxY": 506.715087890625}, "class_id": 0, "box_caption": "rec 0.794", "scores": {"class_score": 0.79443359375}, "domain": "pixel"}, {"position": {"minX": -425.3772888183594, "minY": -572.6019287109375, "maxX": 1409.8773193359375, "maxY": 1146.1019287109375}, "class_id": 0, "box_caption": "rec 0.066", "scores": {"class_score": 0.06610107421875}, "domain": "pixel"}], "class_labels": {"0": "rec", "1": "none"}}