{"box_data": [{"position": {"minX": 142.98291015625, "minY": 109.46295166015625, "maxX": 704.01708984375, "maxY": 696.0369873046875}, "class_id": 0, "box_caption": "rec 0.498", "scores": {"class_score": 0.498046875}, "domain": "pixel"}, {"position": {"minX": -80.7259521484375, "minY": -76.54949951171875, "maxX": 922.2259521484375, "maxY": 883.5494384765625}, "class_id": 0, "box_caption": "rec 0.106", "scores": {"class_score": 0.1055908203125}, "domain": "pixel"}], "class_labels": {"0": "rec", "1": "none"}}