{"box_data": [{"position": {"minX": 264.572998046875, "minY": -51.360015869140625, "maxX": 839.427001953125, "maxY": 475.6100158691406}, "class_id": 0, "box_caption": "rec 0.855", "scores": {"class_score": 0.85546875}, "domain": "pixel"}, {"position": {"minX": -415.5557861328125, "minY": -766.4404296875, "maxX": 1550.555908203125, "maxY": 1148.9404296875}, "class_id": 0, "box_caption": "rec 0.205", "scores": {"class_score": 0.2049560546875}, "domain": "pixel"}, {"position": {"minX": -75.175537109375, "minY": -54.270050048828125, "maxX": 491.175537109375, "maxY": 461.0200500488281}, "class_id": 0, "box_caption": "rec 0.022", "scores": {"class_score": 0.021636962890625}, "domain": "pixel"}], "class_labels": {"0": "rec", "1": "none"}}