{"box_data": [{"position": {"minX": 422.5, "minY": 221.0, "maxX": 752.5, "maxY": 581.0}, "class_id": 0, "box_caption": "rec 0.153", "scores": {"class_score": 0.153076171875}, "domain": "pixel"}, {"position": {"minX": 546.0264892578125, "minY": 263.8612060546875, "maxX": 666.9735107421875, "maxY": 511.6387939453125}, "class_id": 0, "box_caption": "rec 0.035", "scores": {"class_score": 0.035003662109375}, "domain": "pixel"}, {"position": {"minX": 307.75, "minY": 2.5, "maxX": 879.25, "maxY": 794.5}, "class_id": 0, "box_caption": "rec 0.021", "scores": {"class_score": 0.0212860107421875}, "domain": "pixel"}], "class_labels": {"0": "rec", "1": "none"}}