{"box_data": [{"position": {"minX": 548.0067138671875, "minY": -23.2392578125, "maxX": 1134.9931640625, "maxY": 540.7392578125}, "class_id": 0, "box_caption": "rec 0.409", "scores": {"class_score": 0.4091796875}, "domain": "pixel"}, {"position": {"minX": 329.5067138671875, "minY": 214.5107421875, "maxX": 916.4932861328125, "maxY": 778.4892578125}, "class_id": 0, "box_caption": "rec 0.018", "scores": {"class_score": 0.01812744140625}, "domain": "pixel"}], "class_labels": {"0": "rec", "1": "none"}}