{"box_data": [{"position": {"minX": 249.56820678710938, "minY": -48.70697021484375, "maxX": 826.4317626953125, "maxY": 482.70697021484375}, "class_id": 0, "box_caption": "rec 0.183", "scores": {"class_score": 0.1829833984375}, "domain": "pixel"}, {"position": {"minX": -216.795654296875, "minY": -611.1860961914062, "maxX": 1267.795654296875, "maxY": 1005.9360961914062}, "class_id": 0, "box_caption": "rec 0.015", "scores": {"class_score": 0.01450347900390625}, "domain": "pixel"}], "class_labels": {"0": "rec", "1": "none"}}