{"box_data": [{"position": {"minX": 305.2928466796875, "minY": 27.0679931640625, "maxX": 809.7071533203125, "maxY": 440.9320068359375}, "class_id": 0, "box_caption": "rec 0.274", "scores": {"class_score": 0.273681640625}, "domain": "pixel"}, {"position": {"minX": -251.898193359375, "minY": -447.0545654296875, "maxX": 1387.898193359375, "maxY": 1029.0545654296875}, "class_id": 0, "box_caption": "rec 0.010", "scores": {"class_score": 0.010406494140625}, "domain": "pixel"}], "class_labels": {"0": "rec", "1": "none"}}