{"box_data": [{"position": {"minX": 308.9100341796875, "minY": 3.86737060546875, "maxX": 860.0899658203125, "maxY": 588.1326293945312}, "class_id": 0, "box_caption": "rec 0.278", "scores": {"class_score": 0.277587890625}, "domain": "pixel"}, {"position": {"minX": -344.5888671875, "minY": -664.744140625, "maxX": 1528.5888671875, "maxY": 1254.244140625}, "class_id": 0, "box_caption": "rec 0.079", "scores": {"class_score": 0.07891845703125}, "domain": "pixel"}], "class_labels": {"0": "rec", "1": "none"}}