{"box_data": [{"position": {"minX": 278.69476318359375, "minY": 233.21484375, "maxX": 772.3052368164062, "maxY": 632.28515625}, "class_id": 0, "box_caption": "rec 0.271", "scores": {"class_score": 0.271240234375}, "domain": "pixel"}, {"position": {"minX": -269.48681640625, "minY": -262.287109375, "maxX": 1330.48681640625, "maxY": 1166.787109375}, "class_id": 0, "box_caption": "rec 0.021", "scores": {"class_score": 0.0211181640625}, "domain": "pixel"}], "class_labels": {"0": "rec", "1": "none"}}