{"box_data": [{"position": {"minX": 210.72235107421875, "minY": 2.396728515625, "maxX": 782.7776489257812, "maxY": 580.103271484375}, "class_id": 0, "box_caption": "rec 0.733", "scores": {"class_score": 0.7333984375}, "domain": "pixel"}, {"position": {"minX": 16.09393310546875, "minY": -184.94000244140625, "maxX": 984.4060668945312, "maxY": 772.4400024414062}, "class_id": 0, "box_caption": "rec 0.382", "scores": {"class_score": 0.382080078125}, "domain": "pixel"}], "class_labels": {"0": "rec", "1": "none"}}