{"box_data": [{"position": {"minX": 149.48291015625, "minY": 115.71295166015625, "maxX": 710.51708984375, "maxY": 702.2869873046875}, "class_id": 0, "box_caption": "rec 0.231", "scores": {"class_score": 0.23095703125}, "domain": "pixel"}, {"position": {"minX": -551.863525390625, "minY": -582.01611328125, "maxX": 1386.863525390625, "maxY": 1393.51611328125}, "class_id": 0, "box_caption": "rec 0.039", "scores": {"class_score": 0.038909912109375}, "domain": "pixel"}], "class_labels": {"0": "rec", "1": "none"}}