{"box_data": [{"position": {"minX": 385.3624572753906, "minY": 100.8245849609375, "maxX": 972.6375732421875, "maxY": 670.1754150390625}, "class_id": 0, "box_caption": "rec 0.646", "scores": {"class_score": 0.64599609375}, "domain": "pixel"}, {"position": {"minX": -327.2626953125, "minY": -593.4669189453125, "maxX": 1646.2626953125, "maxY": 1338.4669189453125}, "class_id": 0, "box_caption": "rec 0.022", "scores": {"class_score": 0.022369384765625}, "domain": "pixel"}], "class_labels": {"0": "rec", "1": "none"}}