{"box_data": [{"position": {"minX": 225.20947265625, "minY": -152.53192138671875, "maxX": 1019.79052734375, "maxY": 774.0319213867188}, "class_id": 0, "box_caption": "rec 0.164", "scores": {"class_score": 0.164306640625}, "domain": "pixel"}, {"position": {"minX": 366.37384033203125, "minY": 129.90725708007812, "maxX": 870.6261596679688, "maxY": 490.0927429199219}, "class_id": 0, "box_caption": "rec 0.159", "scores": {"class_score": 0.15869140625}, "domain": "pixel"}, {"position": {"minX": 442.68951416015625, "minY": 224.90115356445312, "maxX": 855.3104858398438, "maxY": 435.5988464355469}, "class_id": 0, "box_caption": "rec 0.010", "scores": {"class_score": 0.010467529296875}, "domain": "pixel"}], "class_labels": {"0": "rec", "1": "none"}}