{"box_data": [{"position": {"minX": 210.84576416015625, "minY": 77.73165893554688, "maxX": 725.6542358398438, "maxY": 486.2683410644531}, "class_id": 0, "box_caption": "rec 0.718", "scores": {"class_score": 0.7177734375}, "domain": "pixel"}, {"position": {"minX": 58.55706787109375, "minY": -175.6185302734375, "maxX": 883.4429931640625, "maxY": 766.1185302734375}, "class_id": 0, "box_caption": "rec 0.264", "scores": {"class_score": 0.263671875}, "domain": "pixel"}], "class_labels": {"0": "rec", "1": "none"}}