{"box_data": [{"position": {"minX": 149.9100341796875, "minY": 104.61737060546875, "maxX": 701.0899658203125, "maxY": 688.8826293945312}, "class_id": 0, "box_caption": "rec 0.693", "scores": {"class_score": 0.69287109375}, "domain": "pixel"}, {"position": {"minX": -522.9971923828125, "minY": -602.6513671875, "maxX": 1373.4970703125, "maxY": 1353.6513671875}, "class_id": 0, "box_caption": "rec 0.034", "scores": {"class_score": 0.033782958984375}, "domain": "pixel"}], "class_labels": {"0": "rec", "1": "none"}}