{"box_data": [{"position": {"minX": 249.56820678710938, "minY": -32.70697021484375, "maxX": 826.4317626953125, "maxY": 498.70697021484375}, "class_id": 0, "box_caption": "rec 0.374", "scores": {"class_score": 0.373779296875}, "domain": "pixel"}, {"position": {"minX": 67.4532470703125, "minY": -262.5986328125, "maxX": 978.5467529296875, "maxY": 724.0986328125}, "class_id": 0, "box_caption": "rec 0.270", "scores": {"class_score": 0.269775390625}, "domain": "pixel"}], "class_labels": {"0": "rec", "1": "none"}}