{"box_data": [{"position": {"minX": 196.0103759765625, "minY": 38.284912109375, "maxX": 744.9896240234375, "maxY": 518.215087890625}, "class_id": 0, "box_caption": "rec 0.724", "scores": {"class_score": 0.72412109375}, "domain": "pixel"}, {"position": {"minX": -236.60610961914062, "minY": -516.0609130859375, "maxX": 1185.1060791015625, "maxY": 1049.0609130859375}, "class_id": 0, "box_caption": "rec 0.088", "scores": {"class_score": 0.08819580078125}, "domain": "pixel"}], "class_labels": {"0": "rec", "1": "none"}}