{"box_data": [{"position": {"minX": 353.455810546875, "minY": 89.98544311523438, "maxX": 852.544189453125, "maxY": 496.5145568847656}, "class_id": 0, "box_caption": "rec 0.334", "scores": {"class_score": 0.333740234375}, "domain": "pixel"}, {"position": {"minX": -141.8453369140625, "minY": -415.5755615234375, "maxX": 1376.8453369140625, "maxY": 1026.5755615234375}, "class_id": 0, "box_caption": "rec 0.013", "scores": {"class_score": 0.012725830078125}, "domain": "pixel"}], "class_labels": {"0": "rec", "1": "none"}}