{"box_data": [{"position": {"minX": 206.14459228515625, "minY": 22.72369384765625, "maxX": 787.8554077148438, "maxY": 566.2763061523438}, "class_id": 0, "box_caption": "rec 0.306", "scores": {"class_score": 0.3056640625}, "domain": "pixel"}, {"position": {"minX": 257.0516357421875, "minY": -63.946044921875, "maxX": 747.4483642578125, "maxY": 676.446044921875}, "class_id": 0, "box_caption": "rec 0.089", "scores": {"class_score": 0.08929443359375}, "domain": "pixel"}, {"position": {"minX": 400.94097900390625, "minY": 161.65740966796875, "maxX": 611.0590209960938, "maxY": 423.84259033203125}, "class_id": 0, "box_caption": "rec 0.023", "scores": {"class_score": 0.02276611328125}, "domain": "pixel"}, {"position": {"minX": 220.0794677734375, "minY": -86.30389404296875, "maxX": 712.4205322265625, "maxY": 643.3038940429688}, "class_id": 0, "box_caption": "rec 0.012", "scores": {"class_score": 0.01158905029296875}, "domain": "pixel"}], "class_labels": {"0": "rec", "1": "none"}}