{"box_data": [{"position": {"minX": 83.93682861328125, "minY": -222.685791015625, "maxX": 970.0631713867188, "maxY": 1096.185791015625}, "class_id": 0, "box_caption": "rec 0.133", "scores": {"class_score": 0.1334228515625}, "domain": "pixel"}, {"position": {"minX": 337.761474609375, "minY": 254.8314208984375, "maxX": 710.238525390625, "maxY": 621.1685791015625}, "class_id": 0, "box_caption": "rec 0.074", "scores": {"class_score": 0.0743408203125}, "domain": "pixel"}], "class_labels": {"0": "rec", "1": "none"}}