{"box_data": [{"position": {"minX": 98.196533203125, "minY": 100.06671142578125, "maxX": 674.303466796875, "maxY": 686.4332275390625}, "class_id": 0, "box_caption": "rec 0.231", "scores": {"class_score": 0.23095703125}, "domain": "pixel"}, {"position": {"minX": -248.741455078125, "minY": -185.271728515625, "maxX": 1014.741455078125, "maxY": 1036.271728515625}, "class_id": 0, "box_caption": "rec 0.035", "scores": {"class_score": 0.0352783203125}, "domain": "pixel"}], "class_labels": {"0": "rec", "1": "none"}}