{"box_data": [{"position": {"minX": 308.6153869628906, "minY": 32.08209228515625, "maxX": 852.3846435546875, "maxY": 613.9178466796875}, "class_id": 0, "box_caption": "rec 0.738", "scores": {"class_score": 0.73779296875}, "domain": "pixel"}, {"position": {"minX": 102.42892456054688, "minY": -122.23956298828125, "maxX": 1064.571044921875, "maxY": 752.2395629882812}, "class_id": 0, "box_caption": "rec 0.625", "scores": {"class_score": 0.62451171875}, "domain": "pixel"}, {"position": {"minX": -23.2335205078125, "minY": -159.4151611328125, "maxX": 1226.2335205078125, "maxY": 731.4151611328125}, "class_id": 0, "box_caption": "rec 0.130", "scores": {"class_score": 0.1298828125}, "domain": "pixel"}], "class_labels": {"0": "rec", "1": "none"}}