{"box_data": [{"position": {"minX": 339.455810546875, "minY": 100.48544311523438, "maxX": 838.544189453125, "maxY": 507.0145568847656}, "class_id": 0, "box_caption": "rec 0.560", "scores": {"class_score": 0.56005859375}, "domain": "pixel"}, {"position": {"minX": -218.56591796875, "minY": -405.656494140625, "maxX": 1401.56591796875, "maxY": 1047.156494140625}, "class_id": 0, "box_caption": "rec 0.037", "scores": {"class_score": 0.036895751953125}, "domain": "pixel"}], "class_labels": {"0": "rec", "1": "none"}}