{"Labels": {"_type": "images/separated", "width": 2000, "height": 2000, "format": "jpg", "count": 2, "filenames": ["media/images/Labels_0_1871f558a910a7614057.jpg", "media/images/Labels_0_e744f27576dc785b1437.jpg"], "captions": ["labels_correlogram.jpg", "labels_xyls.jpg"]}, "Mosaics": {"_type": "images/separated", "width": 2048, "height": 2048, "format": "jpg", "count": 8, "filenames": ["media/images/Mosaics_0_0255079bb9e548997c9e.jpg", "media/images/Mosaics_0_70c9e35df26faf7cef61.jpg", "media/images/Mosaics_0_4c8bbaec5ca464565aac.jpg", "media/images/Mosaics_0_1890a3c8514524149cbb.jpg", "media/images/Mosaics_0_a6a6df50e72ee19641fe.jpg", "media/images/Mosaics_0_8b42ac799817d5f4e0b3.jpg", "media/images/Mosaics_0_ac63f86f20be07922dd4.jpg", "media/images/Mosaics_0_f512caaa74c7303f5097.jpg"], "captions": ["train_batch0.jpg", "train_batch1.jpg", "train_batch2.jpg", "train_batch3.jpg", "train_batch4.jpg", "train_batch5.jpg", "train_batch6.jpg", "train_batch7.jpg"]}, "train/box_loss": 0.0691966786980629, "train/obj_loss": 0.41869235038757324, "train/cls_loss": 5.8975616411771625e-05, "train/theta_loss": 0.1058836504817009, "metrics/precision": 0.8905946282833191, "metrics/recall": 0.8350730688935282, "metrics/mAP_0.5": 0.9004700377061948, "metrics/mAP_0.5:0.95": 0.5185620193067492, "val/box_loss": 0.05328059569001198, "val/obj_loss": 0.4280524253845215, "val/cls_loss": 5.403788236435503e-05, "val/theta_loss": 0.09877485036849976, "x/lr0": 0.002000877266100618, "x/lr1": 0.002000877266100618, "x/lr2": 0.002000877266100618, "_timestamp": 1666609390, "_runtime": 6959, "_step": 300, "BoundingBoxDebugger": {"_type": "images/separated", "width": 1056, "height": 608, "format": "png", "count": 10, "filenames": ["media/images/BoundingBoxDebugger_299_600e9b46b753262c6aa3.png", "media/images/BoundingBoxDebugger_299_ea54ad607f6bc369214a.png", "media/images/BoundingBoxDebugger_299_6f5e466cd506c6abb1f0.png", "media/images/BoundingBoxDebugger_299_916b8e914349bdfb4c44.png", "media/images/BoundingBoxDebugger_299_5831095e8e3213b27317.png", "media/images/BoundingBoxDebugger_299_ad48a88d77668864e76a.png", "media/images/BoundingBoxDebugger_299_37bb351f1dba40a9c33b.png", "media/images/BoundingBoxDebugger_299_773385666479deae4d44.png", "media/images/BoundingBoxDebugger_299_95eb6e8f97f408bebcd9.png", "media/images/BoundingBoxDebugger_299_484464574bd75927a534.png"], "captions": ["pic_DJI_0639_0001_11.jpg", "pic_DJI_0639_0003_21.jpg", "pic_DJI_0639_0006_11.jpg", "pic_DJI_0639_0008_21.jpg", "pic_DJI_0639_0011_11.jpg", "pic_DJI_0639_0013_21.jpg", "pic_DJI_0639_0016_11.jpg", "pic_DJI_0639_0018_21.jpg", "pic_DJI_0639_0021_11.jpg", "pic_DJI_0639_0023_21.jpg"], "all_boxes": [{"predictions": {"_type": "boxes2D", "sha256": "5dbeb71c84c932f4df9cd5eadedd4dae8475a828793158396f19af26865f340b", "size": 19595, "path": "media/metadata/boxes2D/BoundingBoxDebugger_299_5dbeb71c84c932f4df9c.boxes2D.json"}}, {"predictions": {"_type": "boxes2D", "sha256": "72157ae1afb5b436a1a1ae51d541d62ddf4f16bc60c5060fdd00f541d80915a5", "size": 12077, "path": "media/metadata/boxes2D/BoundingBoxDebugger_299_72157ae1afb5b436a1a1.boxes2D.json"}}, {"predictions": {"_type": "boxes2D", "sha256": "e52b7d78e1479713661e7b307f5874139fd365b7607e3a1ada698498125b9444", "size": 14523, "path": "media/metadata/boxes2D/BoundingBoxDebugger_299_e52b7d78e1479713661e.boxes2D.json"}}, {"predictions": {"_type": "boxes2D", "sha256": "19553dbf953fa686e20b0796f6da55eb316144990b684b03551daba3138d6e1d", "size": 21844, "path": "media/metadata/boxes2D/BoundingBoxDebugger_299_19553dbf953fa686e20b.boxes2D.json"}}, {"predictions": {"_type": "boxes2D", "sha256": "526b0c8bba61c4c9a8afd3f8f7f6ec87ba571e2079b945e2fb516a62fffdfc46", "size": 18939, "path": "media/metadata/boxes2D/BoundingBoxDebugger_299_526b0c8bba61c4c9a8af.boxes2D.json"}}, {"predictions": {"_type": "boxes2D", "sha256": "cd84b182af6737214bf1e707c94e8e2345861d36da0b83cf766c0d56dc7c9d49", "size": 21821, "path": "media/metadata/boxes2D/BoundingBoxDebugger_299_cd84b182af6737214bf1.boxes2D.json"}}, {"predictions": {"_type": "boxes2D", "sha256": "013512b98f0294dfc6d5ae1b784b5c41755e8a3655e520ebae3915b1d1965895", "size": 32391, "path": "media/metadata/boxes2D/BoundingBoxDebugger_299_013512b98f0294dfc6d5.boxes2D.json"}}, {"predictions": {"_type": "boxes2D", "sha256": "3a14cc6a7c5f345b73e2a0217d98b8c808f80398872b53de8ebb5c54982335e8", "size": 29588, "path": "media/metadata/boxes2D/BoundingBoxDebugger_299_3a14cc6a7c5f345b73e2.boxes2D.json"}}, {"predictions": {"_type": "boxes2D", "sha256": "8288520d32204dc3b75fb7c80944811fce2a4b9c73d596be9cc484882094e74c", "size": 16241, "path": "media/metadata/boxes2D/BoundingBoxDebugger_299_8288520d32204dc3b75f.boxes2D.json"}}, {"predictions": {"_type": "boxes2D", "sha256": "21ed46444bac4b647aec3c6f978d9289e14a1a50f5cd9330bcea09a8296d0299", "size": 19748, "path": "media/metadata/boxes2D/BoundingBoxDebugger_299_21ed46444bac4b647aec.boxes2D.json"}}]}, "Validation": {"_type": "images/separated", "width": 2048, "height": 1180, "format": "jpg", "count": 4, "filenames": ["media/images/Validation_300_efe46ca1b778da62da1f.jpg", "media/images/Validation_300_b9189d8bdf40a85a7c98.jpg", "media/images/Validation_300_a350f580adda42ffd899.jpg", "media/images/Validation_300_8ed8f84a452a96468c30.jpg"], "captions": ["val_batch0_labels.jpg", "val_batch0_pred.jpg", "val_batch1_labels.jpg", "val_batch1_pred.jpg"]}, "Results": {"_type": "images/separated", "width": 2400, "height": 1200, "format": "png", "count": 6, "filenames": ["media/images/Results_300_764ba72f7cdd3b516654.png", "media/images/Results_300_c97d6dcd37ac3d0d37d3.png", "media/images/Results_300_d470610c76c7f7d254a4.png", "media/images/Results_300_91bc6624f8f4a9c91ab8.png", "media/images/Results_300_22b9e428b87be04f6cd8.png", "media/images/Results_300_9381ba0d3bdadd52d765.png"], "captions": ["results.png", "confusion_matrix.png", "F1_curve.png", "PR_curve.png", "P_curve.png", "R_curve.png"]}, "_wandb": {"runtime": 6959}}