{"Labels": {"_type": "images/separated", "width": 2000, "height": 2000, "format": "jpg", "count": 2, "filenames": ["media/images/Labels_0_4b500e98d43555814946.jpg", "media/images/Labels_0_7d6654e24251b9efe679.jpg"], "captions": ["labels_correlogram.jpg", "labels_xyls.jpg"]}, "Mosaics": {"_type": "images/separated", "width": 2048, "height": 2048, "format": "jpg", "count": 8, "filenames": ["media/images/Mosaics_0_ebadcb27199b92933500.jpg", "media/images/Mosaics_0_d78c9aefb45902bb92b3.jpg", "media/images/Mosaics_0_3dfc99cd4061cc82bab3.jpg", "media/images/Mosaics_0_a0f4b3dec2ea5d8e283c.jpg", "media/images/Mosaics_0_38ae13ae1d2046ac8e34.jpg", "media/images/Mosaics_0_cf0827344c35f8a04f88.jpg", "media/images/Mosaics_0_b153894861e4ab8c5886.jpg", "media/images/Mosaics_0_cbf510cb635fa8cf27a5.jpg"], "captions": ["train_batch0.jpg", "train_batch1.jpg", "train_batch2.jpg", "train_batch3.jpg", "train_batch4.jpg", "train_batch5.jpg", "train_batch6.jpg", "train_batch7.jpg"]}, "train/box_loss": 0.09817753732204437, "train/obj_loss": 0.00711972638964653, "train/cls_loss": 0.0, "train/theta_loss": 0.2760297954082489, "metrics/precision": 0.4146286989424245, "metrics/recall": 0.16666666666666666, "metrics/mAP_0.5": 0.13229846686214913, "metrics/mAP_0.5:0.95": 0.03223729900683905, "val/box_loss": 0.08814327418804169, "val/obj_loss": 0.007745727431029081, "val/cls_loss": 0.0, "val/theta_loss": 0.4660075902938843, "x/lr0": 0.0017544233739206884, "x/lr1": 0.0017544233739206884, "x/lr2": 0.021854423373920698, "BoundingBoxDebugger": {"_type": "images/separated", "width": 1056, "height": 608, "format": "png", "count": 16, "filenames": ["media/images/BoundingBoxDebugger_9_31c0994edb7a361c368e.png", "media/images/BoundingBoxDebugger_9_5f4ff95326d72d680d96.png", "media/images/BoundingBoxDebugger_9_670349dff659451d7229.png", "media/images/BoundingBoxDebugger_9_6d6891b1280a582062df.png", "media/images/BoundingBoxDebugger_9_d9762826e5d403a01ba7.png", "media/images/BoundingBoxDebugger_9_0fcbfa80d167e760d9a5.png", "media/images/BoundingBoxDebugger_9_68cca57edfc098d17c49.png", "media/images/BoundingBoxDebugger_9_188cd181fcdb37de1005.png", "media/images/BoundingBoxDebugger_9_3cbfcd227e5189d92135.png", "media/images/BoundingBoxDebugger_9_81493324c3b917f77cfb.png", "media/images/BoundingBoxDebugger_9_0476f2d7089035f39f85.png", "media/images/BoundingBoxDebugger_9_1b313b43d00d55dd6833.png", "media/images/BoundingBoxDebugger_9_889e3824d00db04db521.png", "media/images/BoundingBoxDebugger_9_8b211fa871c97f20bebc.png", "media/images/BoundingBoxDebugger_9_f1b99d99b633ddc56851.png", "media/images/BoundingBoxDebugger_9_840cc8d0f717e8e4270e.png"], "captions": ["1.jpg", "71.jpg", "41.jpg", "31.jpg", "21.jpg", "91.jpg", "101.jpg", "11.jpg", "111.jpg", "121.jpg", "141.jpg", "131.jpg", "171.jpg", "281.jpg", "271.jpg", "161.jpg"], "all_boxes": [{"predictions": {"_type": "boxes2D", "sha256": "0c5d63c3e2058c902e31e8529403e6b718b61444890da3ac9784c673e8a38bae", "size": 4414, "path": "media/metadata/boxes2D/BoundingBoxDebugger_9_0c5d63c3e2058c902e31.boxes2D.json"}}, {"predictions": {"_type": "boxes2D", "sha256": "15fdc786417415a947fee75d994373a6fd76bde36b8dcfad26e240a600402592", "size": 2354, "path": "media/metadata/boxes2D/BoundingBoxDebugger_9_15fdc786417415a947fe.boxes2D.json"}}, {"predictions": {"_type": "boxes2D", "sha256": "4f1e59f964f71c7edd99ebfa5a37fe22bb96d8eb3a4ff8c3f1cb66f07ee0ad8b", "size": 724, "path": "media/metadata/boxes2D/BoundingBoxDebugger_9_4f1e59f964f71c7edd99.boxes2D.json"}}, {"predictions": {"_type": "boxes2D", "sha256": "1bfaca4ce298cfa9fd3de858d418f6792e56b558734eebe6bbfafa9ced40161e", "size": 975, "path": "media/metadata/boxes2D/BoundingBoxDebugger_9_1bfaca4ce298cfa9fd3d.boxes2D.json"}}, {"predictions": {"_type": "boxes2D", "sha256": "978c41ed76a04f2298766c0f79e32fc44697fd03030d0d979157824ebdd8b5d4", "size": 3483, "path": "media/metadata/boxes2D/BoundingBoxDebugger_9_978c41ed76a04f229876.boxes2D.json"}}, {"predictions": {"_type": "boxes2D", "sha256": "72f67a337f6a8f412a4f9a2d72ce52755dda60c870001bf6281100feee56bfe8", "size": 2128, "path": "media/metadata/boxes2D/BoundingBoxDebugger_9_72f67a337f6a8f412a4f.boxes2D.json"}}, {"predictions": {"_type": "boxes2D", "sha256": "415108372d4f8f74e479fcd3e62a8b349300563be0899d9823b6b372d866944c", "size": 2129, "path": "media/metadata/boxes2D/BoundingBoxDebugger_9_415108372d4f8f74e479.boxes2D.json"}}, {"predictions": {"_type": "boxes2D", "sha256": "48722a42befb09e4b8a5ec9cd90391c2f5c03ce42e506fc0f11d37a0d372682d", "size": 5350, "path": "media/metadata/boxes2D/BoundingBoxDebugger_9_48722a42befb09e4b8a5.boxes2D.json"}}, {"predictions": {"_type": "boxes2D", "sha256": "5cfa3fb9c75b589504dcf52225b9a2ddc33a48c8ff6ede3891a1918d827b4ea0", "size": 1888, "path": "media/metadata/boxes2D/BoundingBoxDebugger_9_5cfa3fb9c75b589504dc.boxes2D.json"}}, {"predictions": {"_type": "boxes2D", "sha256": "b74fb2f1a2e62c123685a7b020f84a96461ea2918a34e33c5db5b186fd3aa481", "size": 2373, "path": "media/metadata/boxes2D/BoundingBoxDebugger_9_b74fb2f1a2e62c123685.boxes2D.json"}}, {"predictions": {"_type": "boxes2D", "sha256": "2d083c4caffcbc422f731fea19a0729463df2ea31d4038a66518e68aed6ca44a", "size": 1190, "path": "media/metadata/boxes2D/BoundingBoxDebugger_9_2d083c4caffcbc422f73.boxes2D.json"}}, {"predictions": {"_type": "boxes2D", "sha256": "7302b47e2a25341b9da07ca47c9e978d01a3cb71df662c82e7912d6c4a2b53ec", "size": 2344, "path": "media/metadata/boxes2D/BoundingBoxDebugger_9_7302b47e2a25341b9da0.boxes2D.json"}}, {"predictions": {"_type": "boxes2D", "sha256": "014d97c40f1fae2ff7363baa185c0e8a8959a6f4ae6b388ac5846086d4aabc36", "size": 2130, "path": "media/metadata/boxes2D/BoundingBoxDebugger_9_014d97c40f1fae2ff736.boxes2D.json"}}, {"predictions": {"_type": "boxes2D", "sha256": "afb23ca82f0e433e5cb85bc37963c597143bbefa14f0a1e30e4e86de338eecf4", "size": 978, "path": "media/metadata/boxes2D/BoundingBoxDebugger_9_afb23ca82f0e433e5cb8.boxes2D.json"}}, {"predictions": {"_type": "boxes2D", "sha256": "5639a7bab16840f0d044010bfca56e0804addf1983ac33c88565b76516c6d348", "size": 1205, "path": "media/metadata/boxes2D/BoundingBoxDebugger_9_5639a7bab16840f0d044.boxes2D.json"}}, {"predictions": {"_type": "boxes2D", "sha256": "b5f170c5b1a025fc4072e608a47f5024768114d1f8ca99297e2e5cc8614945b3", "size": 507, "path": "media/metadata/boxes2D/BoundingBoxDebugger_9_b5f170c5b1a025fc4072.boxes2D.json"}}]}, "_timestamp": 1655021226, "_runtime": 1067, "_step": 10, "Validation": {"_type": "images/separated", "width": 2048, "height": 1180, "format": "jpg", "count": 6, "filenames": ["media/images/Validation_10_9b789879fe3983eade57.jpg", "media/images/Validation_10_ec0cd21367ffdde14ecd.jpg", "media/images/Validation_10_dbe7c41f34f57ce7bd9a.jpg", "media/images/Validation_10_fdc4659509a76f7a2047.jpg", "media/images/Validation_10_f951611eb4f4c20ab3b0.jpg", "media/images/Validation_10_873f0d1e7a268ae57a64.jpg"], "captions": ["val_batch0_labels.jpg", "val_batch0_pred.jpg", "val_batch1_labels.jpg", "val_batch1_pred.jpg", "val_batch2_labels.jpg", "val_batch2_pred.jpg"]}, "Results": {"_type": "images/separated", "width": 2400, "height": 1200, "format": "png", "count": 6, "filenames": ["media/images/Results_10_a3a6bb384db196e5f195.png", "media/images/Results_10_f87d76f4b83865c0aff5.png", "media/images/Results_10_53a4a94f7771f22ca71b.png", "media/images/Results_10_043d15bcd4aa447f0d05.png", "media/images/Results_10_cfacb0537995db1f228e.png", "media/images/Results_10_29b74a69b4ef910d180d.png"], "captions": ["results.png", "confusion_matrix.png", "F1_curve.png", "PR_curve.png", "P_curve.png", "R_curve.png"]}, "_wandb": {"runtime": 1070}}