{"box_data": [{"position": {"minX": 597.53515625, "minY": 363.18609619140625, "maxX": 771.46484375, "maxY": 551.8139038085938}, "class_id": 0, "box_caption": "empty 0.012", "scores": {"class_score": 0.0121002197265625}, "domain": "pixel"}, {"position": {"minX": 134.26254272460938, "minY": 52.44133758544922, "maxX": 316.7374572753906, "maxY": 231.55865478515625}, "class_id": 1, "box_caption": "rec 0.012", "scores": {"class_score": 0.0120391845703125}, "domain": "pixel"}], "class_labels": {"0": "empty", "1": "rec"}}