{"box_data": [{"position": {"minX": 65.89417266845703, "minY": 66.00141906738281, "maxX": 223.6058349609375, "maxY": 237.4985809326172}, "class_id": 0, "box_caption": "empty 0.013", "scores": {"class_score": 0.01342010498046875}, "domain": "pixel"}, {"position": {"minX": 77.95846557617188, "minY": 126.00466918945312, "maxX": 233.29153442382812, "maxY": 307.4953308105469}, "class_id": 0, "box_caption": "empty 0.013", "scores": {"class_score": 0.01253509521484375}, "domain": "pixel"}, {"position": {"minX": 108.57958984375, "minY": 50.68170166015625, "maxX": 249.92041015625, "maxY": 281.06829833984375}, "class_id": 0, "box_caption": "empty 0.010", "scores": {"class_score": 0.0102996826171875}, "domain": "pixel"}], "class_labels": {"0": "empty", "1": "rec"}}