{"box_data": [{"position": {"minX": 763.349853515625, "minY": 551.6602172851562, "maxX": 816.650146484375, "maxY": 605.3397827148438}, "class_id": 1, "box_caption": "rec 0.028", "scores": {"class_score": 0.028289794921875}, "domain": "pixel"}, {"position": {"minX": 767.380859375, "minY": 198.7000732421875, "maxX": 897.619140625, "maxY": 365.2999267578125}, "class_id": 0, "box_caption": "empty 0.012", "scores": {"class_score": 0.01181793212890625}, "domain": "pixel"}, {"position": {"minX": 938.1905517578125, "minY": 663.7266235351562, "maxX": 1063.809326171875, "maxY": 826.2733764648438}, "class_id": 0, "box_caption": "empty 0.012", "scores": {"class_score": 0.01177215576171875}, "domain": "pixel"}], "class_labels": {"0": "empty", "1": "rec"}}