{"box_data": [{"position": {"minX": 836.3738403320312, "minY": 25.53565216064453, "maxX": 955.6261596679688, "maxY": 91.02684783935547}, "class_id": 1, "box_caption": "rec 0.011", "scores": {"class_score": 0.01073455810546875}, "domain": "pixel"}, {"position": {"minX": -37.798892974853516, "minY": 248.1666259765625, "maxX": 150.04888916015625, "maxY": 446.8333740234375}, "class_id": 1, "box_caption": "rec 0.010", "scores": {"class_score": 0.01010894775390625}, "domain": "pixel"}], "class_labels": {"0": "empty", "1": "rec"}}