{"Labels": {"_type": "images/separated", "width": 2000, "height": 2000, "format": "jpg", "count": 2, "filenames": ["media/images/Labels_0_4b500e98d43555814946.jpg", "media/images/Labels_0_cbd825f0110064681b7d.jpg"], "captions": ["labels_correlogram.jpg", "labels_xyls.jpg"]}, "Mosaics": {"_type": "images/separated", "width": 2048, "height": 2048, "format": "jpg", "count": 8, "filenames": ["media/images/Mosaics_0_d7751ce4ef53711a4e6b.jpg", "media/images/Mosaics_0_57f73b6918fb56b51990.jpg", "media/images/Mosaics_0_c560f65a8407f55fe152.jpg", "media/images/Mosaics_0_c12c72f95e5452c8c299.jpg", "media/images/Mosaics_0_cfa62953009dc8819aa1.jpg", "media/images/Mosaics_0_e2056d542968ae6bb0a4.jpg", "media/images/Mosaics_0_f5fcd885ef5ccd2b2f3c.jpg", "media/images/Mosaics_0_7e73aad7772164ff384d.jpg"], "captions": ["train_batch0.jpg", "train_batch1.jpg", "train_batch2.jpg", "train_batch3.jpg", "train_batch4.jpg", "train_batch5.jpg", "train_batch6.jpg", "train_batch7.jpg"]}, "train/box_loss": 0.09427361190319061, "train/obj_loss": 0.003773168893530965, "train/cls_loss": 1.508779405412497e-05, "train/theta_loss": 0.04700365290045738, "metrics/precision": 0.35819190985857646, "metrics/recall": 0.4666666666666667, "metrics/mAP_0.5": 0.31749271565665244, "metrics/mAP_0.5:0.95": 0.1175446501535691, "val/box_loss": 0.08329839259386063, "val/obj_loss": 0.0026200853753834963, "val/cls_loss": 1.2282418992981547e-06, "val/theta_loss": 0.036712441593408585, "x/lr0": 0.002007893086286914, "x/lr1": 0.002007893086286914, "x/lr2": 0.002007893086286914, "_timestamp": 1655135138, "_runtime": 8902, "_step": 100, "BoundingBoxDebugger": {"_type": "images/separated", "width": 1056, "height": 608, "format": "png", "count": 16, "filenames": ["media/images/BoundingBoxDebugger_99_31c0994edb7a361c368e.png", "media/images/BoundingBoxDebugger_99_5f4ff95326d72d680d96.png", "media/images/BoundingBoxDebugger_99_3a5282c7113cb14b035d.png", "media/images/BoundingBoxDebugger_99_13b46639897ddccf41e6.png", "media/images/BoundingBoxDebugger_99_670349dff659451d7229.png", "media/images/BoundingBoxDebugger_99_6d6891b1280a582062df.png", "media/images/BoundingBoxDebugger_99_5b699c293be37d9b6f75.png", "media/images/BoundingBoxDebugger_99_d9762826e5d403a01ba7.png", "media/images/BoundingBoxDebugger_99_0fcbfa80d167e760d9a5.png", "media/images/BoundingBoxDebugger_99_68cca57edfc098d17c49.png", "media/images/BoundingBoxDebugger_99_188cd181fcdb37de1005.png", "media/images/BoundingBoxDebugger_99_3cbfcd227e5189d92135.png", "media/images/BoundingBoxDebugger_99_81493324c3b917f77cfb.png", "media/images/BoundingBoxDebugger_99_0476f2d7089035f39f85.png", "media/images/BoundingBoxDebugger_99_1b313b43d00d55dd6833.png", "media/images/BoundingBoxDebugger_99_889e3824d00db04db521.png"], "captions": ["1.jpg", "71.jpg", "61.jpg", "51.jpg", "41.jpg", "31.jpg", "81.jpg", "21.jpg", "91.jpg", "101.jpg", "11.jpg", "111.jpg", "121.jpg", "141.jpg", "131.jpg", "171.jpg"], "all_boxes": [{"predictions": {"_type": "boxes2D", "sha256": "c6fd172615a2b1f084237bf50f71de8c295e970d6efe18283f56dd16ec3bb81d", "size": 523, "path": "media/metadata/boxes2D/BoundingBoxDebugger_99_c6fd172615a2b1f08423.boxes2D.json"}}, {"predictions": {"_type": "boxes2D", "sha256": "0b9dba52ebfd875f5e0708d9dc427310bf1bfa43cf143cfc718fa77d32975724", "size": 962, "path": "media/metadata/boxes2D/BoundingBoxDebugger_99_0b9dba52ebfd875f5e07.boxes2D.json"}}, {"predictions": {"_type": "boxes2D", "sha256": "0596ceaaa0179d92ce4208ffe44e0e9676c13762df3a5d0a0f6200291aa523d6", "size": 1420, "path": "media/metadata/boxes2D/BoundingBoxDebugger_99_0596ceaaa0179d92ce42.boxes2D.json"}}, {"predictions": {"_type": "boxes2D", "sha256": "22bbfd9b28cd17f5940d51d3b01cf7c64635bca98a2d1037d521728b920a1c71", "size": 967, "path": "media/metadata/boxes2D/BoundingBoxDebugger_99_22bbfd9b28cd17f5940d.boxes2D.json"}}, {"predictions": {"_type": "boxes2D", "sha256": "2d9be6da3681966d6b647a4940317ffea5f06cc290d2fdc5266ade50a209d70d", "size": 518, "path": "media/metadata/boxes2D/BoundingBoxDebugger_99_2d9be6da3681966d6b64.boxes2D.json"}}, {"predictions": {"_type": "boxes2D", "sha256": "45b0a7efa240f25b939eef296394c930fd033406c62b7d1a0ea1229515e7a2de", "size": 748, "path": "media/metadata/boxes2D/BoundingBoxDebugger_99_45b0a7efa240f25b939e.boxes2D.json"}}, {"predictions": {"_type": "boxes2D", "sha256": "87545ed43a68dc199bbaa689e09c387515757dc50af833103798733a7d1ee4eb", "size": 503, "path": "media/metadata/boxes2D/BoundingBoxDebugger_99_87545ed43a68dc199bba.boxes2D.json"}}, {"predictions": {"_type": "boxes2D", "sha256": "1606c28beae99cc77b89971d4da09307fe991da372e0f6324ac9a9c25073ffbc", "size": 519, "path": "media/metadata/boxes2D/BoundingBoxDebugger_99_1606c28beae99cc77b89.boxes2D.json"}}, {"predictions": {"_type": "boxes2D", "sha256": "915106a780c671fe1e62504173ab92644c30310587ec32c23d3aaae5b59b3221", "size": 1197, "path": "media/metadata/boxes2D/BoundingBoxDebugger_99_915106a780c671fe1e62.boxes2D.json"}}, {"predictions": {"_type": "boxes2D", "sha256": "c048ffeac41df29f284246ec7e99232bbab541a24c4bea0e3da4b83667105439", "size": 972, "path": "media/metadata/boxes2D/BoundingBoxDebugger_99_c048ffeac41df29f2842.boxes2D.json"}}, {"predictions": {"_type": "boxes2D", "sha256": "764cf5814ef94f9455d33e3c352078ad3c02c71f4a7dc3eaecf3e1e92cad7c30", "size": 517, "path": "media/metadata/boxes2D/BoundingBoxDebugger_99_764cf5814ef94f9455d3.boxes2D.json"}}, {"predictions": {"_type": "boxes2D", "sha256": "0b751ac5fb4c54da973450af19aafca79ec14ffe53256ab6090d9c0b6c3dc1a2", "size": 1109, "path": "media/metadata/boxes2D/BoundingBoxDebugger_99_0b751ac5fb4c54da9734.boxes2D.json"}}, {"predictions": {"_type": "boxes2D", "sha256": "a0d04c74bf5e4e76e88051e0e5d9b86af5b4904832aae9d0b2c3956e43fa99cb", "size": 979, "path": "media/metadata/boxes2D/BoundingBoxDebugger_99_a0d04c74bf5e4e76e880.boxes2D.json"}}, {"predictions": {"_type": "boxes2D", "sha256": "7b62f5671df4bc4cb1bf4ab993db49e50df38a0de45423b27aaae737eb7c6043", "size": 751, "path": "media/metadata/boxes2D/BoundingBoxDebugger_99_7b62f5671df4bc4cb1bf.boxes2D.json"}}, {"predictions": {"_type": "boxes2D", "sha256": "290314f2d588fe3b6b74a53ddd59039e31f4323d6315d69a712be0f609927626", "size": 1209, "path": "media/metadata/boxes2D/BoundingBoxDebugger_99_290314f2d588fe3b6b74.boxes2D.json"}}, {"predictions": {"_type": "boxes2D", "sha256": "531515cd576a55fa86867f0e31074f0b1d52f5900402d07724ac7ed1d2ce0186", "size": 733, "path": "media/metadata/boxes2D/BoundingBoxDebugger_99_531515cd576a55fa8686.boxes2D.json"}}]}, "Validation": {"_type": "images/separated", "width": 2048, "height": 1180, "format": "jpg", "count": 6, "filenames": ["media/images/Validation_100_9b789879fe3983eade57.jpg", "media/images/Validation_100_4345ffe4ff710ae6099a.jpg", "media/images/Validation_100_dbe7c41f34f57ce7bd9a.jpg", "media/images/Validation_100_ca91e8f7cf9be1ecbf50.jpg", "media/images/Validation_100_f951611eb4f4c20ab3b0.jpg", "media/images/Validation_100_b26b750fc971fdfb2d65.jpg"], "captions": ["val_batch0_labels.jpg", "val_batch0_pred.jpg", "val_batch1_labels.jpg", "val_batch1_pred.jpg", "val_batch2_labels.jpg", "val_batch2_pred.jpg"]}, "Results": {"_type": "images/separated", "width": 2400, "height": 1200, "format": "png", "count": 6, "filenames": ["media/images/Results_100_8370bb73066af856ca47.png", "media/images/Results_100_97a90814571e57e81bc5.png", "media/images/Results_100_6b8b318c6def6e06ab11.png", "media/images/Results_100_e8399297fa2a77373cc9.png", "media/images/Results_100_5d50acf30e42d1ca0295.png", "media/images/Results_100_6872fc96db327b5e0ae0.png"], "captions": ["results.png", "confusion_matrix.png", "F1_curve.png", "PR_curve.png", "P_curve.png", "R_curve.png"]}, "_wandb": {"runtime": 8899}}