{"Labels": {"_type": "images/separated", "width": 2000, "height": 2000, "format": "jpg", "count": 2, "filenames": ["media/images/Labels_0_1871f558a910a7614057.jpg", "media/images/Labels_0_e744f27576dc785b1437.jpg"], "captions": ["labels_correlogram.jpg", "labels_xyls.jpg"]}, "Mosaics": {"_type": "images/separated", "width": 2048, "height": 2048, "format": "jpg", "count": 8, "filenames": ["media/images/Mosaics_0_4de3acb271c6fdd85216.jpg", "media/images/Mosaics_0_97c59001f058cf0ad0da.jpg", "media/images/Mosaics_0_335c1856f7169d596789.jpg", "media/images/Mosaics_0_294750bf997d6ff37fd6.jpg", "media/images/Mosaics_0_71b0661a701a27fc9b09.jpg", "media/images/Mosaics_0_3d5d7cfb542e3779290e.jpg", "media/images/Mosaics_0_932086a9b4db7ab2d003.jpg", "media/images/Mosaics_0_4b4c56429c6edc648226.jpg"], "captions": ["train_batch0.jpg", "train_batch1.jpg", "train_batch2.jpg", "train_batch3.jpg", "train_batch4.jpg", "train_batch5.jpg", "train_batch6.jpg", "train_batch7.jpg"]}, "train/box_loss": 0.06727840006351471, "train/obj_loss": 0.39389359951019287, "train/cls_loss": 5.761026477557607e-05, "train/theta_loss": 0.108757384121418, "metrics/precision": 0.8850403619250683, "metrics/recall": 0.8538622129436325, "metrics/mAP_0.5": 0.8937723658265564, "metrics/mAP_0.5:0.95": 0.511047315955764, "val/box_loss": 0.05424106493592262, "val/obj_loss": 0.42440086603164673, "val/cls_loss": 5.4169911891222e-05, "val/theta_loss": 0.1043379008769989, "x/lr0": 0.002000877266100618, "x/lr1": 0.002000877266100618, "x/lr2": 0.002000877266100618, "_timestamp": 1667627475, "_runtime": 7644, "_step": 300, "BoundingBoxDebugger": {"_type": "images/separated", "width": 1056, "height": 608, "format": "png", "count": 10, "filenames": ["media/images/BoundingBoxDebugger_299_600e9b46b753262c6aa3.png", "media/images/BoundingBoxDebugger_299_ea54ad607f6bc369214a.png", "media/images/BoundingBoxDebugger_299_6f5e466cd506c6abb1f0.png", "media/images/BoundingBoxDebugger_299_916b8e914349bdfb4c44.png", "media/images/BoundingBoxDebugger_299_5831095e8e3213b27317.png", "media/images/BoundingBoxDebugger_299_ad48a88d77668864e76a.png", "media/images/BoundingBoxDebugger_299_37bb351f1dba40a9c33b.png", "media/images/BoundingBoxDebugger_299_773385666479deae4d44.png", "media/images/BoundingBoxDebugger_299_95eb6e8f97f408bebcd9.png", "media/images/BoundingBoxDebugger_299_484464574bd75927a534.png"], "captions": ["pic_DJI_0639_0001_11.jpg", "pic_DJI_0639_0003_21.jpg", "pic_DJI_0639_0006_11.jpg", "pic_DJI_0639_0008_21.jpg", "pic_DJI_0639_0011_11.jpg", "pic_DJI_0639_0013_21.jpg", "pic_DJI_0639_0016_11.jpg", "pic_DJI_0639_0018_21.jpg", "pic_DJI_0639_0021_11.jpg", "pic_DJI_0639_0023_21.jpg"], "all_boxes": [{"predictions": {"_type": "boxes2D", "sha256": "23d1548507c1512998f6df1d00a7ca1a70f634d0913bdf6b4f81927bcaaba077", "size": 13152, "path": "media/metadata/boxes2D/BoundingBoxDebugger_299_23d1548507c1512998f6.boxes2D.json"}}, {"predictions": {"_type": "boxes2D", "sha256": "70a1d8ff453e0ae5440bbebee5c6b98fc4507e61d1fc4f3cec4b2348da632c12", "size": 9165, "path": "media/metadata/boxes2D/BoundingBoxDebugger_299_70a1d8ff453e0ae5440b.boxes2D.json"}}, {"predictions": {"_type": "boxes2D", "sha256": "8c9274234e4136a2d4566692b623c26ba00679c62a19070729b324cdbc38329a", "size": 10769, "path": "media/metadata/boxes2D/BoundingBoxDebugger_299_8c9274234e4136a2d456.boxes2D.json"}}, {"predictions": {"_type": "boxes2D", "sha256": "66bb77988ea0685356c57c54e14eaed133d8ac166dd0ed353e8fe7ef792030f0", "size": 16718, "path": "media/metadata/boxes2D/BoundingBoxDebugger_299_66bb77988ea0685356c5.boxes2D.json"}}, {"predictions": {"_type": "boxes2D", "sha256": "2b2526922439a4b061f9e3d868f45df7ac4521d0674970753dea9397ffecc709", "size": 14975, "path": "media/metadata/boxes2D/BoundingBoxDebugger_299_2b2526922439a4b061f9.boxes2D.json"}}, {"predictions": {"_type": "boxes2D", "sha256": "147f49ba356134c935127d017e5f76e589369f58603cb946797e38312127b059", "size": 16407, "path": "media/metadata/boxes2D/BoundingBoxDebugger_299_147f49ba356134c93512.boxes2D.json"}}, {"predictions": {"_type": "boxes2D", "sha256": "ac613ce9eae2f7d45eda1fd69a563529864c84215d791ad311d31a03c257d461", "size": 24594, "path": "media/metadata/boxes2D/BoundingBoxDebugger_299_ac613ce9eae2f7d45eda.boxes2D.json"}}, {"predictions": {"_type": "boxes2D", "sha256": "ee3be9380ce50f16ff3c11db6e2df38bef8bb60887225893a3c3b790c60c4e45", "size": 20860, "path": "media/metadata/boxes2D/BoundingBoxDebugger_299_ee3be9380ce50f16ff3c.boxes2D.json"}}, {"predictions": {"_type": "boxes2D", "sha256": "9ab0d124893ff96d2661144fb6434ee77aa73ce3addb1e518aac8ee0e167a73e", "size": 10822, "path": "media/metadata/boxes2D/BoundingBoxDebugger_299_9ab0d124893ff96d2661.boxes2D.json"}}, {"predictions": {"_type": "boxes2D", "sha256": "d0a1653e6eef08871e17a76339fc89b442d004693a7e48b4f685eb36065d9ac6", "size": 13395, "path": "media/metadata/boxes2D/BoundingBoxDebugger_299_d0a1653e6eef08871e17.boxes2D.json"}}]}, "Validation": {"_type": "images/separated", "width": 2048, "height": 1180, "format": "jpg", "count": 4, "filenames": ["media/images/Validation_300_efe46ca1b778da62da1f.jpg", "media/images/Validation_300_6de8fc6800bcaf6bda46.jpg", "media/images/Validation_300_a350f580adda42ffd899.jpg", "media/images/Validation_300_027b4c903e8beaadc8b4.jpg"], "captions": ["val_batch0_labels.jpg", "val_batch0_pred.jpg", "val_batch1_labels.jpg", "val_batch1_pred.jpg"]}, "Results": {"_type": "images/separated", "width": 2400, "height": 1200, "format": "png", "count": 6, "filenames": ["media/images/Results_300_812200734372c18e77f1.png", "media/images/Results_300_0826a317fba25e7bd8ea.png", "media/images/Results_300_ecced8e36101fe6929f9.png", "media/images/Results_300_139c2c25c64766b0b396.png", "media/images/Results_300_3cb9d1f981bf3afe8255.png", "media/images/Results_300_725f02998451798c63f5.png"], "captions": ["results.png", "confusion_matrix.png", "F1_curve.png", "PR_curve.png", "P_curve.png", "R_curve.png"]}, "_wandb": {"runtime": 7644}}