{"Labels": {"_type": "images/separated", "width": 2000, "height": 2000, "format": "jpg", "count": 2, "filenames": ["media/images/Labels_0_8ccf26cff243d025095d.jpg", "media/images/Labels_0_b3b8b8c258c87aefb36f.jpg"], "captions": ["labels_correlogram.jpg", "labels_xyls.jpg"]}, "Mosaics": {"_type": "images/separated", "width": 2048, "height": 2048, "format": "jpg", "count": 8, "filenames": ["media/images/Mosaics_0_43b8ecad6c4ce3002df0.jpg", "media/images/Mosaics_0_759f0164f6fad03be2b1.jpg", "media/images/Mosaics_0_7a5eb40dc6afa3e8f9af.jpg", "media/images/Mosaics_0_9e87092f3aaf33d7510c.jpg", "media/images/Mosaics_0_0f0da0e5b8b398f02ac0.jpg", "media/images/Mosaics_0_54e895eb684b94485b31.jpg", "media/images/Mosaics_0_3a6b6192385c7b1e3187.jpg", "media/images/Mosaics_0_724de733fd0e044ec9bc.jpg"], "captions": ["train_batch0.jpg", "train_batch1.jpg", "train_batch2.jpg", "train_batch3.jpg", "train_batch4.jpg", "train_batch5.jpg", "train_batch6.jpg", "train_batch7.jpg"]}, "train/box_loss": 0.1307062953710556, "train/obj_loss": 0.3365728259086609, "train/cls_loss": 0.028351126238703728, "train/theta_loss": 0.7723815441131592, "metrics/precision": 0.005485754459142662, "metrics/recall": 0.05010438413361169, "metrics/mAP_0.5": 0.0029005519968182143, "metrics/mAP_0.5:0.95": 0.0005351940838143613, "val/box_loss": 0.13163956999778748, "val/obj_loss": 0.3327522575855255, "val/cls_loss": 0.026790816336870193, "val/theta_loss": 0.7696542739868164, "x/lr0": 0.0001952365537049555, "x/lr1": 0.0001952365537049555, "x/lr2": 0.09824285560132401, "_timestamp": 1661697947, "_runtime": 40, "_step": 1, "_wandb": {"runtime": 40}}