{"Labels": {"_type": "images/separated", "width": 2000, "height": 2000, "format": "jpg", "count": 2, "filenames": ["media/images/Labels_0_067fa67f3cbd8888c7e9.jpg", "media/images/Labels_0_9407513fff6040895b0f.jpg"], "captions": ["labels_correlogram.jpg", "labels_xyls.jpg"]}, "Mosaics": {"_type": "images/separated", "width": 2048, "height": 2048, "format": "jpg", "count": 8, "filenames": ["media/images/Mosaics_0_280c4da894239c6e27a3.jpg", "media/images/Mosaics_0_af78d7d98e203509808c.jpg", "media/images/Mosaics_0_89b53f0abfbe55b38104.jpg", "media/images/Mosaics_0_baed74a189e21228833e.jpg", "media/images/Mosaics_0_a3c32eeed56b3708ef55.jpg", "media/images/Mosaics_0_248755d83e21a32eaa7e.jpg", "media/images/Mosaics_0_0eb2db690074fbfdf47a.jpg", "media/images/Mosaics_0_6da83b0ec443c28641d4.jpg"], "captions": ["train_batch0.jpg", "train_batch1.jpg", "train_batch2.jpg", "train_batch3.jpg", "train_batch4.jpg", "train_batch5.jpg", "train_batch6.jpg", "train_batch7.jpg"]}, "train/box_loss": 0.12944787740707397, "train/obj_loss": 0.318655788898468, "train/cls_loss": 0.027837460860610008, "train/theta_loss": 0.766214907169342, "metrics/precision": 0.006021170579050871, "metrics/recall": 0.041666666666666664, "metrics/mAP_0.5": 0.003224261130804088, "metrics/mAP_0.5:0.95": 0.0006925579779502082, "val/box_loss": 0.1299281120300293, "val/obj_loss": 0.3832662105560303, "val/cls_loss": 0.026846563443541527, "val/theta_loss": 0.764021635055542, "x/lr0": 0.00046995876849327095, "x/lr1": 0.00046995876849327095, "x/lr2": 0.09576995876849327, "_timestamp": 1661345750, "_runtime": 40, "_step": 2, "_wandb": {"runtime": 45}}