{"Labels": {"_type": "images/separated", "width": 2000, "height": 2000, "format": "jpg", "count": 2, "filenames": ["media/images/Labels_0_1871f558a910a7614057.jpg", "media/images/Labels_0_e744f27576dc785b1437.jpg"], "captions": ["labels_correlogram.jpg", "labels_xyls.jpg"]}, "Mosaics": {"_type": "images/separated", "width": 2048, "height": 2048, "format": "jpg", "count": 8, "filenames": ["media/images/Mosaics_0_c32bd17739c02f5d0777.jpg", "media/images/Mosaics_0_e4bfc1cb2816dc9df7be.jpg", "media/images/Mosaics_0_aa5b48095f0e0b26311d.jpg", "media/images/Mosaics_0_c1420e0633da79518db9.jpg", "media/images/Mosaics_0_02e9477fa74d459bb8df.jpg", "media/images/Mosaics_0_fc43a3d2a911afd67f69.jpg", "media/images/Mosaics_0_822070f47df70f4fd12d.jpg", "media/images/Mosaics_0_14df8a9885e29f795ad8.jpg"], "captions": ["train_batch0.jpg", "train_batch1.jpg", "train_batch2.jpg", "train_batch3.jpg", "train_batch4.jpg", "train_batch5.jpg", "train_batch6.jpg", "train_batch7.jpg"]}, "train/box_loss": 0.13248078525066376, "train/obj_loss": 0.33873456716537476, "train/cls_loss": 0.031498245894908905, "train/theta_loss": 0.7882279753684998, "metrics/precision": 0.008101478699206932, "metrics/recall": 0.0709812108559499, "metrics/mAP_0.5": 0.004145329718045141, "metrics/mAP_0.5:0.95": 0.000905232091124943, "val/box_loss": 0.13150693476200104, "val/obj_loss": 0.35146060585975647, "val/cls_loss": 0.030739599838852882, "val/theta_loss": 0.7809168696403503, "x/lr0": 3.967479674796748e-05, "x/lr1": 3.967479674796748e-05, "x/lr2": 0.0996429268292683, "_timestamp": 1667392729, "_runtime": 54, "_step": 0, "_wandb": {"runtime": 62}}