{"Labels": {"_type": "images/separated", "width": 2000, "height": 2000, "format": "jpg", "count": 2, "filenames": ["media/images/Labels_0_1871f558a910a7614057.jpg", "media/images/Labels_0_e744f27576dc785b1437.jpg"], "captions": ["labels_correlogram.jpg", "labels_xyls.jpg"]}, "Mosaics": {"_type": "images/separated", "width": 2048, "height": 2048, "format": "jpg", "count": 8, "filenames": ["media/images/Mosaics_0_0255079bb9e548997c9e.jpg", "media/images/Mosaics_0_70c9e35df26faf7cef61.jpg", "media/images/Mosaics_0_4c8bbaec5ca464565aac.jpg", "media/images/Mosaics_0_1890a3c8514524149cbb.jpg", "media/images/Mosaics_0_a6a6df50e72ee19641fe.jpg", "media/images/Mosaics_0_8b42ac799817d5f4e0b3.jpg", "media/images/Mosaics_0_ac63f86f20be07922dd4.jpg", "media/images/Mosaics_0_f512caaa74c7303f5097.jpg"], "captions": ["train_batch0.jpg", "train_batch1.jpg", "train_batch2.jpg", "train_batch3.jpg", "train_batch4.jpg", "train_batch5.jpg", "train_batch6.jpg", "train_batch7.jpg"]}, "train/box_loss": 0.06351638585329056, "train/obj_loss": 0.444254606962204, "train/cls_loss": 4.655813972931355e-05, "train/theta_loss": 0.19063681364059448, "metrics/precision": 0.2620479614160441, "metrics/recall": 0.5866388308977035, "metrics/mAP_0.5": 0.23821145704225757, "metrics/mAP_0.5:0.95": 0.07572506658680048, "val/box_loss": 0.05551891028881073, "val/obj_loss": 0.4175785779953003, "val/cls_loss": 4.660631384467706e-05, "val/theta_loss": 0.19019387662410736, "x/lr0": 0.002000877266100618, "x/lr1": 0.002000877266100618, "x/lr2": 0.002000877266100618, "_timestamp": 1667466688, "_runtime": 7483, "_step": 300, "BoundingBoxDebugger": {"_type": "images/separated", "width": 1056, "height": 608, "format": "png", "count": 10, "filenames": ["media/images/BoundingBoxDebugger_299_600e9b46b753262c6aa3.png", "media/images/BoundingBoxDebugger_299_ea54ad607f6bc369214a.png", "media/images/BoundingBoxDebugger_299_6f5e466cd506c6abb1f0.png", "media/images/BoundingBoxDebugger_299_916b8e914349bdfb4c44.png", "media/images/BoundingBoxDebugger_299_5831095e8e3213b27317.png", "media/images/BoundingBoxDebugger_299_ad48a88d77668864e76a.png", "media/images/BoundingBoxDebugger_299_37bb351f1dba40a9c33b.png", "media/images/BoundingBoxDebugger_299_773385666479deae4d44.png", "media/images/BoundingBoxDebugger_299_95eb6e8f97f408bebcd9.png", "media/images/BoundingBoxDebugger_299_484464574bd75927a534.png"], "captions": ["pic_DJI_0639_0001_11.jpg", "pic_DJI_0639_0003_21.jpg", "pic_DJI_0639_0006_11.jpg", "pic_DJI_0639_0008_21.jpg", "pic_DJI_0639_0011_11.jpg", "pic_DJI_0639_0013_21.jpg", "pic_DJI_0639_0016_11.jpg", "pic_DJI_0639_0018_21.jpg", "pic_DJI_0639_0021_11.jpg", "pic_DJI_0639_0023_21.jpg"], "all_boxes": [{"predictions": {"_type": "boxes2D", "sha256": "7119d460eecba5e19ec865d71c0a492bda2ed94a9562d7fa11070401afd93560", "size": 88770, "path": "media/metadata/boxes2D/BoundingBoxDebugger_299_7119d460eecba5e19ec8.boxes2D.json"}}, {"predictions": {"_type": "boxes2D", "sha256": "5a00f20d16d6f558a4e0d2a6bb68287d0ab7f4f81167dbfb7ec25e7071d13e50", "size": 51458, "path": "media/metadata/boxes2D/BoundingBoxDebugger_299_5a00f20d16d6f558a4e0.boxes2D.json"}}, {"predictions": {"_type": "boxes2D", "sha256": "36862811c33c93ca70ca3a94bd235fcb41d3730db6caa5aa1c41b70e6534e574", "size": 48128, "path": "media/metadata/boxes2D/BoundingBoxDebugger_299_36862811c33c93ca70ca.boxes2D.json"}}, {"predictions": {"_type": "boxes2D", "sha256": "5e242b3d8cbbb859c652e462abc4a249e3f9f8db653405c99605624ad23d1236", "size": 72763, "path": "media/metadata/boxes2D/BoundingBoxDebugger_299_5e242b3d8cbbb859c652.boxes2D.json"}}, {"predictions": {"_type": "boxes2D", "sha256": "78fbb98f6990eacc093e92104a6c6877e6202ff90b6094836c585d8e301f53f1", "size": 76837, "path": "media/metadata/boxes2D/BoundingBoxDebugger_299_78fbb98f6990eacc093e.boxes2D.json"}}, {"predictions": {"_type": "boxes2D", "sha256": "4a86c7dccd20e0785b343b220ed95a5e475ee42d5570772bd8745fc0c2a023fe", "size": 72930, "path": "media/metadata/boxes2D/BoundingBoxDebugger_299_4a86c7dccd20e0785b34.boxes2D.json"}}, {"predictions": {"_type": "boxes2D", "sha256": "b5f378b2d86404419aeea007ed04a766d530f911fae5a48e19ee0200f3d13de8", "size": 122951, "path": "media/metadata/boxes2D/BoundingBoxDebugger_299_b5f378b2d86404419aee.boxes2D.json"}}, {"predictions": {"_type": "boxes2D", "sha256": "e9db90bd92f9ff514d7254e4852c704072067eb5e94be6236688d1aa9d9ab3e0", "size": 102163, "path": "media/metadata/boxes2D/BoundingBoxDebugger_299_e9db90bd92f9ff514d72.boxes2D.json"}}, {"predictions": {"_type": "boxes2D", "sha256": "510fed91b22e20e3ac2abf397b7ebb03814c3be048d2a1811c4f30d3a25f2c8d", "size": 63522, "path": "media/metadata/boxes2D/BoundingBoxDebugger_299_510fed91b22e20e3ac2a.boxes2D.json"}}, {"predictions": {"_type": "boxes2D", "sha256": "2ee085f363f2e98dd474dd01a55df604ea5ef79d3d08cf8988c119f118637856", "size": 82563, "path": "media/metadata/boxes2D/BoundingBoxDebugger_299_2ee085f363f2e98dd474.boxes2D.json"}}]}, "Validation": {"_type": "images/separated", "width": 2048, "height": 1180, "format": "jpg", "count": 4, "filenames": ["media/images/Validation_300_efe46ca1b778da62da1f.jpg", "media/images/Validation_300_be9b709928f88a43b05e.jpg", "media/images/Validation_300_a350f580adda42ffd899.jpg", "media/images/Validation_300_b4c8b7cf551c3d12537d.jpg"], "captions": ["val_batch0_labels.jpg", "val_batch0_pred.jpg", "val_batch1_labels.jpg", "val_batch1_pred.jpg"]}, "Results": {"_type": "images/separated", "width": 2400, "height": 1200, "format": "png", "count": 6, "filenames": ["media/images/Results_300_3859862a7e3664f898e8.png", "media/images/Results_300_53f8615817a4bd615db1.png", "media/images/Results_300_4288f486a269145dda4f.png", "media/images/Results_300_b2085fb571040d194740.png", "media/images/Results_300_49a53121572046cdac1b.png", "media/images/Results_300_9c7dff17829d3f58a8fa.png"], "captions": ["results.png", "confusion_matrix.png", "F1_curve.png", "PR_curve.png", "P_curve.png", "R_curve.png"]}, "_wandb": {"runtime": 7469}}