{"Labels": {"_type": "images/separated", "width": 2000, "height": 2000, "format": "jpg", "count": 2, "filenames": ["media/images/Labels_0_4b500e98d43555814946.jpg", "media/images/Labels_0_cbd825f0110064681b7d.jpg"], "captions": ["labels_correlogram.jpg", "labels_xyls.jpg"]}, "Mosaics": {"_type": "images/separated", "width": 2048, "height": 2048, "format": "jpg", "count": 8, "filenames": ["media/images/Mosaics_0_d7751ce4ef53711a4e6b.jpg", "media/images/Mosaics_0_57f73b6918fb56b51990.jpg", "media/images/Mosaics_0_c560f65a8407f55fe152.jpg", "media/images/Mosaics_0_c12c72f95e5452c8c299.jpg", "media/images/Mosaics_0_cfa62953009dc8819aa1.jpg", "media/images/Mosaics_0_e2056d542968ae6bb0a4.jpg", "media/images/Mosaics_0_f5fcd885ef5ccd2b2f3c.jpg", "media/images/Mosaics_0_7e73aad7772164ff384d.jpg"], "captions": ["train_batch0.jpg", "train_batch1.jpg", "train_batch2.jpg", "train_batch3.jpg", "train_batch4.jpg", "train_batch5.jpg", "train_batch6.jpg", "train_batch7.jpg"]}, "train/box_loss": 0.11514558643102646, "train/obj_loss": 0.0024180826731026173, "train/cls_loss": 5.699374924006406e-06, "train/theta_loss": 0.05084007978439331, "metrics/precision": 0.4395474001608971, "metrics/recall": 0.36666666666666664, "metrics/mAP_0.5": 0.24374691487706196, "metrics/mAP_0.5:0.95": 0.05931534329413211, "val/box_loss": 0.10048285126686096, "val/obj_loss": 0.0022002928890287876, "val/cls_loss": 1.3084843430988258e-06, "val/theta_loss": 0.03913431987166405, "x/lr0": 0.007890203059476216, "x/lr1": 0.007890203059476216, "x/lr2": 0.007890203059476216, "_timestamp": 1655035604, "_runtime": 9263, "_step": 105, "BoundingBoxDebugger": {"_type": "images/separated", "width": 1056, "height": 608, "format": "png", "count": 16, "filenames": ["media/images/BoundingBoxDebugger_89_31c0994edb7a361c368e.png", "media/images/BoundingBoxDebugger_89_5f4ff95326d72d680d96.png", "media/images/BoundingBoxDebugger_89_3a5282c7113cb14b035d.png", "media/images/BoundingBoxDebugger_89_13b46639897ddccf41e6.png", "media/images/BoundingBoxDebugger_89_670349dff659451d7229.png", "media/images/BoundingBoxDebugger_89_6d6891b1280a582062df.png", "media/images/BoundingBoxDebugger_89_5b699c293be37d9b6f75.png", "media/images/BoundingBoxDebugger_89_d9762826e5d403a01ba7.png", "media/images/BoundingBoxDebugger_89_0fcbfa80d167e760d9a5.png", "media/images/BoundingBoxDebugger_89_68cca57edfc098d17c49.png", "media/images/BoundingBoxDebugger_89_188cd181fcdb37de1005.png", "media/images/BoundingBoxDebugger_89_3cbfcd227e5189d92135.png", "media/images/BoundingBoxDebugger_89_81493324c3b917f77cfb.png", "media/images/BoundingBoxDebugger_89_0476f2d7089035f39f85.png", "media/images/BoundingBoxDebugger_89_1b313b43d00d55dd6833.png", "media/images/BoundingBoxDebugger_89_889e3824d00db04db521.png"], "captions": ["1.jpg", "71.jpg", "61.jpg", "51.jpg", "41.jpg", "31.jpg", "81.jpg", "21.jpg", "91.jpg", "101.jpg", "11.jpg", "111.jpg", "121.jpg", "141.jpg", "131.jpg", "171.jpg"], "all_boxes": [{"predictions": {"_type": "boxes2D", "sha256": "a2eadd5d7f67e1fbfb4c4dbec042a8faa234eb9b1c94e9f29346e83fc96f4376", "size": 749, "path": "media/metadata/boxes2D/BoundingBoxDebugger_89_a2eadd5d7f67e1fbfb4c.boxes2D.json"}}, {"predictions": {"_type": "boxes2D", "sha256": "2b60cafe1132d1242e2dccba25efa1429ec6518480c3744594a5c312d49308e7", "size": 1201, "path": "media/metadata/boxes2D/BoundingBoxDebugger_89_2b60cafe1132d1242e2d.boxes2D.json"}}, {"predictions": {"_type": "boxes2D", "sha256": "d620d05a09f5fc8c0b793e53b666d22e5a5216f0f5335ca556f3f9e71505ab47", "size": 973, "path": "media/metadata/boxes2D/BoundingBoxDebugger_89_d620d05a09f5fc8c0b79.boxes2D.json"}}, {"predictions": {"_type": "boxes2D", "sha256": "3f7cae8f9e421dec597c71d4577898afcdd0c604650047ac7008c455b244b879", "size": 983, "path": "media/metadata/boxes2D/BoundingBoxDebugger_89_3f7cae8f9e421dec597c.boxes2D.json"}}, {"predictions": {"_type": "boxes2D", "sha256": "447831dfeacebdc99dc9fcc1cc30f9c2ec21a03411f58784e67ab6f3d5a3ed76", "size": 745, "path": "media/metadata/boxes2D/BoundingBoxDebugger_89_447831dfeacebdc99dc9.boxes2D.json"}}, {"predictions": {"_type": "boxes2D", "sha256": "e083d9cd679eac598122c4ec298a0347031746dcd338a55d6ff4577061bd7379", "size": 512, "path": "media/metadata/boxes2D/BoundingBoxDebugger_89_e083d9cd679eac598122.boxes2D.json"}}, {"predictions": {"_type": "boxes2D", "sha256": "ee83d9e8d9acb6f36ec08d183dcde891d76245c3f54ad69e9f090bba8a30947c", "size": 512, "path": "media/metadata/boxes2D/BoundingBoxDebugger_89_ee83d9e8d9acb6f36ec0.boxes2D.json"}}, {"predictions": {"_type": "boxes2D", "sha256": "df6df73fe8db647851aa74479d977b8a1b994232e7279e83b3ffe7a5a786f518", "size": 516, "path": "media/metadata/boxes2D/BoundingBoxDebugger_89_df6df73fe8db647851aa.boxes2D.json"}}, {"predictions": {"_type": "boxes2D", "sha256": "7ebb2ac4c43459bfd8d254b1ae29247bc1b53084df0ab5ad20972bae354cee95", "size": 741, "path": "media/metadata/boxes2D/BoundingBoxDebugger_89_7ebb2ac4c43459bfd8d2.boxes2D.json"}}, {"predictions": {"_type": "boxes2D", "sha256": "25379bf7a19b9e11b6010c81fbc31eabdce586daa6ee5ec946bfa2bb8833d08c", "size": 511, "path": "media/metadata/boxes2D/BoundingBoxDebugger_89_25379bf7a19b9e11b601.boxes2D.json"}}, {"predictions": {"_type": "boxes2D", "sha256": "9ac36fc5f7f5ee8a1a8538a79589d21f8e229b6a2a83b6892f25d5604f990151", "size": 515, "path": "media/metadata/boxes2D/BoundingBoxDebugger_89_9ac36fc5f7f5ee8a1a85.boxes2D.json"}}, {"predictions": {"_type": "boxes2D", "sha256": "ecb4b7213af99f653f98cb91148ca0dcf4c7b2d39b349c283bf86138c1196463", "size": 655, "path": "media/metadata/boxes2D/BoundingBoxDebugger_89_ecb4b7213af99f653f98.boxes2D.json"}}, {"predictions": {"_type": "boxes2D", "sha256": "23d7d180360be8a170be1c9fbd7591d821d0dda23150b319d8646eeefb0ce30e", "size": 1632, "path": "media/metadata/boxes2D/BoundingBoxDebugger_89_23d7d180360be8a170be.boxes2D.json"}}, {"predictions": {"_type": "boxes2D", "sha256": "273a03699729476eea599330a26f6bf73131f454d87a3c5fd1e49d364856d325", "size": 507, "path": "media/metadata/boxes2D/BoundingBoxDebugger_89_273a03699729476eea59.boxes2D.json"}}, {"predictions": {"_type": "boxes2D", "sha256": "9ffbf3e541a0cc6f55db079bc7dd436f9aa0d70cf107ac1c423ef0e19864cfad", "size": 1203, "path": "media/metadata/boxes2D/BoundingBoxDebugger_89_9ffbf3e541a0cc6f55db.boxes2D.json"}}, {"predictions": {"_type": "boxes2D", "sha256": "0c5bcd7290661740aaa8d36bc6538fb18f733529daf121b5edb32ee35e67a045", "size": 512, "path": "media/metadata/boxes2D/BoundingBoxDebugger_89_0c5bcd7290661740aaa8.boxes2D.json"}}]}, "Validation": {"_type": "images/separated", "width": 2048, "height": 1180, "format": "jpg", "count": 6, "filenames": ["media/images/Validation_105_9b789879fe3983eade57.jpg", "media/images/Validation_105_ec0cd21367ffdde14ecd.jpg", "media/images/Validation_105_dbe7c41f34f57ce7bd9a.jpg", "media/images/Validation_105_fdc4659509a76f7a2047.jpg", "media/images/Validation_105_f951611eb4f4c20ab3b0.jpg", "media/images/Validation_105_873f0d1e7a268ae57a64.jpg"], "captions": ["val_batch0_labels.jpg", "val_batch0_pred.jpg", "val_batch1_labels.jpg", "val_batch1_pred.jpg", "val_batch2_labels.jpg", "val_batch2_pred.jpg"]}, "Results": {"_type": "images/separated", "width": 2400, "height": 1200, "format": "png", "count": 6, "filenames": ["media/images/Results_105_8e3e334113d85ad653f0.png", "media/images/Results_105_1de66668230ebb054a9d.png", "media/images/Results_105_ea463a2acb6ceccae273.png", "media/images/Results_105_f839103b0417d5605e8d.png", "media/images/Results_105_56b3361b104c8bc7e2a8.png", "media/images/Results_105_87c87c828bdee70dfdde.png"], "captions": ["results.png", "confusion_matrix.png", "F1_curve.png", "PR_curve.png", "P_curve.png", "R_curve.png"]}, "_wandb": {"runtime": 9264}}