{"Labels": {"_type": "images/separated", "width": 2000, "height": 2000, "format": "jpg", "count": 2, "filenames": ["media/images/Labels_0_1871f558a910a7614057.jpg", "media/images/Labels_0_e744f27576dc785b1437.jpg"], "captions": ["labels_correlogram.jpg", "labels_xyls.jpg"]}, "Mosaics": {"_type": "images/separated", "width": 2048, "height": 2048, "format": "jpg", "count": 8, "filenames": ["media/images/Mosaics_0_2e9ba185d8b2593f710c.jpg", "media/images/Mosaics_0_2a09d60018a7f3bbca41.jpg", "media/images/Mosaics_0_11bcc64396bb0ebb1f3c.jpg", "media/images/Mosaics_0_e4b92efac491679b27bf.jpg", "media/images/Mosaics_0_317b39fef61a81cb01b8.jpg", "media/images/Mosaics_0_78f0964dbc7fb9a0a0b1.jpg", "media/images/Mosaics_0_d73e75d472a53bc5caa3.jpg", "media/images/Mosaics_0_c9435df42e0c56bf8100.jpg"], "captions": ["train_batch0.jpg", "train_batch1.jpg", "train_batch2.jpg", "train_batch3.jpg", "train_batch4.jpg", "train_batch5.jpg", "train_batch6.jpg", "train_batch7.jpg"]}, "train/box_loss": 0.0656580775976181, "train/obj_loss": 0.38452717661857605, "train/cls_loss": 5.874085763935e-05, "train/theta_loss": 0.11108896136283875, "metrics/precision": 0.9016541076674707, "metrics/recall": 0.8434237995824635, "metrics/mAP_0.5": 0.9081485301570987, "metrics/mAP_0.5:0.95": 0.5170708112077075, "val/box_loss": 0.0530548132956028, "val/obj_loss": 0.46996426582336426, "val/cls_loss": 5.707779200747609e-05, "val/theta_loss": 0.10721438378095627, "x/lr0": 0.002000877266100618, "x/lr1": 0.002000877266100618, "x/lr2": 0.002000877266100618, "_timestamp": 1667580399, "_runtime": 8437, "_step": 300, "BoundingBoxDebugger": {"_type": "images/separated", "width": 1056, "height": 608, "format": "png", "count": 10, "filenames": ["media/images/BoundingBoxDebugger_299_600e9b46b753262c6aa3.png", "media/images/BoundingBoxDebugger_299_ea54ad607f6bc369214a.png", "media/images/BoundingBoxDebugger_299_6f5e466cd506c6abb1f0.png", "media/images/BoundingBoxDebugger_299_916b8e914349bdfb4c44.png", "media/images/BoundingBoxDebugger_299_5831095e8e3213b27317.png", "media/images/BoundingBoxDebugger_299_ad48a88d77668864e76a.png", "media/images/BoundingBoxDebugger_299_37bb351f1dba40a9c33b.png", "media/images/BoundingBoxDebugger_299_773385666479deae4d44.png", "media/images/BoundingBoxDebugger_299_95eb6e8f97f408bebcd9.png", "media/images/BoundingBoxDebugger_299_484464574bd75927a534.png"], "captions": ["pic_DJI_0639_0001_11.jpg", "pic_DJI_0639_0003_21.jpg", "pic_DJI_0639_0006_11.jpg", "pic_DJI_0639_0008_21.jpg", "pic_DJI_0639_0011_11.jpg", "pic_DJI_0639_0013_21.jpg", "pic_DJI_0639_0016_11.jpg", "pic_DJI_0639_0018_21.jpg", "pic_DJI_0639_0021_11.jpg", "pic_DJI_0639_0023_21.jpg"], "all_boxes": [{"predictions": {"_type": "boxes2D", "sha256": "4ab9657b0122cbe7c1ad789be1231c545cc10611209ec3f7cd31642c871fe021", "size": 14377, "path": "media/metadata/boxes2D/BoundingBoxDebugger_299_4ab9657b0122cbe7c1ad.boxes2D.json"}}, {"predictions": {"_type": "boxes2D", "sha256": "4db21c03395f930120ed2d4ef542f3f6299770a1c0bd51456e772f502fe81d96", "size": 10367, "path": "media/metadata/boxes2D/BoundingBoxDebugger_299_4db21c03395f930120ed.boxes2D.json"}}, {"predictions": {"_type": "boxes2D", "sha256": "c3263f2af7804de3da4bde800960b2fc8564cbce3e845258f379e6557e39ecf8", "size": 12606, "path": "media/metadata/boxes2D/BoundingBoxDebugger_299_c3263f2af7804de3da4b.boxes2D.json"}}, {"predictions": {"_type": "boxes2D", "sha256": "2dac42b3f1ed9c2c6831e0121ac5f6b6648b786daded669873421231b1da252c", "size": 16306, "path": "media/metadata/boxes2D/BoundingBoxDebugger_299_2dac42b3f1ed9c2c6831.boxes2D.json"}}, {"predictions": {"_type": "boxes2D", "sha256": "8347cce8f40e9ed19c2afc9e1be7f02f427cd7774751e7ebdaa83518ee8b8248", "size": 15301, "path": "media/metadata/boxes2D/BoundingBoxDebugger_299_8347cce8f40e9ed19c2a.boxes2D.json"}}, {"predictions": {"_type": "boxes2D", "sha256": "1436ac2510863f8209c3790a027d9197e2bf02fcd0508d77417b29c3775ab314", "size": 16625, "path": "media/metadata/boxes2D/BoundingBoxDebugger_299_1436ac2510863f8209c3.boxes2D.json"}}, {"predictions": {"_type": "boxes2D", "sha256": "bbc72ceff141de2839d1f6203bb718c7ed74628fabd0175f6a2548ab30d5cfbc", "size": 22944, "path": "media/metadata/boxes2D/BoundingBoxDebugger_299_bbc72ceff141de2839d1.boxes2D.json"}}, {"predictions": {"_type": "boxes2D", "sha256": "99ea366cb5295c578929e6133de342508f7d8c11a62071875242949381af270d", "size": 21745, "path": "media/metadata/boxes2D/BoundingBoxDebugger_299_99ea366cb5295c578929.boxes2D.json"}}, {"predictions": {"_type": "boxes2D", "sha256": "43ed505a010935ee5734da4bf349648d10593f742ef5f608ba70b1b830e89298", "size": 11276, "path": "media/metadata/boxes2D/BoundingBoxDebugger_299_43ed505a010935ee5734.boxes2D.json"}}, {"predictions": {"_type": "boxes2D", "sha256": "e764c5d093cadf5b9345aff04b7d80a4febe231bf15aee26f9cab0083adf3b17", "size": 16922, "path": "media/metadata/boxes2D/BoundingBoxDebugger_299_e764c5d093cadf5b9345.boxes2D.json"}}]}, "Validation": {"_type": "images/separated", "width": 2048, "height": 1180, "format": "jpg", "count": 4, "filenames": ["media/images/Validation_300_efe46ca1b778da62da1f.jpg", "media/images/Validation_300_28fe46aafca444bfda80.jpg", "media/images/Validation_300_715f9003c47268225106.jpg", "media/images/Validation_300_75d21403e68840029186.jpg"], "captions": ["val_batch0_labels.jpg", "val_batch0_pred.jpg", "val_batch1_labels.jpg", "val_batch1_pred.jpg"]}, "Results": {"_type": "images/separated", "width": 2400, "height": 1200, "format": "png", "count": 6, "filenames": ["media/images/Results_300_808b153dc3df0c660ec5.png", "media/images/Results_300_d4181e8d603bf004bbc0.png", "media/images/Results_300_9e99f2a169fab0719fb5.png", "media/images/Results_300_c1057d5b607ead7a268a.png", "media/images/Results_300_feadf6231fdb99c8e67e.png", "media/images/Results_300_f77727afdc37236a2b1b.png"], "captions": ["results.png", "confusion_matrix.png", "F1_curve.png", "PR_curve.png", "P_curve.png", "R_curve.png"]}, "_wandb": {"runtime": 8434}}