{"Labels": {"_type": "images/separated", "width": 2000, "height": 2000, "format": "jpg", "count": 2, "filenames": ["media/images/Labels_0_1871f558a910a7614057.jpg", "media/images/Labels_0_e744f27576dc785b1437.jpg"], "captions": ["labels_correlogram.jpg", "labels_xyls.jpg"]}, "Mosaics": {"_type": "images/separated", "width": 2048, "height": 2048, "format": "jpg", "count": 8, "filenames": ["media/images/Mosaics_0_a4b54b6a3c7f11afb18c.jpg", "media/images/Mosaics_0_6358986e1e8badadd22c.jpg", "media/images/Mosaics_0_93d8459eafee7e31b402.jpg", "media/images/Mosaics_0_8012168e08ff9d6c9beb.jpg", "media/images/Mosaics_0_aa91dae21a04e4017d4e.jpg", "media/images/Mosaics_0_e2cf9cf3df9ef00f2d77.jpg", "media/images/Mosaics_0_dc7da6f40724d7f3db13.jpg", "media/images/Mosaics_0_579011fd156e750679d2.jpg"], "captions": ["train_batch0.jpg", "train_batch1.jpg", "train_batch2.jpg", "train_batch3.jpg", "train_batch4.jpg", "train_batch5.jpg", "train_batch6.jpg", "train_batch7.jpg"]}, "train/box_loss": 0.07098393142223358, "train/obj_loss": 0.4274027943611145, "train/cls_loss": 4.8996265832101926e-05, "train/theta_loss": 0.13077986240386963, "metrics/precision": 0.8798194580986106, "metrics/recall": 0.8413361169102297, "metrics/mAP_0.5": 0.8825309080678478, "metrics/mAP_0.5:0.95": 0.46969197919035865, "val/box_loss": 0.05655960366129875, "val/obj_loss": 0.4155811071395874, "val/cls_loss": 5.128396878717467e-05, "val/theta_loss": 0.12686902284622192, "x/lr0": 0.002000877266100618, "x/lr1": 0.002000877266100618, "x/lr2": 0.002000877266100618, "_timestamp": 1667636799, "_runtime": 7456, "_step": 300, "BoundingBoxDebugger": {"_type": "images/separated", "width": 1056, "height": 608, "format": "png", "count": 10, "filenames": ["media/images/BoundingBoxDebugger_299_600e9b46b753262c6aa3.png", "media/images/BoundingBoxDebugger_299_ea54ad607f6bc369214a.png", "media/images/BoundingBoxDebugger_299_6f5e466cd506c6abb1f0.png", "media/images/BoundingBoxDebugger_299_916b8e914349bdfb4c44.png", "media/images/BoundingBoxDebugger_299_5831095e8e3213b27317.png", "media/images/BoundingBoxDebugger_299_ad48a88d77668864e76a.png", "media/images/BoundingBoxDebugger_299_37bb351f1dba40a9c33b.png", "media/images/BoundingBoxDebugger_299_773385666479deae4d44.png", "media/images/BoundingBoxDebugger_299_95eb6e8f97f408bebcd9.png", "media/images/BoundingBoxDebugger_299_484464574bd75927a534.png"], "captions": ["pic_DJI_0639_0001_11.jpg", "pic_DJI_0639_0003_21.jpg", "pic_DJI_0639_0006_11.jpg", "pic_DJI_0639_0008_21.jpg", "pic_DJI_0639_0011_11.jpg", "pic_DJI_0639_0013_21.jpg", "pic_DJI_0639_0016_11.jpg", "pic_DJI_0639_0018_21.jpg", "pic_DJI_0639_0021_11.jpg", "pic_DJI_0639_0023_21.jpg"], "all_boxes": [{"predictions": {"_type": "boxes2D", "sha256": "4a40d312bfa1d4461b8b2df228281174d173b0d4d499d146c2ee8073e282e711", "size": 16689, "path": "media/metadata/boxes2D/BoundingBoxDebugger_299_4a40d312bfa1d4461b8b.boxes2D.json"}}, {"predictions": {"_type": "boxes2D", "sha256": "5f0a22cb1bbca580fe5eb6941917cd699832c2758592eb51b7b6ccf0bd9c103f", "size": 11066, "path": "media/metadata/boxes2D/BoundingBoxDebugger_299_5f0a22cb1bbca580fe5e.boxes2D.json"}}, {"predictions": {"_type": "boxes2D", "sha256": "7845640516bdf3fa9fa22bda6bd76ed809c1c125f312c9c7f7e6a06824719135", "size": 13728, "path": "media/metadata/boxes2D/BoundingBoxDebugger_299_7845640516bdf3fa9fa2.boxes2D.json"}}, {"predictions": {"_type": "boxes2D", "sha256": "92ad935d1e7b47c49b35f30f207552c507f4ca71c33c1683c1203a39db884b1e", "size": 16868, "path": "media/metadata/boxes2D/BoundingBoxDebugger_299_92ad935d1e7b47c49b35.boxes2D.json"}}, {"predictions": {"_type": "boxes2D", "sha256": "088a2c9354bd5faac4fa13a5bef73a3e030abc577ebffc4f8af765ab5a82d176", "size": 15954, "path": "media/metadata/boxes2D/BoundingBoxDebugger_299_088a2c9354bd5faac4fa.boxes2D.json"}}, {"predictions": {"_type": "boxes2D", "sha256": "e9adbd604f3c49663de8e25767b387b4d4fcb87865f651ad9ee416cc94f9dc9f", "size": 19248, "path": "media/metadata/boxes2D/BoundingBoxDebugger_299_e9adbd604f3c49663de8.boxes2D.json"}}, {"predictions": {"_type": "boxes2D", "sha256": "9b274d273733024398a2c2c7fe40debaa37ddbe6b4053c229c5d5c1affd88dbb", "size": 30795, "path": "media/metadata/boxes2D/BoundingBoxDebugger_299_9b274d273733024398a2.boxes2D.json"}}, {"predictions": {"_type": "boxes2D", "sha256": "2731c82e2493a0e96d7e6e595abc791c26884865cfb2b830c554e99bff5b0a2d", "size": 24236, "path": "media/metadata/boxes2D/BoundingBoxDebugger_299_2731c82e2493a0e96d7e.boxes2D.json"}}, {"predictions": {"_type": "boxes2D", "sha256": "8c72ac1ab3728237769a59f15298d6748cead4f1e159349669822d03c69bf85b", "size": 11057, "path": "media/metadata/boxes2D/BoundingBoxDebugger_299_8c72ac1ab3728237769a.boxes2D.json"}}, {"predictions": {"_type": "boxes2D", "sha256": "f466a6c0be64277048ee06eb99b05c7ded44e750e8ead2364df5195453d02c57", "size": 16699, "path": "media/metadata/boxes2D/BoundingBoxDebugger_299_f466a6c0be64277048ee.boxes2D.json"}}]}, "Validation": {"_type": "images/separated", "width": 2048, "height": 1180, "format": "jpg", "count": 4, "filenames": ["media/images/Validation_300_efe46ca1b778da62da1f.jpg", "media/images/Validation_300_ac9e3af9475c6ca6a286.jpg", "media/images/Validation_300_a350f580adda42ffd899.jpg", "media/images/Validation_300_33974428097ab185b3d9.jpg"], "captions": ["val_batch0_labels.jpg", "val_batch0_pred.jpg", "val_batch1_labels.jpg", "val_batch1_pred.jpg"]}, "Results": {"_type": "images/separated", "width": 2400, "height": 1200, "format": "png", "count": 6, "filenames": ["media/images/Results_300_4996e9173e88a9cbdbc3.png", "media/images/Results_300_7c624b213864c79f7c48.png", "media/images/Results_300_fcc9d765b056944bfc99.png", "media/images/Results_300_718135e4f0634e045939.png", "media/images/Results_300_fc551b814d2fcc6d49e8.png", "media/images/Results_300_16cfa5236af5620771b0.png"], "captions": ["results.png", "confusion_matrix.png", "F1_curve.png", "PR_curve.png", "P_curve.png", "R_curve.png"]}, "_wandb": {"runtime": 7455}}