{"Labels": {"_type": "images/separated", "width": 2000, "height": 2000, "format": "jpg", "count": 2, "filenames": ["media/images/Labels_0_1871f558a910a7614057.jpg", "media/images/Labels_0_e744f27576dc785b1437.jpg"], "captions": ["labels_correlogram.jpg", "labels_xyls.jpg"]}, "Mosaics": {"_type": "images/separated", "width": 2048, "height": 2048, "format": "jpg", "count": 8, "filenames": ["media/images/Mosaics_0_0255079bb9e548997c9e.jpg", "media/images/Mosaics_0_70c9e35df26faf7cef61.jpg", "media/images/Mosaics_0_4c8bbaec5ca464565aac.jpg", "media/images/Mosaics_0_1890a3c8514524149cbb.jpg", "media/images/Mosaics_0_a6a6df50e72ee19641fe.jpg", "media/images/Mosaics_0_8b42ac799817d5f4e0b3.jpg", "media/images/Mosaics_0_ac63f86f20be07922dd4.jpg", "media/images/Mosaics_0_f512caaa74c7303f5097.jpg"], "captions": ["train_batch0.jpg", "train_batch1.jpg", "train_batch2.jpg", "train_batch3.jpg", "train_batch4.jpg", "train_batch5.jpg", "train_batch6.jpg", "train_batch7.jpg"]}, "train/box_loss": 0.06896296888589859, "train/obj_loss": 0.42260387539863586, "train/cls_loss": 6.282499089138582e-05, "train/theta_loss": 0.1061457172036171, "metrics/precision": 0.813736613643195, "metrics/recall": 0.8117292658002471, "metrics/mAP_0.5": 0.8560703708175637, "metrics/mAP_0.5:0.95": 0.4745026361563339, "val/box_loss": 0.0536956787109375, "val/obj_loss": 0.43039271235466003, "val/cls_loss": 5.6729084462858737e-05, "val/theta_loss": 0.09894386678934097, "x/lr0": 0.002000877266100618, "x/lr1": 0.002000877266100618, "x/lr2": 0.002000877266100618, "_timestamp": 1667822797, "_runtime": 6706, "_step": 299, "BoundingBoxDebugger": {"_type": "images/separated", "width": 1056, "height": 608, "format": "png", "count": 10, "filenames": ["media/images/BoundingBoxDebugger_299_600e9b46b753262c6aa3.png", "media/images/BoundingBoxDebugger_299_ea54ad607f6bc369214a.png", "media/images/BoundingBoxDebugger_299_6f5e466cd506c6abb1f0.png", "media/images/BoundingBoxDebugger_299_916b8e914349bdfb4c44.png", "media/images/BoundingBoxDebugger_299_5831095e8e3213b27317.png", "media/images/BoundingBoxDebugger_299_ad48a88d77668864e76a.png", "media/images/BoundingBoxDebugger_299_37bb351f1dba40a9c33b.png", "media/images/BoundingBoxDebugger_299_773385666479deae4d44.png", "media/images/BoundingBoxDebugger_299_95eb6e8f97f408bebcd9.png", "media/images/BoundingBoxDebugger_299_484464574bd75927a534.png"], "captions": ["pic_DJI_0639_0001_11.jpg", "pic_DJI_0639_0003_21.jpg", "pic_DJI_0639_0006_11.jpg", "pic_DJI_0639_0008_21.jpg", "pic_DJI_0639_0011_11.jpg", "pic_DJI_0639_0013_21.jpg", "pic_DJI_0639_0016_11.jpg", "pic_DJI_0639_0018_21.jpg", "pic_DJI_0639_0021_11.jpg", "pic_DJI_0639_0023_21.jpg"], "all_boxes": [{"predictions": {"_type": "boxes2D", "sha256": "7aaf29c1490385ff03def36435dbeccea7bbf302c2f3da020a68aa7c1552cc88", "size": 42712, "path": "media/metadata/boxes2D/BoundingBoxDebugger_299_7aaf29c1490385ff03de.boxes2D.json"}}, {"predictions": {"_type": "boxes2D", "sha256": "eee2946effadd3fc9f996177eb04ac6b80805ab35bacb0c4b984a6d02561b67e", "size": 29807, "path": "media/metadata/boxes2D/BoundingBoxDebugger_299_eee2946effadd3fc9f99.boxes2D.json"}}, {"predictions": {"_type": "boxes2D", "sha256": "89d9f7cf13a40167ccbbbf59cce061b89a471c8bf02a8b399e1ffcd64c6fdad1", "size": 39964, "path": "media/metadata/boxes2D/BoundingBoxDebugger_299_89d9f7cf13a40167ccbb.boxes2D.json"}}, {"predictions": {"_type": "boxes2D", "sha256": "97f797bac5cefb51afa37c156144fede78aa8659494f2dc77a5328e271786ec7", "size": 48873, "path": "media/metadata/boxes2D/BoundingBoxDebugger_299_97f797bac5cefb51afa3.boxes2D.json"}}, {"predictions": {"_type": "boxes2D", "sha256": "39f89b4e0a7bef3710439c3ee9973f34bfc5a89920ce49164bf885d4b11065af", "size": 49790, "path": "media/metadata/boxes2D/BoundingBoxDebugger_299_39f89b4e0a7bef371043.boxes2D.json"}}, {"predictions": {"_type": "boxes2D", "sha256": "14512e9af5e981d6648dc18e4971dbba124bf2ada56fd3c3d06b83b51b461272", "size": 54583, "path": "media/metadata/boxes2D/BoundingBoxDebugger_299_14512e9af5e981d6648d.boxes2D.json"}}, {"predictions": {"_type": "boxes2D", "sha256": "04f32adf73ba0c1d78d438826abfdcf0d490d26282ce4749344e06c7bf9b03c4", "size": 72409, "path": "media/metadata/boxes2D/BoundingBoxDebugger_299_04f32adf73ba0c1d78d4.boxes2D.json"}}, {"predictions": {"_type": "boxes2D", "sha256": "8e2592465e1d6c283d7e58e12e786ef5e2f8b4d356bedf12e17d46b65dc2efd9", "size": 71852, "path": "media/metadata/boxes2D/BoundingBoxDebugger_299_8e2592465e1d6c283d7e.boxes2D.json"}}, {"predictions": {"_type": "boxes2D", "sha256": "cc332e75d2ac4bb9bd9e89e85230d9409b35760fa5e175310b27dc33aa4462f3", "size": 40928, "path": "media/metadata/boxes2D/BoundingBoxDebugger_299_cc332e75d2ac4bb9bd9e.boxes2D.json"}}, {"predictions": {"_type": "boxes2D", "sha256": "50364930a4f22c942aa23652b9ba0db749976856032d31006ced509da050e6b6", "size": 54822, "path": "media/metadata/boxes2D/BoundingBoxDebugger_299_50364930a4f22c942aa2.boxes2D.json"}}]}, "_wandb": {"runtime": 6709}}