{"box_data": [{"position": {"minX": 336.2679443359375, "minY": -38.284881591796875, "maxX": 770.7320556640625, "maxY": 464.7848815917969}, "class_id": 0, "box_caption": "empty 0.088", "scores": {"class_score": 0.08807373046875}, "domain": "pixel"}, {"position": {"minX": 479.0650634765625, "minY": -52.42388916015625, "maxX": 826.9349365234375, "maxY": 338.42388916015625}, "class_id": 0, "box_caption": "empty 0.030", "scores": {"class_score": 0.029754638671875}, "domain": "pixel"}], "class_labels": {"0": "empty", "1": "rec"}}