{"box_data": [{"position": {"minX": 18.7623291015625, "minY": 216.33351135253906, "maxX": 575.2376708984375, "maxY": 707.16650390625}, "class_id": 0, "box_caption": "empty 0.014", "scores": {"class_score": 0.01377105712890625}, "domain": "pixel"}, {"position": {"minX": 18.7623291015625, "minY": 216.33351135253906, "maxX": 575.2376708984375, "maxY": 707.16650390625}, "class_id": 1, "box_caption": "rec 0.011", "scores": {"class_score": 0.01093292236328125}, "domain": "pixel"}, {"position": {"minX": -303.99822998046875, "minY": 85.49615478515625, "maxX": 467.87322998046875, "maxY": 769.5038452148438}, "class_id": 1, "box_caption": "rec 0.011", "scores": {"class_score": 0.0105438232421875}, "domain": "pixel"}], "class_labels": {"0": "empty", "1": "rec"}}