{"box_data": [{"position": {"minX": 417.76373291015625, "minY": 180.4497528076172, "maxX": 579.2362670898438, "maxY": 427.55023193359375}, "class_id": 0, "box_caption": "empty 0.029", "scores": {"class_score": 0.0294342041015625}, "domain": "pixel"}, {"position": {"minX": 285.225341796875, "minY": 237.07125854492188, "maxX": 333.274658203125, "maxY": 338.9287414550781}, "class_id": 0, "box_caption": "empty 0.010", "scores": {"class_score": 0.0101318359375}, "domain": "pixel"}], "class_labels": {"0": "empty", "1": "rec"}}