{"box_data": [{"position": {"minX": 529.671875, "minY": 246.572265625, "maxX": 780.328125, "maxY": 558.927734375}, "class_id": 0, "box_caption": "empty 0.044", "scores": {"class_score": 0.044036865234375}, "domain": "pixel"}, {"position": {"minX": 430.48785400390625, "minY": 292.071533203125, "maxX": 753.5121459960938, "maxY": 583.928466796875}, "class_id": 0, "box_caption": "empty 0.017", "scores": {"class_score": 0.01702880859375}, "domain": "pixel"}, {"position": {"minX": 356.265380859375, "minY": 87.50068664550781, "maxX": 835.734619140625, "maxY": 576.4993286132812}, "class_id": 0, "box_caption": "empty 0.010", "scores": {"class_score": 0.01019287109375}, "domain": "pixel"}], "class_labels": {"0": "empty", "1": "rec"}}