{"box_data": [{"position": {"minX": 111.9781494140625, "minY": 199.370849609375, "maxX": 630.5218505859375, "maxY": 609.129150390625}, "class_id": 0, "box_caption": "empty 0.012", "scores": {"class_score": 0.01206207275390625}, "domain": "pixel"}, {"position": {"minX": 580.0015869140625, "minY": 154.96630859375, "maxX": 1241.99853515625, "maxY": 838.5336303710938}, "class_id": 0, "box_caption": "empty 0.011", "scores": {"class_score": 0.0111083984375}, "domain": "pixel"}], "class_labels": {"0": "empty", "1": "rec"}}