{"Labels": {"_type": "images/separated", "width": 2000, "height": 2000, "format": "jpg", "count": 2, "filenames": ["media/images/Labels_0_1871f558a910a7614057.jpg", "media/images/Labels_0_e744f27576dc785b1437.jpg"], "captions": ["labels_correlogram.jpg", "labels_xyls.jpg"]}, "Mosaics": {"_type": "images/separated", "width": 2048, "height": 2048, "format": "jpg", "count": 8, "filenames": ["media/images/Mosaics_0_0255079bb9e548997c9e.jpg", "media/images/Mosaics_0_70c9e35df26faf7cef61.jpg", "media/images/Mosaics_0_4c8bbaec5ca464565aac.jpg", "media/images/Mosaics_0_1890a3c8514524149cbb.jpg", "media/images/Mosaics_0_a6a6df50e72ee19641fe.jpg", "media/images/Mosaics_0_8b42ac799817d5f4e0b3.jpg", "media/images/Mosaics_0_ac63f86f20be07922dd4.jpg", "media/images/Mosaics_0_f512caaa74c7303f5097.jpg"], "captions": ["train_batch0.jpg", "train_batch1.jpg", "train_batch2.jpg", "train_batch3.jpg", "train_batch4.jpg", "train_batch5.jpg", "train_batch6.jpg", "train_batch7.jpg"]}, "train/box_loss": 0.05454552546143532, "train/obj_loss": 0.3777347803115845, "train/cls_loss": 5.300289922161028e-05, "train/theta_loss": 0.10457009822130203, "metrics/precision": 0.881850593209243, "metrics/recall": 0.872651356993737, "metrics/mAP_0.5": 0.8997265854702378, "metrics/mAP_0.5:0.95": 0.5352572969648498, "val/box_loss": 0.05224838852882385, "val/obj_loss": 0.42570507526397705, "val/cls_loss": 4.993302718503401e-05, "val/theta_loss": 0.0984937995672226, "x/lr0": 7.935309827921498e-05, "x/lr1": 7.935309827921498e-05, "x/lr2": 0.09928580471118245, "_timestamp": 1667309000, "_runtime": 70, "_step": 1, "_wandb": {"runtime": 80}}