{"Labels": {"_type": "images/separated", "width": 2000, "height": 2000, "format": "jpg", "count": 2, "filenames": ["media/images/Labels_0_4b500e98d43555814946.jpg", "media/images/Labels_0_d10c776670a76b3ce702.jpg"], "captions": ["labels_correlogram.jpg", "labels_xyls.jpg"]}, "Mosaics": {"_type": "images/separated", "width": 2048, "height": 2048, "format": "jpg", "count": 8, "filenames": ["media/images/Mosaics_0_d7751ce4ef53711a4e6b.jpg", "media/images/Mosaics_0_57f73b6918fb56b51990.jpg", "media/images/Mosaics_0_c560f65a8407f55fe152.jpg", "media/images/Mosaics_0_c12c72f95e5452c8c299.jpg", "media/images/Mosaics_0_cfa62953009dc8819aa1.jpg", "media/images/Mosaics_0_e2056d542968ae6bb0a4.jpg", "media/images/Mosaics_0_f5fcd885ef5ccd2b2f3c.jpg", "media/images/Mosaics_0_7e73aad7772164ff384d.jpg"], "captions": ["train_batch0.jpg", "train_batch1.jpg", "train_batch2.jpg", "train_batch3.jpg", "train_batch4.jpg", "train_batch5.jpg", "train_batch6.jpg", "train_batch7.jpg"]}, "train/box_loss": 0.055579133331775665, "train/obj_loss": 0.0345267727971077, "train/cls_loss": 0.01168173085898161, "train/theta_loss": 0.5254175066947937, "metrics/precision": 0.21609850723174573, "metrics/recall": 0.26666666666666666, "metrics/mAP_0.5": 0.12548321973836177, "metrics/mAP_0.5:0.95": 0.028514265169311902, "val/box_loss": 0.04815620183944702, "val/obj_loss": 0.022604351863265038, "val/cls_loss": 0.0029935333877801895, "val/theta_loss": 0.3503338396549225, "x/lr0": 0.0009540000000000002, "x/lr1": 0.0009540000000000002, "x/lr2": 0.085054, "BoundingBoxDebugger": {"_type": "images/separated", "width": 1056, "height": 608, "format": "png", "count": 16, "filenames": ["media/images/BoundingBoxDebugger_1_31c0994edb7a361c368e.png", "media/images/BoundingBoxDebugger_1_5f4ff95326d72d680d96.png", "media/images/BoundingBoxDebugger_1_3a5282c7113cb14b035d.png", "media/images/BoundingBoxDebugger_1_13b46639897ddccf41e6.png", "media/images/BoundingBoxDebugger_1_670349dff659451d7229.png", "media/images/BoundingBoxDebugger_1_6d6891b1280a582062df.png", "media/images/BoundingBoxDebugger_1_5b699c293be37d9b6f75.png", "media/images/BoundingBoxDebugger_1_d9762826e5d403a01ba7.png", "media/images/BoundingBoxDebugger_1_0fcbfa80d167e760d9a5.png", "media/images/BoundingBoxDebugger_1_68cca57edfc098d17c49.png", "media/images/BoundingBoxDebugger_1_188cd181fcdb37de1005.png", "media/images/BoundingBoxDebugger_1_3cbfcd227e5189d92135.png", "media/images/BoundingBoxDebugger_1_81493324c3b917f77cfb.png", "media/images/BoundingBoxDebugger_1_0476f2d7089035f39f85.png", "media/images/BoundingBoxDebugger_1_1b313b43d00d55dd6833.png", "media/images/BoundingBoxDebugger_1_889e3824d00db04db521.png"], "captions": ["1.jpg", "71.jpg", "61.jpg", "51.jpg", "41.jpg", "31.jpg", "81.jpg", "21.jpg", "91.jpg", "101.jpg", "11.jpg", "111.jpg", "121.jpg", "141.jpg", "131.jpg", "171.jpg"], "all_boxes": [{"predictions": {"_type": "boxes2D", "sha256": "c2bc09446d85031adf054eb009da4fb31fece6334f67347afafe5fc89ee5ec64", "size": 2851, "path": "media/metadata/boxes2D/BoundingBoxDebugger_1_c2bc09446d85031adf05.boxes2D.json"}}, {"predictions": {"_type": "boxes2D", "sha256": "042a0373a74a251701ce832fd68f54238eb76ea2373fbec93b54292356f46116", "size": 3085, "path": "media/metadata/boxes2D/BoundingBoxDebugger_1_042a0373a74a251701ce.boxes2D.json"}}, {"predictions": {"_type": "boxes2D", "sha256": "e0e41007b8afe2d6182ab39debdc0be8f97242288f9b7f0b5f86bcfa0a00f295", "size": 521, "path": "media/metadata/boxes2D/BoundingBoxDebugger_1_e0e41007b8afe2d6182a.boxes2D.json"}}, {"predictions": {"_type": "boxes2D", "sha256": "4f85fe48cb60d0f02264cc73d9b721a476fccc8e46ff3e8e18ede2cef81e63d6", "size": 526, "path": "media/metadata/boxes2D/BoundingBoxDebugger_1_4f85fe48cb60d0f02264.boxes2D.json"}}, {"predictions": {"_type": "boxes2D", "sha256": "57c54083260333acf7318f63868f754b03f266a4a76c3330b5f71f9eb2054833", "size": 733, "path": "media/metadata/boxes2D/BoundingBoxDebugger_1_57c54083260333acf731.boxes2D.json"}}, {"predictions": {"_type": "boxes2D", "sha256": "9faf1ff468d0558b67b76f16fb0043cfbe518709e7277d2e32b9acd688bc8889", "size": 1924, "path": "media/metadata/boxes2D/BoundingBoxDebugger_1_9faf1ff468d0558b67b7.boxes2D.json"}}, {"predictions": {"_type": "boxes2D", "sha256": "005789d5337d6394bc992d5e33e37d0b84c1a27d997b60e5a7cf4cf3f58c5e7c", "size": 529, "path": "media/metadata/boxes2D/BoundingBoxDebugger_1_005789d5337d6394bc99.boxes2D.json"}}, {"predictions": {"_type": "boxes2D", "sha256": "4844b83ab6901f637943a8899abce15a6dc75cc0bd0131ad878bf92c007b29f5", "size": 2879, "path": "media/metadata/boxes2D/BoundingBoxDebugger_1_4844b83ab6901f637943.boxes2D.json"}}, {"predictions": {"_type": "boxes2D", "sha256": "227df767bb74cb01c2bd038732fa41981316b3092d74fcc341a9fca75a7dad71", "size": 2627, "path": "media/metadata/boxes2D/BoundingBoxDebugger_1_227df767bb74cb01c2bd.boxes2D.json"}}, {"predictions": {"_type": "boxes2D", "sha256": "574bc140d963baf9da35509663a92e218887b90d1f51375f5b7dba8c5f0f0047", "size": 3810, "path": "media/metadata/boxes2D/BoundingBoxDebugger_1_574bc140d963baf9da35.boxes2D.json"}}, {"predictions": {"_type": "boxes2D", "sha256": "08ca1818af65b9e79c23bc386f368accec01e7e61ea392321d55614c2fc41b08", "size": 4015, "path": "media/metadata/boxes2D/BoundingBoxDebugger_1_08ca1818af65b9e79c23.boxes2D.json"}}, {"predictions": {"_type": "boxes2D", "sha256": "2b9e705e0205bb7efce34e1cacfaa88ada5b98355845d18d9c0ddee536397921", "size": 2164, "path": "media/metadata/boxes2D/BoundingBoxDebugger_1_2b9e705e0205bb7efce3.boxes2D.json"}}, {"predictions": {"_type": "boxes2D", "sha256": "1818996708e0910bd3a5004316e40bb78881c4565e21c7d60cc700f91cbc1d93", "size": 2610, "path": "media/metadata/boxes2D/BoundingBoxDebugger_1_1818996708e0910bd3a5.boxes2D.json"}}, {"predictions": {"_type": "boxes2D", "sha256": "88c68b0b0f6659b402ef08b67397272ef6904d8db93d35fd95139efb1bb55770", "size": 2170, "path": "media/metadata/boxes2D/BoundingBoxDebugger_1_88c68b0b0f6659b402ef.boxes2D.json"}}, {"predictions": {"_type": "boxes2D", "sha256": "44d8a29ab6bb19a09c9d4c267870793b6c746cbf6608cd1e96b7bfca0221d945", "size": 1471, "path": "media/metadata/boxes2D/BoundingBoxDebugger_1_44d8a29ab6bb19a09c9d.boxes2D.json"}}, {"predictions": {"_type": "boxes2D", "sha256": "34455b24b6af0edcbf6c37555d30b4669289b9c6c80cdbbd9edd2e804f662b16", "size": 1919, "path": "media/metadata/boxes2D/BoundingBoxDebugger_1_34455b24b6af0edcbf6c.boxes2D.json"}}]}, "_timestamp": 1655021756, "_runtime": 194, "_step": 2, "Validation": {"_type": "images/separated", "width": 2048, "height": 1180, "format": "jpg", "count": 6, "filenames": ["media/images/Validation_2_c0c87d2fd9fb95004d54.jpg", "media/images/Validation_2_ec0cd21367ffdde14ecd.jpg", "media/images/Validation_2_d817234f70beea531466.jpg", "media/images/Validation_2_fdc4659509a76f7a2047.jpg", "media/images/Validation_2_786029fe6ab9c75e7ba2.jpg", "media/images/Validation_2_873f0d1e7a268ae57a64.jpg"], "captions": ["val_batch0_labels.jpg", "val_batch0_pred.jpg", "val_batch1_labels.jpg", "val_batch1_pred.jpg", "val_batch2_labels.jpg", "val_batch2_pred.jpg"]}, "Results": {"_type": "images/separated", "width": 2400, "height": 1200, "format": "png", "count": 6, "filenames": ["media/images/Results_2_f62ca8499e93607ff22a.png", "media/images/Results_2_a1be0499ff21e9adc1ab.png", "media/images/Results_2_74ecbf3ed40e85c3231d.png", "media/images/Results_2_98c93c1827086abc9a57.png", "media/images/Results_2_684c4657eb344fd18530.png", "media/images/Results_2_3f9a543c632f30a891f2.png"], "captions": ["results.png", "confusion_matrix.png", "F1_curve.png", "PR_curve.png", "P_curve.png", "R_curve.png"]}, "_wandb": {"runtime": 195}}