{"Labels": {"_type": "images/separated", "width": 2000, "height": 2000, "format": "jpg", "count": 2, "filenames": ["media/images/Labels_0_4b500e98d43555814946.jpg", "media/images/Labels_0_cbd825f0110064681b7d.jpg"], "captions": ["labels_correlogram.jpg", "labels_xyls.jpg"]}, "Mosaics": {"_type": "images/separated", "width": 2048, "height": 2048, "format": "jpg", "count": 8, "filenames": ["media/images/Mosaics_0_d7751ce4ef53711a4e6b.jpg", "media/images/Mosaics_0_57f73b6918fb56b51990.jpg", "media/images/Mosaics_0_c560f65a8407f55fe152.jpg", "media/images/Mosaics_0_c12c72f95e5452c8c299.jpg", "media/images/Mosaics_0_cfa62953009dc8819aa1.jpg", "media/images/Mosaics_0_e2056d542968ae6bb0a4.jpg", "media/images/Mosaics_0_f5fcd885ef5ccd2b2f3c.jpg", "media/images/Mosaics_0_7e73aad7772164ff384d.jpg"], "captions": ["train_batch0.jpg", "train_batch1.jpg", "train_batch2.jpg", "train_batch3.jpg", "train_batch4.jpg", "train_batch5.jpg", "train_batch6.jpg", "train_batch7.jpg"]}, "train/box_loss": 0.0971391350030899, "train/obj_loss": 0.006179535295814276, "train/cls_loss": 0.00012403119762893766, "train/theta_loss": 0.16348329186439514, "metrics/precision": 0.6300129063569924, "metrics/recall": 0.6333333333333333, "metrics/mAP_0.5": 0.6125454523488423, "metrics/mAP_0.5:0.95": 0.19875459874261975, "val/box_loss": 0.08654443174600601, "val/obj_loss": 0.0048725781962275505, "val/cls_loss": 7.34539789846167e-05, "val/theta_loss": 0.1435801088809967, "x/lr0": 0.0017544233739206884, "x/lr1": 0.0017544233739206884, "x/lr2": 0.021854423373920698, "BoundingBoxDebugger": {"_type": "images/separated", "width": 1056, "height": 608, "format": "png", "count": 16, "filenames": ["media/images/BoundingBoxDebugger_9_31c0994edb7a361c368e.png", "media/images/BoundingBoxDebugger_9_5f4ff95326d72d680d96.png", "media/images/BoundingBoxDebugger_9_3a5282c7113cb14b035d.png", "media/images/BoundingBoxDebugger_9_13b46639897ddccf41e6.png", "media/images/BoundingBoxDebugger_9_670349dff659451d7229.png", "media/images/BoundingBoxDebugger_9_6d6891b1280a582062df.png", "media/images/BoundingBoxDebugger_9_5b699c293be37d9b6f75.png", "media/images/BoundingBoxDebugger_9_d9762826e5d403a01ba7.png", "media/images/BoundingBoxDebugger_9_0fcbfa80d167e760d9a5.png", "media/images/BoundingBoxDebugger_9_68cca57edfc098d17c49.png", "media/images/BoundingBoxDebugger_9_188cd181fcdb37de1005.png", "media/images/BoundingBoxDebugger_9_3cbfcd227e5189d92135.png", "media/images/BoundingBoxDebugger_9_81493324c3b917f77cfb.png", "media/images/BoundingBoxDebugger_9_0476f2d7089035f39f85.png", "media/images/BoundingBoxDebugger_9_1b313b43d00d55dd6833.png", "media/images/BoundingBoxDebugger_9_889e3824d00db04db521.png"], "captions": ["1.jpg", "71.jpg", "61.jpg", "51.jpg", "41.jpg", "31.jpg", "81.jpg", "21.jpg", "91.jpg", "101.jpg", "11.jpg", "111.jpg", "121.jpg", "141.jpg", "131.jpg", "171.jpg"], "all_boxes": [{"predictions": {"_type": "boxes2D", "sha256": "e935c479be09acb82d3b2f9dedb573f2ffa28601c9ab8e190bebdaad0cbc9270", "size": 703, "path": "media/metadata/boxes2D/BoundingBoxDebugger_9_e935c479be09acb82d3b.boxes2D.json"}}, {"predictions": {"_type": "boxes2D", "sha256": "e42d288b199b97d23a2d678b88f5cdc293985820df4f67f4b375faa6c0201902", "size": 2149, "path": "media/metadata/boxes2D/BoundingBoxDebugger_9_e42d288b199b97d23a2d.boxes2D.json"}}, {"predictions": {"_type": "boxes2D", "sha256": "0c3f0c52567fa6f7319738caa4ab5ff4c7d2f1ae58d77fda6aafda7604eba849", "size": 512, "path": "media/metadata/boxes2D/BoundingBoxDebugger_9_0c3f0c52567fa6f73197.boxes2D.json"}}, {"predictions": {"_type": "boxes2D", "sha256": "3fde0f5e1af9caa1626c28c850c599819b1cb471c7d7ed20165b82aac5526cfe", "size": 757, "path": "media/metadata/boxes2D/BoundingBoxDebugger_9_3fde0f5e1af9caa1626c.boxes2D.json"}}, {"predictions": {"_type": "boxes2D", "sha256": "b10a03998b19e19c6ae5388dfadea68b1d062f2b119e47a623e92f9ca5854645", "size": 478, "path": "media/metadata/boxes2D/BoundingBoxDebugger_9_b10a03998b19e19c6ae5.boxes2D.json"}}, {"predictions": {"_type": "boxes2D", "sha256": "ae7d070862b61217c4adfda040db12ffa7d9bacf997bc0446317f40bf6907784", "size": 945, "path": "media/metadata/boxes2D/BoundingBoxDebugger_9_ae7d070862b61217c4ad.boxes2D.json"}}, {"predictions": {"_type": "boxes2D", "sha256": "aaa85023dc667c8d3a526325994fe70df1b9309f2f018fcc3245d7a020047dd8", "size": 241, "path": "media/metadata/boxes2D/BoundingBoxDebugger_9_aaa85023dc667c8d3a52.boxes2D.json"}}, {"predictions": {"_type": "boxes2D", "sha256": "483e96eebfa84ea57359553faf3857c8657ac962ef39a84258a023ca2a1a8a9c", "size": 935, "path": "media/metadata/boxes2D/BoundingBoxDebugger_9_483e96eebfa84ea57359.boxes2D.json"}}, {"predictions": {"_type": "boxes2D", "sha256": "7bb13f0c7af088a1cc799d21f417c996f02680e5fc71c3d313f514de1dd0086a", "size": 706, "path": "media/metadata/boxes2D/BoundingBoxDebugger_9_7bb13f0c7af088a1cc79.boxes2D.json"}}, {"predictions": {"_type": "boxes2D", "sha256": "42b4fc2f681db5e1ae32cc107b0d0c91b5dfd82e849f1660cbd31dbac6821a30", "size": 749, "path": "media/metadata/boxes2D/BoundingBoxDebugger_9_42b4fc2f681db5e1ae32.boxes2D.json"}}, {"predictions": {"_type": "boxes2D", "sha256": "06fef6899ee32b5e56af0257a3df955b0c10299fb11b9628b0b90a82dfa4e231", "size": 478, "path": "media/metadata/boxes2D/BoundingBoxDebugger_9_06fef6899ee32b5e56af.boxes2D.json"}}, {"predictions": {"_type": "boxes2D", "sha256": "d9f203601bc191aaf50808876158204dc62f5667d2ca5da6b9a970b76bb06ff6", "size": 743, "path": "media/metadata/boxes2D/BoundingBoxDebugger_9_d9f203601bc191aaf508.boxes2D.json"}}, {"predictions": {"_type": "boxes2D", "sha256": "e91d690107b34fea45707a7cce9ae263dc6645399ab47d0f1f6b767bc23bb27f", "size": 707, "path": "media/metadata/boxes2D/BoundingBoxDebugger_9_e91d690107b34fea4570.boxes2D.json"}}, {"predictions": {"_type": "boxes2D", "sha256": "496923aae66278a8a3adbd070c5459b1b24f4f7bd3ced78b3a736564014fcf11", "size": 893, "path": "media/metadata/boxes2D/BoundingBoxDebugger_9_496923aae66278a8a3ad.boxes2D.json"}}, {"predictions": {"_type": "boxes2D", "sha256": "2eeabf98aee5e025c56aa26e8bb45b4790ccfd4b6afc42b17669b3630c3a187e", "size": 935, "path": "media/metadata/boxes2D/BoundingBoxDebugger_9_2eeabf98aee5e025c56a.boxes2D.json"}}, {"predictions": {"_type": "boxes2D", "sha256": "f913a873c2cf5c962d1a5674a2fa163e207516658a2b4db9008ed9277d8536e2", "size": 1584, "path": "media/metadata/boxes2D/BoundingBoxDebugger_9_f913a873c2cf5c962d1a.boxes2D.json"}}]}, "_timestamp": 1655025970, "_runtime": 911, "_step": 10, "Validation": {"_type": "images/separated", "width": 2048, "height": 1180, "format": "jpg", "count": 6, "filenames": ["media/images/Validation_10_9b789879fe3983eade57.jpg", "media/images/Validation_10_ec0cd21367ffdde14ecd.jpg", "media/images/Validation_10_dbe7c41f34f57ce7bd9a.jpg", "media/images/Validation_10_fdc4659509a76f7a2047.jpg", "media/images/Validation_10_f951611eb4f4c20ab3b0.jpg", "media/images/Validation_10_873f0d1e7a268ae57a64.jpg"], "captions": ["val_batch0_labels.jpg", "val_batch0_pred.jpg", "val_batch1_labels.jpg", "val_batch1_pred.jpg", "val_batch2_labels.jpg", "val_batch2_pred.jpg"]}, "Results": {"_type": "images/separated", "width": 2400, "height": 1200, "format": "png", "count": 6, "filenames": ["media/images/Results_10_fda800b4e37c0a7784c5.png", "media/images/Results_10_1de66668230ebb054a9d.png", "media/images/Results_10_fe2da7ad67523b40f0fb.png", "media/images/Results_10_eefa0fddb0d36d83359e.png", "media/images/Results_10_00e605123c1fbc96fccd.png", "media/images/Results_10_99f314c16232a1a0785b.png"], "captions": ["results.png", "confusion_matrix.png", "F1_curve.png", "PR_curve.png", "P_curve.png", "R_curve.png"]}, "_wandb": {"runtime": 913}}