{"Labels": {"_type": "images/separated", "width": 2000, "height": 2000, "format": "jpg", "count": 2, "filenames": ["media/images/Labels_0_067fa67f3cbd8888c7e9.jpg", "media/images/Labels_0_9407513fff6040895b0f.jpg"], "captions": ["labels_correlogram.jpg", "labels_xyls.jpg"]}, "Mosaics": {"_type": "images/separated", "width": 2048, "height": 2048, "format": "jpg", "count": 8, "filenames": ["media/images/Mosaics_0_280c4da894239c6e27a3.jpg", "media/images/Mosaics_0_af78d7d98e203509808c.jpg", "media/images/Mosaics_0_89b53f0abfbe55b38104.jpg", "media/images/Mosaics_0_baed74a189e21228833e.jpg", "media/images/Mosaics_0_a3c32eeed56b3708ef55.jpg", "media/images/Mosaics_0_248755d83e21a32eaa7e.jpg", "media/images/Mosaics_0_0eb2db690074fbfdf47a.jpg", "media/images/Mosaics_0_6da83b0ec443c28641d4.jpg"], "captions": ["train_batch0.jpg", "train_batch1.jpg", "train_batch2.jpg", "train_batch3.jpg", "train_batch4.jpg", "train_batch5.jpg", "train_batch6.jpg", "train_batch7.jpg"]}, "train/box_loss": 0.05799300968647003, "train/obj_loss": 0.30536511540412903, "train/cls_loss": 6.323305569821969e-05, "train/theta_loss": 0.17652525007724762, "metrics/precision": 0.2930889893700941, "metrics/recall": 0.7013888888888888, "metrics/mAP_0.5": 0.35941199763735465, "metrics/mAP_0.5:0.95": 0.11454185424911612, "val/box_loss": 0.05692804977297783, "val/obj_loss": 0.4681455194950104, "val/cls_loss": 6.358470272971317e-05, "val/theta_loss": 0.17404979467391968, "x/lr0": 0.002000315823184735, "x/lr1": 0.002000315823184735, "x/lr2": 0.002000315823184735, "_timestamp": 1661349415, "_runtime": 3308, "_step": 500, "BoundingBoxDebugger": {"_type": "images/separated", "width": 1056, "height": 608, "format": "png", "count": 6, "filenames": ["media/images/BoundingBoxDebugger_499_6f5e466cd506c6abb1f0.png", "media/images/BoundingBoxDebugger_499_916b8e914349bdfb4c44.png", "media/images/BoundingBoxDebugger_499_ad48a88d77668864e76a.png", "media/images/BoundingBoxDebugger_499_773385666479deae4d44.png", "media/images/BoundingBoxDebugger_499_95eb6e8f97f408bebcd9.png", "media/images/BoundingBoxDebugger_499_484464574bd75927a534.png"], "captions": ["pic_DJI_0639_0006_11.jpg", "pic_DJI_0639_0008_21.jpg", "pic_DJI_0639_0013_21.jpg", "pic_DJI_0639_0018_21.jpg", "pic_DJI_0639_0021_11.jpg", "pic_DJI_0639_0023_21.jpg"], "all_boxes": [{"predictions": {"_type": "boxes2D", "sha256": "273f46d5619cc98d0c919abb4d9c6d4c9f8a0d0e5c3e8d03ce95a0c4fc5f2860", "size": 66267, "path": "media/metadata/boxes2D/BoundingBoxDebugger_499_273f46d5619cc98d0c91.boxes2D.json"}}, {"predictions": {"_type": "boxes2D", "sha256": "b3228e81de709aa5d3b555a09f805e6d6036225670e7ab09c5795a5937149c01", "size": 98033, "path": "media/metadata/boxes2D/BoundingBoxDebugger_499_b3228e81de709aa5d3b5.boxes2D.json"}}, {"predictions": {"_type": "boxes2D", "sha256": "60151c73e050e66e65260f056455c5f8ec9dfbc0fb8cd221196e348f2e568d96", "size": 112669, "path": "media/metadata/boxes2D/BoundingBoxDebugger_499_60151c73e050e66e6526.boxes2D.json"}}, {"predictions": {"_type": "boxes2D", "sha256": "4b5484df6a5464f6ba3e12af441645684a225d512f27ce21430b1e60df2e509d", "size": 122554, "path": "media/metadata/boxes2D/BoundingBoxDebugger_499_4b5484df6a5464f6ba3e.boxes2D.json"}}, {"predictions": {"_type": "boxes2D", "sha256": "6af3029460f16ae464595ac5579afebbcd10fa171d5a08fdf477688795a66041", "size": 73034, "path": "media/metadata/boxes2D/BoundingBoxDebugger_499_6af3029460f16ae46459.boxes2D.json"}}, {"predictions": {"_type": "boxes2D", "sha256": "1a4e0cf80146e8e56e9133866edacd4f43dff1b791998cd009a740df48d82e91", "size": 88596, "path": "media/metadata/boxes2D/BoundingBoxDebugger_499_1a4e0cf80146e8e56e91.boxes2D.json"}}]}, "Validation": {"_type": "images/separated", "width": 2048, "height": 1180, "format": "jpg", "count": 1, "filenames": ["media/images/Validation_500_00b2e6ea97707c079844.jpg"], "captions": ["val_batch0_labels.jpg"]}, "Results": {"_type": "images/separated", "width": 2400, "height": 1200, "format": "png", "count": 6, "filenames": ["media/images/Results_500_324886232a979fc9a435.png", "media/images/Results_500_21cfdd102f52086517b2.png", "media/images/Results_500_8e01e76b82d757f4fa60.png", "media/images/Results_500_f6e5ae95b8c5a533d119.png", "media/images/Results_500_3c814db52ab812a7e914.png", "media/images/Results_500_5ebac23d16fa6cee1f8a.png"], "captions": ["results.png", "confusion_matrix.png", "F1_curve.png", "PR_curve.png", "P_curve.png", "R_curve.png"]}, "_wandb": {"runtime": 3309}}