{"box_data": [{"position": {"minX": 241.8330078125, "minY": -141.01953125, "maxX": 981.1669921875, "maxY": 764.01953125}, "class_id": 0, "box_caption": "rec 0.174", "scores": {"class_score": 0.1744384765625}, "domain": "pixel"}, {"position": {"minX": -268.3306884765625, "minY": -515.1126708984375, "maxX": 1510.3306884765625, "maxY": 1130.6126708984375}, "class_id": 0, "box_caption": "rec 0.130", "scores": {"class_score": 0.1300048828125}, "domain": "pixel"}, {"position": {"minX": 326.81781005859375, "minY": 73.58734130859375, "maxX": 868.1821899414062, "maxY": 541.4126586914062}, "class_id": 0, "box_caption": "rec 0.051", "scores": {"class_score": 0.050994873046875}, "domain": "pixel"}], "class_labels": {"0": "rec", "1": "none"}}