{"box_data": [{"position": {"minX": 345.00048828125, "minY": 306.09613037109375, "maxX": 615.49951171875, "maxY": 607.9038696289062}, "class_id": 0, "box_caption": "rec 0.378", "scores": {"class_score": 0.37841796875}, "domain": "pixel"}, {"position": {"minX": 211.26495361328125, "minY": 170.07293701171875, "maxX": 738.2350463867188, "maxY": 744.9270629882812}, "class_id": 0, "box_caption": "rec 0.181", "scores": {"class_score": 0.1806640625}, "domain": "pixel"}, {"position": {"minX": 219.09918212890625, "minY": 262.92889404296875, "maxX": 736.9008178710938, "maxY": 656.0711059570312}, "class_id": 0, "box_caption": "rec 0.103", "scores": {"class_score": 0.1026611328125}, "domain": "pixel"}], "class_labels": {"0": "rec", "1": "none"}}