{"box_data": [{"position": {"minX": 345.01458740234375, "minY": 288.906005859375, "maxX": 617.9854125976562, "maxY": 591.593994140625}, "class_id": 0, "box_caption": "rec 0.360", "scores": {"class_score": 0.3603515625}, "domain": "pixel"}, {"position": {"minX": 211.51495361328125, "minY": 171.07293701171875, "maxX": 738.4850463867188, "maxY": 745.9270629882812}, "class_id": 0, "box_caption": "rec 0.183", "scores": {"class_score": 0.1829833984375}, "domain": "pixel"}, {"position": {"minX": 220.475830078125, "minY": 243.375732421875, "maxX": 740.524169921875, "maxY": 641.124267578125}, "class_id": 0, "box_caption": "rec 0.084", "scores": {"class_score": 0.08416748046875}, "domain": "pixel"}], "class_labels": {"0": "rec", "1": "none"}}