{"box_data": [{"position": {"minX": 343.50048828125, "minY": 307.09613037109375, "maxX": 613.99951171875, "maxY": 608.9038696289062}, "class_id": 0, "box_caption": "rec 0.286", "scores": {"class_score": 0.2861328125}, "domain": "pixel"}, {"position": {"minX": 207.76495361328125, "minY": 156.07293701171875, "maxX": 734.7350463867188, "maxY": 730.9270629882812}, "class_id": 0, "box_caption": "rec 0.136", "scores": {"class_score": 0.1361083984375}, "domain": "pixel"}, {"position": {"minX": 61.44207763671875, "minY": 168.79754638671875, "maxX": 886.057861328125, "maxY": 747.2024536132812}, "class_id": 0, "box_caption": "rec 0.036", "scores": {"class_score": 0.03582763671875}, "domain": "pixel"}], "class_labels": {"0": "rec", "1": "none"}}