{"box_data": [{"position": {"minX": 434.1468505859375, "minY": 74.99560546875, "maxX": 1019.8531494140625, "maxY": 653.00439453125}, "class_id": 0, "box_caption": "rec 0.310", "scores": {"class_score": 0.309814453125}, "domain": "pixel"}, {"position": {"minX": 572.7825927734375, "minY": 209.62176513671875, "maxX": 876.2174072265625, "maxY": 511.37823486328125}, "class_id": 0, "box_caption": "rec 0.223", "scores": {"class_score": 0.223388671875}, "domain": "pixel"}, {"position": {"minX": 366.456298828125, "minY": -14.13397216796875, "maxX": 1081.543701171875, "maxY": 741.1339721679688}, "class_id": 0, "box_caption": "rec 0.113", "scores": {"class_score": 0.11279296875}, "domain": "pixel"}, {"position": {"minX": -265.1593017578125, "minY": -624.701904296875, "maxX": 1716.1593017578125, "maxY": 1342.701904296875}, "class_id": 0, "box_caption": "rec 0.021", "scores": {"class_score": 0.0209197998046875}, "domain": "pixel"}], "class_labels": {"0": "rec", "1": "none"}}