{"box_data": [{"position": {"minX": 471.62786865234375, "minY": 295.03515625, "maxX": 734.3721313476562, "maxY": 495.96484375}, "class_id": 0, "box_caption": "rec 0.700", "scores": {"class_score": 0.7001953125}, "domain": "pixel"}, {"position": {"minX": 542.4158935546875, "minY": 262.0404357910156, "maxX": 652.5841064453125, "maxY": 511.9595642089844}, "class_id": 0, "box_caption": "rec 0.038", "scores": {"class_score": 0.037750244140625}, "domain": "pixel"}, {"position": {"minX": 364.5, "minY": 210.25, "maxX": 828.5, "maxY": 570.25}, "class_id": 0, "box_caption": "rec 0.025", "scores": {"class_score": 0.0253753662109375}, "domain": "pixel"}, {"position": {"minX": 537.707275390625, "minY": 347.10516357421875, "maxX": 671.292724609375, "maxY": 441.39483642578125}, "class_id": 0, "box_caption": "rec 0.024", "scores": {"class_score": 0.0243377685546875}, "domain": "pixel"}], "class_labels": {"0": "rec", "1": "none"}}