{"box_data": [{"position": {"minX": 380.06622314453125, "minY": 108.8826904296875, "maxX": 964.9337768554688, "maxY": 688.6173095703125}, "class_id": 0, "box_caption": "rec 0.284", "scores": {"class_score": 0.28369140625}, "domain": "pixel"}, {"position": {"minX": 303.733154296875, "minY": 14.9500732421875, "maxX": 1044.266845703125, "maxY": 781.0499267578125}, "class_id": 0, "box_caption": "rec 0.111", "scores": {"class_score": 0.11065673828125}, "domain": "pixel"}, {"position": {"minX": 520.9323120117188, "minY": 240.36036682128906, "maxX": 825.0676879882812, "maxY": 541.1396484375}, "class_id": 0, "box_caption": "rec 0.058", "scores": {"class_score": 0.058135986328125}, "domain": "pixel"}, {"position": {"minX": -328.2528076171875, "minY": -592.1134033203125, "maxX": 1652.2528076171875, "maxY": 1379.1134033203125}, "class_id": 0, "box_caption": "rec 0.020", "scores": {"class_score": 0.0204925537109375}, "domain": "pixel"}], "class_labels": {"0": "rec", "1": "none"}}