{"box_data": [{"position": {"minX": 574.7825927734375, "minY": 211.62176513671875, "maxX": 878.2174072265625, "maxY": 513.3782348632812}, "class_id": 0, "box_caption": "rec 0.245", "scores": {"class_score": 0.2451171875}, "domain": "pixel"}, {"position": {"minX": 431.1468505859375, "minY": 77.24560546875, "maxX": 1016.8531494140625, "maxY": 655.25439453125}, "class_id": 0, "box_caption": "rec 0.170", "scores": {"class_score": 0.169921875}, "domain": "pixel"}, {"position": {"minX": 387.7696533203125, "minY": 8.4083251953125, "maxX": 1052.2303466796875, "maxY": 718.0916748046875}, "class_id": 0, "box_caption": "rec 0.061", "scores": {"class_score": 0.06109619140625}, "domain": "pixel"}, {"position": {"minX": -264.1593017578125, "minY": -621.951904296875, "maxX": 1717.1593017578125, "maxY": 1345.451904296875}, "class_id": 0, "box_caption": "rec 0.012", "scores": {"class_score": 0.01242828369140625}, "domain": "pixel"}], "class_labels": {"0": "rec", "1": "none"}}