{"box_data": [{"position": {"minX": -249.1005859375, "minY": -256.1490478515625, "maxX": 1309.1005859375, "maxY": 1124.1490478515625}, "class_id": 0, "box_caption": "rec 0.237", "scores": {"class_score": 0.2371826171875}, "domain": "pixel"}, {"position": {"minX": 226.634521484375, "minY": 46.3245849609375, "maxX": 840.365478515625, "maxY": 848.6754150390625}, "class_id": 0, "box_caption": "rec 0.226", "scores": {"class_score": 0.22607421875}, "domain": "pixel"}], "class_labels": {"0": "rec", "1": "none"}}