{"box_data": [{"position": {"minX": 703.1791381835938, "minY": 107.42916870117188, "maxX": 1005.8208618164062, "maxY": 410.0708312988281}, "class_id": 0, "box_caption": "rec 0.779", "scores": {"class_score": 0.77880859375}, "domain": "pixel"}, {"position": {"minX": 548.1719970703125, "minY": -26.3280029296875, "maxX": 1130.8280029296875, "maxY": 556.3280029296875}, "class_id": 0, "box_caption": "rec 0.443", "scores": {"class_score": 0.442626953125}, "domain": "pixel"}, {"position": {"minX": 597.4462890625, "minY": 35.19647216796875, "maxX": 1087.5537109375, "maxY": 518.8035278320312}, "class_id": 0, "box_caption": "rec 0.064", "scores": {"class_score": 0.063720703125}, "domain": "pixel"}, {"position": {"minX": 731.7892456054688, "minY": 141.78924560546875, "maxX": 975.2107543945312, "maxY": 385.21075439453125}, "class_id": 0, "box_caption": "rec 0.048", "scores": {"class_score": 0.0482177734375}, "domain": "pixel"}], "class_labels": {"0": "rec", "1": "none"}}