{"box_data": [{"position": {"minX": 308.18304443359375, "minY": 18.1434326171875, "maxX": 862.8169555664062, "maxY": 603.3565673828125}, "class_id": 0, "box_caption": "rec 0.244", "scores": {"class_score": 0.24365234375}, "domain": "pixel"}, {"position": {"minX": -367.2471923828125, "minY": -664.9013671875, "maxX": 1529.2470703125, "maxY": 1291.4013671875}, "class_id": 0, "box_caption": "rec 0.039", "scores": {"class_score": 0.038909912109375}, "domain": "pixel"}, {"position": {"minX": 435.5577392578125, "minY": 157.11285400390625, "maxX": 715.4422607421875, "maxY": 461.88714599609375}, "class_id": 0, "box_caption": "rec 0.035", "scores": {"class_score": 0.034759521484375}, "domain": "pixel"}], "class_labels": {"0": "rec", "1": "none"}}