{"box_data": [{"position": {"minX": 363.37200927734375, "minY": 149.29669189453125, "maxX": 669.6279907226562, "maxY": 437.20330810546875}, "class_id": 0, "box_caption": "rec 0.098", "scores": {"class_score": 0.09844970703125}, "domain": "pixel"}, {"position": {"minX": 213.258544921875, "minY": 15.04046630859375, "maxX": 799.241455078125, "maxY": 572.95947265625}, "class_id": 0, "box_caption": "rec 0.077", "scores": {"class_score": 0.07708740234375}, "domain": "pixel"}], "class_labels": {"0": "rec", "1": "none"}}