{"box_data": [{"position": {"minX": 205.2603759765625, "minY": 40.034912109375, "maxX": 754.2396240234375, "maxY": 519.965087890625}, "class_id": 0, "box_caption": "rec 0.361", "scores": {"class_score": 0.361083984375}, "domain": "pixel"}, {"position": {"minX": 188.82379150390625, "minY": -140.5693359375, "maxX": 753.1762084960938, "maxY": 718.5693359375}, "class_id": 0, "box_caption": "rec 0.167", "scores": {"class_score": 0.1666259765625}, "domain": "pixel"}, {"position": {"minX": -443.7796936035156, "minY": -570.1199951171875, "maxX": 1364.2796630859375, "maxY": 1113.1199951171875}, "class_id": 0, "box_caption": "rec 0.031", "scores": {"class_score": 0.0310211181640625}, "domain": "pixel"}], "class_labels": {"0": "rec", "1": "none"}}