{"box_data": [{"position": {"minX": 246.572998046875, "minY": -28.235015869140625, "maxX": 821.427001953125, "maxY": 498.7350158691406}, "class_id": 0, "box_caption": "rec 0.358", "scores": {"class_score": 0.357666015625}, "domain": "pixel"}, {"position": {"minX": -426.318359375, "minY": -703.28857421875, "maxX": 1486.318359375, "maxY": 1122.78857421875}, "class_id": 0, "box_caption": "rec 0.054", "scores": {"class_score": 0.05419921875}, "domain": "pixel"}], "class_labels": {"0": "rec", "1": "none"}}