{"box_data": [{"position": {"minX": 220.8826904296875, "minY": 4.06622314453125, "maxX": 800.6173095703125, "maxY": 588.9337158203125}, "class_id": 0, "box_caption": "rec 0.383", "scores": {"class_score": 0.383056640625}, "domain": "pixel"}, {"position": {"minX": 95.442138671875, "minY": -101.6912841796875, "maxX": 922.557861328125, "maxY": 693.1912841796875}, "class_id": 0, "box_caption": "rec 0.222", "scores": {"class_score": 0.2220458984375}, "domain": "pixel"}, {"position": {"minX": -493.451904296875, "minY": -688.9091796875, "maxX": 1473.951904296875, "maxY": 1292.4091796875}, "class_id": 0, "box_caption": "rec 0.023", "scores": {"class_score": 0.0225372314453125}, "domain": "pixel"}], "class_labels": {"0": "rec", "1": "none"}}