{"box_data": [{"position": {"minX": 697.1791381835938, "minY": 107.17916870117188, "maxX": 999.8208618164062, "maxY": 409.8208312988281}, "class_id": 0, "box_caption": "rec 0.668", "scores": {"class_score": 0.66796875}, "domain": "pixel"}, {"position": {"minX": 548.57470703125, "minY": -19.64190673828125, "maxX": 1132.42529296875, "maxY": 561.6419067382812}, "class_id": 0, "box_caption": "rec 0.202", "scores": {"class_score": 0.2017822265625}, "domain": "pixel"}, {"position": {"minX": 607.0574951171875, "minY": 21.1575927734375, "maxX": 1081.9425048828125, "maxY": 502.8424072265625}, "class_id": 0, "box_caption": "rec 0.171", "scores": {"class_score": 0.1710205078125}, "domain": "pixel"}, {"position": {"minX": 717.9134521484375, "minY": 140.68341064453125, "maxX": 962.0865478515625, "maxY": 388.31658935546875}, "class_id": 0, "box_caption": "rec 0.037", "scores": {"class_score": 0.037200927734375}, "domain": "pixel"}], "class_labels": {"0": "rec", "1": "none"}}