{"box_data": [{"position": {"minX": 146.23291015625, "minY": 103.71295166015625, "maxX": 707.26708984375, "maxY": 690.2869873046875}, "class_id": 0, "box_caption": "rec 0.302", "scores": {"class_score": 0.302490234375}, "domain": "pixel"}, {"position": {"minX": 19.633056640625, "minY": 54.351318359375, "maxX": 830.866943359375, "maxY": 740.648681640625}, "class_id": 0, "box_caption": "rec 0.102", "scores": {"class_score": 0.1015625}, "domain": "pixel"}, {"position": {"minX": 285.54669189453125, "minY": 236.37196350097656, "maxX": 573.4533081054688, "maxY": 542.6280517578125}, "class_id": 0, "box_caption": "rec 0.032", "scores": {"class_score": 0.0316162109375}, "domain": "pixel"}, {"position": {"minX": -549.4404296875, "minY": -577.5557861328125, "maxX": 1365.9404296875, "maxY": 1388.5557861328125}, "class_id": 0, "box_caption": "rec 0.012", "scores": {"class_score": 0.0117340087890625}, "domain": "pixel"}], "class_labels": {"0": "rec", "1": "none"}}