{"box_data": [{"position": {"minX": 232.60546875, "minY": -144.111328125, "maxX": 953.39453125, "maxY": 759.111328125}, "class_id": 0, "box_caption": "rec 0.141", "scores": {"class_score": 0.140869140625}, "domain": "pixel"}, {"position": {"minX": -269.3306884765625, "minY": -518.6126708984375, "maxX": 1509.3306884765625, "maxY": 1127.1126708984375}, "class_id": 0, "box_caption": "rec 0.087", "scores": {"class_score": 0.0872802734375}, "domain": "pixel"}, {"position": {"minX": 330.81781005859375, "minY": 84.58734130859375, "maxX": 872.1821899414062, "maxY": 552.4126586914062}, "class_id": 0, "box_caption": "rec 0.017", "scores": {"class_score": 0.017181396484375}, "domain": "pixel"}], "class_labels": {"0": "rec", "1": "none"}}