{"box_data": [{"position": {"minX": 343.77764892578125, "minY": 309.83221435546875, "maxX": 611.7223510742188, "maxY": 610.6677856445312}, "class_id": 0, "box_caption": "rec 0.493", "scores": {"class_score": 0.4931640625}, "domain": "pixel"}, {"position": {"minX": 213.91070556640625, "minY": 258.4293212890625, "maxX": 736.5892944335938, "maxY": 661.5706787109375}, "class_id": 0, "box_caption": "rec 0.135", "scores": {"class_score": 0.134765625}, "domain": "pixel"}, {"position": {"minX": 23.06060791015625, "minY": 92.34130859375, "maxX": 924.9393310546875, "maxY": 829.15869140625}, "class_id": 0, "box_caption": "rec 0.045", "scores": {"class_score": 0.044586181640625}, "domain": "pixel"}, {"position": {"minX": 342.19964599609375, "minY": 357.6219482421875, "maxX": 609.8003540039062, "maxY": 560.3780517578125}, "class_id": 0, "box_caption": "rec 0.011", "scores": {"class_score": 0.01132965087890625}, "domain": "pixel"}], "class_labels": {"0": "rec", "1": "none"}}