{"box_data": [{"position": {"minX": 344.2066650390625, "minY": 83.963623046875, "maxX": 853.7933349609375, "maxY": 505.036376953125}, "class_id": 0, "box_caption": "rec 0.343", "scores": {"class_score": 0.34326171875}, "domain": "pixel"}, {"position": {"minX": 385.25048828125, "minY": -125.714111328125, "maxX": 823.74951171875, "maxY": 704.714111328125}, "class_id": 0, "box_caption": "rec 0.142", "scores": {"class_score": 0.1417236328125}, "domain": "pixel"}, {"position": {"minX": -227.9808349609375, "minY": -451.9779052734375, "maxX": 1430.9808349609375, "maxY": 1046.9779052734375}, "class_id": 0, "box_caption": "rec 0.023", "scores": {"class_score": 0.0225067138671875}, "domain": "pixel"}], "class_labels": {"0": "rec", "1": "none"}}