{"box_data": [{"position": {"minX": 227.38421630859375, "minY": 43.6138916015625, "maxX": 836.6157836914062, "maxY": 845.8861083984375}, "class_id": 0, "box_caption": "rec 0.272", "scores": {"class_score": 0.27197265625}, "domain": "pixel"}, {"position": {"minX": -224.265380859375, "minY": -229.420166015625, "maxX": 1290.265380859375, "maxY": 1100.420166015625}, "class_id": 0, "box_caption": "rec 0.240", "scores": {"class_score": 0.2401123046875}, "domain": "pixel"}, {"position": {"minX": 300.8939208984375, "minY": 261.47845458984375, "maxX": 771.1060791015625, "maxY": 629.5215454101562}, "class_id": 0, "box_caption": "rec 0.012", "scores": {"class_score": 0.012054443359375}, "domain": "pixel"}], "class_labels": {"0": "rec", "1": "none"}}