{"box_data": [{"position": {"minX": 522.0914306640625, "minY": 152.8680419921875, "maxX": 928.9085693359375, "maxY": 577.6319580078125}, "class_id": 0, "box_caption": "rec 0.141", "scores": {"class_score": 0.1412353515625}, "domain": "pixel"}, {"position": {"minX": 577.2825927734375, "minY": 211.87176513671875, "maxX": 880.7174072265625, "maxY": 513.6282348632812}, "class_id": 0, "box_caption": "rec 0.104", "scores": {"class_score": 0.103759765625}, "domain": "pixel"}, {"position": {"minX": 431.56622314453125, "minY": 77.6326904296875, "maxX": 1016.4337768554688, "maxY": 657.3673095703125}, "class_id": 0, "box_caption": "rec 0.076", "scores": {"class_score": 0.076416015625}, "domain": "pixel"}, {"position": {"minX": 679.3594970703125, "minY": 436.012939453125, "maxX": 1155.6405029296875, "maxY": 811.987060546875}, "class_id": 0, "box_caption": "rec 0.024", "scores": {"class_score": 0.02435302734375}, "domain": "pixel"}], "class_labels": {"0": "rec", "1": "none"}}