{"box_data": [{"position": {"minX": 210.903076171875, "minY": 22.81414794921875, "maxX": 773.096923828125, "maxY": 525.1858520507812}, "class_id": 0, "box_caption": "rec 0.441", "scores": {"class_score": 0.440673828125}, "domain": "pixel"}, {"position": {"minX": 324.4962158203125, "minY": 152.05743408203125, "maxX": 612.5038452148438, "maxY": 393.44256591796875}, "class_id": 0, "box_caption": "rec 0.158", "scores": {"class_score": 0.15771484375}, "domain": "pixel"}, {"position": {"minX": -402.10693359375, "minY": -574.536865234375, "maxX": 1458.10693359375, "maxY": 1177.536865234375}, "class_id": 0, "box_caption": "rec 0.043", "scores": {"class_score": 0.04345703125}, "domain": "pixel"}], "class_labels": {"0": "rec", "1": "none"}}