{"box_data": [{"position": {"minX": 99.1326904296875, "minY": 117.06622314453125, "maxX": 678.8673095703125, "maxY": 701.9337158203125}, "class_id": 0, "box_caption": "rec 0.379", "scores": {"class_score": 0.37939453125}, "domain": "pixel"}, {"position": {"minX": -596.3634033203125, "minY": -591.7528076171875, "maxX": 1374.8634033203125, "maxY": 1388.7528076171875}, "class_id": 0, "box_caption": "rec 0.057", "scores": {"class_score": 0.056640625}, "domain": "pixel"}], "class_labels": {"0": "rec", "1": "none"}}