{"box_data": [{"position": {"minX": 474.4481506347656, "minY": 299.849609375, "maxX": 725.5518798828125, "maxY": 484.150390625}, "class_id": 0, "box_caption": "rec 0.484", "scores": {"class_score": 0.484375}, "domain": "pixel"}, {"position": {"minX": 493.423828125, "minY": 153.56829833984375, "maxX": 698.576171875, "maxY": 632.9317016601562}, "class_id": 0, "box_caption": "rec 0.114", "scores": {"class_score": 0.11358642578125}, "domain": "pixel"}, {"position": {"minX": 362.0, "minY": 219.25, "maxX": 826.0, "maxY": 579.25}, "class_id": 0, "box_caption": "rec 0.105", "scores": {"class_score": 0.1048583984375}, "domain": "pixel"}, {"position": {"minX": 548.78125, "minY": 268.25, "maxX": 657.21875, "maxY": 512.25}, "class_id": 0, "box_caption": "rec 0.016", "scores": {"class_score": 0.0161590576171875}, "domain": "pixel"}], "class_labels": {"0": "rec", "1": "none"}}