{"box_data": [{"position": {"minX": 300.6153869628906, "minY": 23.08209228515625, "maxX": 844.3846435546875, "maxY": 604.9178466796875}, "class_id": 0, "box_caption": "rec 0.432", "scores": {"class_score": 0.43212890625}, "domain": "pixel"}, {"position": {"minX": 142.366455078125, "minY": -37.74530029296875, "maxX": 1004.633544921875, "maxY": 663.7453002929688}, "class_id": 0, "box_caption": "rec 0.141", "scores": {"class_score": 0.1414794921875}, "domain": "pixel"}, {"position": {"minX": -356.148681640625, "minY": -660.554931640625, "maxX": 1519.148681640625, "maxY": 1283.554931640625}, "class_id": 0, "box_caption": "rec 0.028", "scores": {"class_score": 0.027801513671875}, "domain": "pixel"}], "class_labels": {"0": "rec", "1": "none"}}