{"box_data": [{"position": {"minX": 104.49560546875, "minY": 119.89691162109375, "maxX": 682.5043334960938, "maxY": 705.6031494140625}, "class_id": 0, "box_caption": "rec 0.271", "scores": {"class_score": 0.2705078125}, "domain": "pixel"}, {"position": {"minX": -594.8634033203125, "minY": -592.0028076171875, "maxX": 1376.3634033203125, "maxY": 1388.5028076171875}, "class_id": 0, "box_caption": "rec 0.045", "scores": {"class_score": 0.045257568359375}, "domain": "pixel"}], "class_labels": {"0": "rec", "1": "none"}}