{"box_data": [{"position": {"minX": 100.196533203125, "minY": 104.31671142578125, "maxX": 676.303466796875, "maxY": 690.6832275390625}, "class_id": 0, "box_caption": "rec 0.251", "scores": {"class_score": 0.2509765625}, "domain": "pixel"}, {"position": {"minX": 256.48699951171875, "minY": 270.62713623046875, "maxX": 551.0130004882812, "maxY": 576.8728637695312}, "class_id": 0, "box_caption": "rec 0.023", "scores": {"class_score": 0.023193359375}, "domain": "pixel"}], "class_labels": {"0": "rec", "1": "none"}}