{"box_data": [{"position": {"minX": 217.40374755859375, "minY": -183.20611572265625, "maxX": 890.5962524414062, "maxY": 680.2060546875}, "class_id": 0, "box_caption": "rec 0.256", "scores": {"class_score": 0.256103515625}, "domain": "pixel"}, {"position": {"minX": -280.310791015625, "minY": -515.5479736328125, "maxX": 1397.3106689453125, "maxY": 1005.7979736328125}, "class_id": 0, "box_caption": "rec 0.129", "scores": {"class_score": 0.12890625}, "domain": "pixel"}, {"position": {"minX": 299.1981201171875, "minY": 35.673309326171875, "maxX": 813.8018798828125, "maxY": 463.8266906738281}, "class_id": 0, "box_caption": "rec 0.026", "scores": {"class_score": 0.025665283203125}, "domain": "pixel"}], "class_labels": {"0": "rec", "1": "none"}}