{"box_data": [{"position": {"minX": -228.765380859375, "minY": -228.920166015625, "maxX": 1285.765380859375, "maxY": 1100.920166015625}, "class_id": 0, "box_caption": "rec 0.248", "scores": {"class_score": 0.248046875}, "domain": "pixel"}, {"position": {"minX": 221.3848876953125, "minY": 46.7852783203125, "maxX": 839.6151123046875, "maxY": 849.2147216796875}, "class_id": 0, "box_caption": "rec 0.236", "scores": {"class_score": 0.23583984375}, "domain": "pixel"}], "class_labels": {"0": "rec", "1": "none"}}