{"box_data": [{"position": {"minX": 224.58807373046875, "minY": -182.64166259765625, "maxX": 884.4119262695312, "maxY": 678.8917236328125}, "class_id": 0, "box_caption": "rec 0.194", "scores": {"class_score": 0.1943359375}, "domain": "pixel"}, {"position": {"minX": -281.310791015625, "minY": -513.9229736328125, "maxX": 1396.3106689453125, "maxY": 1007.4229736328125}, "class_id": 0, "box_caption": "rec 0.088", "scores": {"class_score": 0.087890625}, "domain": "pixel"}, {"position": {"minX": 303.1981201171875, "minY": 33.673309326171875, "maxX": 817.8018798828125, "maxY": 461.8266906738281}, "class_id": 0, "box_caption": "rec 0.028", "scores": {"class_score": 0.02752685546875}, "domain": "pixel"}], "class_labels": {"0": "rec", "1": "none"}}