{"box_data": [{"position": {"minX": 296.1981201171875, "minY": 33.673309326171875, "maxX": 810.8018798828125, "maxY": 461.8266906738281}, "class_id": 0, "box_caption": "rec 0.058", "scores": {"class_score": 0.05792236328125}, "domain": "pixel"}, {"position": {"minX": 183.26275634765625, "minY": -193.73033142089844, "maxX": 928.7372436523438, "maxY": 692.4803466796875}, "class_id": 0, "box_caption": "rec 0.053", "scores": {"class_score": 0.053314208984375}, "domain": "pixel"}, {"position": {"minX": -288.310791015625, "minY": -508.4229736328125, "maxX": 1389.3106689453125, "maxY": 1012.9229736328125}, "class_id": 0, "box_caption": "rec 0.014", "scores": {"class_score": 0.01406097412109375}, "domain": "pixel"}], "class_labels": {"0": "rec", "1": "none"}}