{"box_data": [{"position": {"minX": 194.5103759765625, "minY": 48.784912109375, "maxX": 743.4896240234375, "maxY": 528.715087890625}, "class_id": 0, "box_caption": "rec 0.301", "scores": {"class_score": 0.30078125}, "domain": "pixel"}, {"position": {"minX": 195.48516845703125, "minY": -138.553466796875, "maxX": 745.0148315429688, "maxY": 716.053466796875}, "class_id": 0, "box_caption": "rec 0.156", "scores": {"class_score": 0.1556396484375}, "domain": "pixel"}, {"position": {"minX": -444.5296936035156, "minY": -573.8699951171875, "maxX": 1363.5296630859375, "maxY": 1109.3699951171875}, "class_id": 0, "box_caption": "rec 0.029", "scores": {"class_score": 0.0287017822265625}, "domain": "pixel"}], "class_labels": {"0": "rec", "1": "none"}}