{"box_data": [{"position": {"minX": 244.56820678710938, "minY": -29.95697021484375, "maxX": 821.4317626953125, "maxY": 501.45697021484375}, "class_id": 0, "box_caption": "rec 0.399", "scores": {"class_score": 0.39892578125}, "domain": "pixel"}, {"position": {"minX": -437.7744140625, "minY": -726.2825927734375, "maxX": 1491.7744140625, "maxY": 1125.532470703125}, "class_id": 0, "box_caption": "rec 0.020", "scores": {"class_score": 0.019500732421875}, "domain": "pixel"}], "class_labels": {"0": "rec", "1": "none"}}