{"box_data": [{"position": {"minX": 433.6468505859375, "minY": 76.74560546875, "maxX": 1019.3531494140625, "maxY": 654.75439453125}, "class_id": 0, "box_caption": "rec 0.272", "scores": {"class_score": 0.27197265625}, "domain": "pixel"}, {"position": {"minX": 576.2825927734375, "minY": 210.37176513671875, "maxX": 879.7174072265625, "maxY": 512.1282348632812}, "class_id": 0, "box_caption": "rec 0.153", "scores": {"class_score": 0.152587890625}, "domain": "pixel"}, {"position": {"minX": 415.0858154296875, "minY": 32.4022216796875, "maxX": 1032.9141845703125, "maxY": 700.0977783203125}, "class_id": 0, "box_caption": "rec 0.101", "scores": {"class_score": 0.10125732421875}, "domain": "pixel"}, {"position": {"minX": -264.6593017578125, "minY": -621.201904296875, "maxX": 1716.6593017578125, "maxY": 1346.201904296875}, "class_id": 0, "box_caption": "rec 0.017", "scores": {"class_score": 0.0169219970703125}, "domain": "pixel"}], "class_labels": {"0": "rec", "1": "none"}}