{"box_data": [{"position": {"minX": 110.196533203125, "minY": 107.06671142578125, "maxX": 686.303466796875, "maxY": 693.4332275390625}, "class_id": 0, "box_caption": "rec 0.231", "scores": {"class_score": 0.23095703125}, "domain": "pixel"}, {"position": {"minX": -582.49072265625, "minY": -564.763916015625, "maxX": 1380.49072265625, "maxY": 1416.763916015625}, "class_id": 0, "box_caption": "rec 0.033", "scores": {"class_score": 0.0330810546875}, "domain": "pixel"}, {"position": {"minX": 594.8511962890625, "minY": -37.120849609375, "maxX": 1055.1488037109375, "maxY": 479.120849609375}, "class_id": 0, "box_caption": "rec 0.015", "scores": {"class_score": 0.01494598388671875}, "domain": "pixel"}], "class_labels": {"0": "rec", "1": "none"}}