{"box_data": [{"position": {"minX": 317.71875, "minY": 32.7608642578125, "maxX": 730.28125, "maxY": 562.7391357421875}, "class_id": 0, "box_caption": "rec 0.216", "scores": {"class_score": 0.216064453125}, "domain": "pixel"}, {"position": {"minX": 366.0961608886719, "minY": 164.00050354003906, "maxX": 667.90380859375, "maxY": 434.49951171875}, "class_id": 0, "box_caption": "rec 0.107", "scores": {"class_score": 0.106689453125}, "domain": "pixel"}, {"position": {"minX": 436.2432861328125, "minY": 230.91705322265625, "maxX": 594.7567138671875, "maxY": 370.08294677734375}, "class_id": 0, "box_caption": "rec 0.022", "scores": {"class_score": 0.0222930908203125}, "domain": "pixel"}, {"position": {"minX": 430.22857666015625, "minY": 165.918212890625, "maxX": 618.7714233398438, "maxY": 428.581787109375}, "class_id": 0, "box_caption": "rec 0.015", "scores": {"class_score": 0.0154876708984375}, "domain": "pixel"}], "class_labels": {"0": "rec", "1": "none"}}