{"box_data": [{"position": {"minX": 342.2066650390625, "minY": 81.963623046875, "maxX": 851.7933349609375, "maxY": 503.036376953125}, "class_id": 0, "box_caption": "rec 0.366", "scores": {"class_score": 0.36572265625}, "domain": "pixel"}, {"position": {"minX": 383.74566650390625, "minY": -126.14453125, "maxX": 821.2543334960938, "maxY": 704.14453125}, "class_id": 0, "box_caption": "rec 0.158", "scores": {"class_score": 0.15771484375}, "domain": "pixel"}, {"position": {"minX": -228.4808349609375, "minY": -452.2279052734375, "maxX": 1430.4808349609375, "maxY": 1046.7279052734375}, "class_id": 0, "box_caption": "rec 0.028", "scores": {"class_score": 0.027801513671875}, "domain": "pixel"}, {"position": {"minX": 476.68121337890625, "minY": 174.86843872070312, "maxX": 747.3187866210938, "maxY": 387.6315612792969}, "class_id": 0, "box_caption": "rec 0.024", "scores": {"class_score": 0.0235137939453125}, "domain": "pixel"}], "class_labels": {"0": "rec", "1": "none"}}