{"box_data": [{"position": {"minX": 360.61285400390625, "minY": 157.30770874023438, "maxX": 665.3871459960938, "maxY": 437.1922912597656}, "class_id": 0, "box_caption": "rec 0.595", "scores": {"class_score": 0.5947265625}, "domain": "pixel"}, {"position": {"minX": 307.82684326171875, "minY": 39.48846435546875, "maxX": 721.1731567382812, "maxY": 557.011474609375}, "class_id": 0, "box_caption": "rec 0.183", "scores": {"class_score": 0.1829833984375}, "domain": "pixel"}, {"position": {"minX": 220.58209228515625, "minY": 29.615478515625, "maxX": 802.4179077148438, "maxY": 573.384521484375}, "class_id": 0, "box_caption": "rec 0.161", "scores": {"class_score": 0.161376953125}, "domain": "pixel"}, {"position": {"minX": 409.8890380859375, "minY": 164.5408935546875, "maxX": 621.1109619140625, "maxY": 429.4591064453125}, "class_id": 0, "box_caption": "rec 0.020", "scores": {"class_score": 0.020294189453125}, "domain": "pixel"}], "class_labels": {"0": "rec", "1": "none"}}