{"box_data": [{"position": {"minX": 141.98291015625, "minY": 101.21295166015625, "maxX": 703.01708984375, "maxY": 687.7869873046875}, "class_id": 0, "box_caption": "rec 0.311", "scores": {"class_score": 0.310791015625}, "domain": "pixel"}, {"position": {"minX": 13.5482177734375, "minY": 48.4815673828125, "maxX": 831.9517822265625, "maxY": 745.0184326171875}, "class_id": 0, "box_caption": "rec 0.139", "scores": {"class_score": 0.139404296875}, "domain": "pixel"}, {"position": {"minX": -527.97509765625, "minY": -584.809326171875, "maxX": 1395.97509765625, "maxY": 1385.309326171875}, "class_id": 0, "box_caption": "rec 0.019", "scores": {"class_score": 0.0190582275390625}, "domain": "pixel"}], "class_labels": {"0": "rec", "1": "none"}}