{"box_data": [{"position": {"minX": 248.06820678710938, "minY": -47.95697021484375, "maxX": 824.9317626953125, "maxY": 483.45697021484375}, "class_id": 0, "box_caption": "rec 0.480", "scores": {"class_score": 0.48046875}, "domain": "pixel"}, {"position": {"minX": 89.65008544921875, "minY": -259.3792724609375, "maxX": 975.3499145507812, "maxY": 714.3792724609375}, "class_id": 0, "box_caption": "rec 0.217", "scores": {"class_score": 0.21728515625}, "domain": "pixel"}, {"position": {"minX": -438.2744140625, "minY": -736.4075927734375, "maxX": 1491.2744140625, "maxY": 1115.407470703125}, "class_id": 0, "box_caption": "rec 0.044", "scores": {"class_score": 0.04443359375}, "domain": "pixel"}], "class_labels": {"0": "rec", "1": "none"}}