{"box_data": [{"position": {"minX": 255.0679931640625, "minY": -184.90464782714844, "maxX": 859.9320068359375, "maxY": 668.9046630859375}, "class_id": 0, "box_caption": "rec 0.216", "scores": {"class_score": 0.216064453125}, "domain": "pixel"}, {"position": {"minX": -271.4808349609375, "minY": -504.4779052734375, "maxX": 1387.4808349609375, "maxY": 994.4779052734375}, "class_id": 0, "box_caption": "rec 0.116", "scores": {"class_score": 0.11614990234375}, "domain": "pixel"}], "class_labels": {"0": "rec", "1": "none"}}