{"box_data": [{"position": {"minX": 203.36871337890625, "minY": -146.32843017578125, "maxX": 968.6312866210938, "maxY": 771.8284912109375}, "class_id": 0, "box_caption": "rec 0.167", "scores": {"class_score": 0.167236328125}, "domain": "pixel"}, {"position": {"minX": -304.8306884765625, "minY": -520.1126708984375, "maxX": 1473.8306884765625, "maxY": 1125.6126708984375}, "class_id": 0, "box_caption": "rec 0.094", "scores": {"class_score": 0.0938720703125}, "domain": "pixel"}, {"position": {"minX": 322.31781005859375, "minY": 69.83734130859375, "maxX": 863.6821899414062, "maxY": 537.6626586914062}, "class_id": 0, "box_caption": "rec 0.012", "scores": {"class_score": 0.01229095458984375}, "domain": "pixel"}], "class_labels": {"0": "rec", "1": "none"}}