{"box_data": [{"position": {"minX": 216.89892578125, "minY": -182.38648986816406, "maxX": 889.10107421875, "maxY": 680.886474609375}, "class_id": 0, "box_caption": "rec 0.302", "scores": {"class_score": 0.302490234375}, "domain": "pixel"}, {"position": {"minX": -271.4808349609375, "minY": -505.2279052734375, "maxX": 1387.4808349609375, "maxY": 993.7279052734375}, "class_id": 0, "box_caption": "rec 0.184", "scores": {"class_score": 0.1842041015625}, "domain": "pixel"}, {"position": {"minX": 298.6981201171875, "minY": 37.298309326171875, "maxX": 813.3018798828125, "maxY": 465.4516906738281}, "class_id": 0, "box_caption": "rec 0.044", "scores": {"class_score": 0.044097900390625}, "domain": "pixel"}], "class_labels": {"0": "rec", "1": "none"}}