{"box_data": [{"position": {"minX": 180.887939453125, "minY": 192.295654296875, "maxX": 596.612060546875, "maxY": 631.704345703125}, "class_id": 0, "box_caption": "rec 0.329", "scores": {"class_score": 0.32861328125}, "domain": "pixel"}, {"position": {"minX": 101.196533203125, "minY": 115.56671142578125, "maxX": 677.303466796875, "maxY": 701.9332275390625}, "class_id": 0, "box_caption": "rec 0.307", "scores": {"class_score": 0.306640625}, "domain": "pixel"}, {"position": {"minX": -596.3634033203125, "minY": -584.5028076171875, "maxX": 1374.8634033203125, "maxY": 1396.0028076171875}, "class_id": 0, "box_caption": "rec 0.025", "scores": {"class_score": 0.02484130859375}, "domain": "pixel"}], "class_labels": {"0": "rec", "1": "none"}}