{"box_data": [{"position": {"minX": 343.75048828125, "minY": 288.84613037109375, "maxX": 614.24951171875, "maxY": 590.6538696289062}, "class_id": 0, "box_caption": "rec 0.389", "scores": {"class_score": 0.388671875}, "domain": "pixel"}, {"position": {"minX": 211.51495361328125, "minY": 174.57293701171875, "maxX": 738.4850463867188, "maxY": 749.4270629882812}, "class_id": 0, "box_caption": "rec 0.135", "scores": {"class_score": 0.134765625}, "domain": "pixel"}, {"position": {"minX": 223.068359375, "minY": 244.62828063964844, "maxX": 740.431640625, "maxY": 636.8717041015625}, "class_id": 0, "box_caption": "rec 0.055", "scores": {"class_score": 0.055419921875}, "domain": "pixel"}], "class_labels": {"0": "rec", "1": "none"}}