{"box_data": [{"position": {"minX": 249.06820678710938, "minY": -29.58197021484375, "maxX": 825.9317626953125, "maxY": 501.83197021484375}, "class_id": 0, "box_caption": "rec 0.360", "scores": {"class_score": 0.3603515625}, "domain": "pixel"}, {"position": {"minX": -426.818359375, "minY": -702.41357421875, "maxX": 1485.818359375, "maxY": 1123.66357421875}, "class_id": 0, "box_caption": "rec 0.039", "scores": {"class_score": 0.038604736328125}, "domain": "pixel"}], "class_labels": {"0": "rec", "1": "none"}}