{"box_data": [{"position": {"minX": 100.6326904296875, "minY": 116.31622314453125, "maxX": 680.3673095703125, "maxY": 701.1837158203125}, "class_id": 0, "box_caption": "rec 0.181", "scores": {"class_score": 0.1812744140625}, "domain": "pixel"}, {"position": {"minX": -84.1981201171875, "minY": -78.11773681640625, "maxX": 870.1981201171875, "maxY": 865.6177368164062}, "class_id": 0, "box_caption": "rec 0.077", "scores": {"class_score": 0.07666015625}, "domain": "pixel"}, {"position": {"minX": -591.6134033203125, "minY": -596.0028076171875, "maxX": 1379.6134033203125, "maxY": 1384.5028076171875}, "class_id": 0, "box_caption": "rec 0.022", "scores": {"class_score": 0.0221099853515625}, "domain": "pixel"}], "class_labels": {"0": "rec", "1": "none"}}