{"box_data": [{"position": {"minX": 139.23291015625, "minY": 100.96295166015625, "maxX": 700.26708984375, "maxY": 687.5369873046875}, "class_id": 0, "box_caption": "rec 0.333", "scores": {"class_score": 0.332763671875}, "domain": "pixel"}, {"position": {"minX": 22.216064453125, "minY": 59.2542724609375, "maxX": 827.283935546875, "maxY": 736.7457275390625}, "class_id": 0, "box_caption": "rec 0.100", "scores": {"class_score": 0.0999755859375}, "domain": "pixel"}, {"position": {"minX": 275.54669189453125, "minY": 254.12196350097656, "maxX": 563.4533081054688, "maxY": 560.3780517578125}, "class_id": 0, "box_caption": "rec 0.021", "scores": {"class_score": 0.0214080810546875}, "domain": "pixel"}, {"position": {"minX": -526.47509765625, "minY": -582.809326171875, "maxX": 1397.47509765625, "maxY": 1387.309326171875}, "class_id": 0, "box_caption": "rec 0.017", "scores": {"class_score": 0.017303466796875}, "domain": "pixel"}], "class_labels": {"0": "rec", "1": "none"}}