{"box_data": [{"position": {"minX": 297.72100830078125, "minY": 20.4302978515625, "maxX": 845.2789916992188, "maxY": 603.5697021484375}, "class_id": 0, "box_caption": "rec 0.450", "scores": {"class_score": 0.450439453125}, "domain": "pixel"}, {"position": {"minX": 142.803955078125, "minY": -35.0054931640625, "maxX": 1002.196044921875, "maxY": 661.5054931640625}, "class_id": 0, "box_caption": "rec 0.145", "scores": {"class_score": 0.1451416015625}, "domain": "pixel"}, {"position": {"minX": -361.091552734375, "minY": -664.001708984375, "maxX": 1525.091552734375, "maxY": 1286.501708984375}, "class_id": 0, "box_caption": "rec 0.027", "scores": {"class_score": 0.0269622802734375}, "domain": "pixel"}], "class_labels": {"0": "rec", "1": "none"}}