{"box_data": [{"position": {"minX": 293.12451171875, "minY": 20.88983154296875, "maxX": 859.87548828125, "maxY": 608.1101684570312}, "class_id": 0, "box_caption": "rec 0.281", "scores": {"class_score": 0.281494140625}, "domain": "pixel"}, {"position": {"minX": 432.75048828125, "minY": 161.09613037109375, "maxX": 703.24951171875, "maxY": 462.90386962890625}, "class_id": 0, "box_caption": "rec 0.051", "scores": {"class_score": 0.051177978515625}, "domain": "pixel"}, {"position": {"minX": -361.4805908203125, "minY": -653.566650390625, "maxX": 1596.4805908203125, "maxY": 1327.566650390625}, "class_id": 0, "box_caption": "rec 0.022", "scores": {"class_score": 0.0224609375}, "domain": "pixel"}], "class_labels": {"0": "rec", "1": "none"}}