{"box_data": [{"position": {"minX": 207.974365234375, "minY": -146.711181640625, "maxX": 978.025634765625, "maxY": 769.711181640625}, "class_id": 0, "box_caption": "rec 0.206", "scores": {"class_score": 0.20556640625}, "domain": "pixel"}, {"position": {"minX": -305.3306884765625, "minY": -517.6126708984375, "maxX": 1473.3306884765625, "maxY": 1128.1126708984375}, "class_id": 0, "box_caption": "rec 0.142", "scores": {"class_score": 0.1422119140625}, "domain": "pixel"}, {"position": {"minX": 325.81781005859375, "minY": 71.08734130859375, "maxX": 867.1821899414062, "maxY": 538.9126586914062}, "class_id": 0, "box_caption": "rec 0.014", "scores": {"class_score": 0.0143890380859375}, "domain": "pixel"}], "class_labels": {"0": "rec", "1": "none"}}