{"box_data": [{"position": {"minX": 702.1791381835938, "minY": 107.67916870117188, "maxX": 1004.8208618164062, "maxY": 410.3208312988281}, "class_id": 0, "box_caption": "rec 0.769", "scores": {"class_score": 0.76904296875}, "domain": "pixel"}, {"position": {"minX": 610.6226806640625, "minY": 16.1226806640625, "maxX": 1097.3773193359375, "maxY": 502.8773193359375}, "class_id": 0, "box_caption": "rec 0.213", "scores": {"class_score": 0.2127685546875}, "domain": "pixel"}, {"position": {"minX": 548.07470703125, "minY": -21.14190673828125, "maxX": 1131.92529296875, "maxY": 560.1419067382812}, "class_id": 0, "box_caption": "rec 0.190", "scores": {"class_score": 0.1900634765625}, "domain": "pixel"}, {"position": {"minX": 727.3716430664062, "minY": 137.7608642578125, "maxX": 972.6283569335938, "maxY": 389.7391357421875}, "class_id": 0, "box_caption": "rec 0.038", "scores": {"class_score": 0.0384521484375}, "domain": "pixel"}], "class_labels": {"0": "rec", "1": "none"}}