{"box_data": [{"position": {"minX": 194.0103759765625, "minY": 48.284912109375, "maxX": 742.9896240234375, "maxY": 528.215087890625}, "class_id": 0, "box_caption": "rec 0.321", "scores": {"class_score": 0.32080078125}, "domain": "pixel"}, {"position": {"minX": 205.2557373046875, "minY": -136.2685546875, "maxX": 744.7442626953125, "maxY": 715.2685546875}, "class_id": 0, "box_caption": "rec 0.137", "scores": {"class_score": 0.1370849609375}, "domain": "pixel"}, {"position": {"minX": -448.2796936035156, "minY": -542.3699951171875, "maxX": 1359.7796630859375, "maxY": 1140.8699951171875}, "class_id": 0, "box_caption": "rec 0.030", "scores": {"class_score": 0.0301055908203125}, "domain": "pixel"}], "class_labels": {"0": "rec", "1": "none"}}