{"box_data": [{"position": {"minX": 324.81781005859375, "minY": 70.83734130859375, "maxX": 866.1821899414062, "maxY": 538.6626586914062}, "class_id": 0, "box_caption": "rec 0.080", "scores": {"class_score": 0.0802001953125}, "domain": "pixel"}, {"position": {"minX": -275.8306884765625, "minY": -518.8626708984375, "maxX": 1502.8306884765625, "maxY": 1126.8626708984375}, "class_id": 0, "box_caption": "rec 0.020", "scores": {"class_score": 0.0203399658203125}, "domain": "pixel"}, {"position": {"minX": 195.81683349609375, "minY": -149.6875, "maxX": 983.1831665039062, "maxY": 763.6875}, "class_id": 0, "box_caption": "rec 0.019", "scores": {"class_score": 0.01861572265625}, "domain": "pixel"}], "class_labels": {"0": "rec", "1": "none"}}