{"box_data": [{"position": {"minX": 359.61285400390625, "minY": 156.30770874023438, "maxX": 664.3871459960938, "maxY": 436.1922912597656}, "class_id": 0, "box_caption": "rec 0.523", "scores": {"class_score": 0.5234375}, "domain": "pixel"}, {"position": {"minX": 228.32244873046875, "minY": 34.09259033203125, "maxX": 808.6775512695312, "maxY": 573.9074096679688}, "class_id": 0, "box_caption": "rec 0.182", "scores": {"class_score": 0.182373046875}, "domain": "pixel"}, {"position": {"minX": 306.4720458984375, "minY": 40.0, "maxX": 725.5279541015625, "maxY": 552.5}, "class_id": 0, "box_caption": "rec 0.134", "scores": {"class_score": 0.13427734375}, "domain": "pixel"}, {"position": {"minX": 408.10064697265625, "minY": 163.34490966796875, "maxX": 621.8993530273438, "maxY": 427.65509033203125}, "class_id": 0, "box_caption": "rec 0.013", "scores": {"class_score": 0.01302337646484375}, "domain": "pixel"}], "class_labels": {"0": "rec", "1": "none"}}