{"box_data": [{"position": {"minX": 104.946533203125, "minY": 114.56671142578125, "maxX": 681.053466796875, "maxY": 700.9332275390625}, "class_id": 0, "box_caption": "rec 0.442", "scores": {"class_score": 0.441650390625}, "domain": "pixel"}, {"position": {"minX": -586.99072265625, "minY": -587.013916015625, "maxX": 1375.99072265625, "maxY": 1394.513916015625}, "class_id": 0, "box_caption": "rec 0.045", "scores": {"class_score": 0.04510498046875}, "domain": "pixel"}, {"position": {"minX": -19.92138671875, "minY": -2.4066162109375, "maxX": 807.92138671875, "maxY": 781.9066162109375}, "class_id": 0, "box_caption": "rec 0.032", "scores": {"class_score": 0.03167724609375}, "domain": "pixel"}], "class_labels": {"0": "rec", "1": "none"}}