{"box_data": [{"position": {"minX": 208.2833251953125, "minY": -147.2498779296875, "maxX": 981.7166748046875, "maxY": 773.2498779296875}, "class_id": 0, "box_caption": "rec 0.184", "scores": {"class_score": 0.18359375}, "domain": "pixel"}, {"position": {"minX": -306.3306884765625, "minY": -516.1126708984375, "maxX": 1472.3306884765625, "maxY": 1129.6126708984375}, "class_id": 0, "box_caption": "rec 0.146", "scores": {"class_score": 0.1461181640625}, "domain": "pixel"}, {"position": {"minX": 324.81781005859375, "minY": 70.33734130859375, "maxX": 866.1821899414062, "maxY": 538.1626586914062}, "class_id": 0, "box_caption": "rec 0.017", "scores": {"class_score": 0.017181396484375}, "domain": "pixel"}], "class_labels": {"0": "rec", "1": "none"}}