{"box_data": [{"position": {"minX": 239.06820678710938, "minY": -28.33197021484375, "maxX": 815.9317626953125, "maxY": 503.08197021484375}, "class_id": 0, "box_caption": "rec 0.353", "scores": {"class_score": 0.35302734375}, "domain": "pixel"}, {"position": {"minX": -426.318359375, "minY": -705.91357421875, "maxX": 1486.318359375, "maxY": 1120.16357421875}, "class_id": 0, "box_caption": "rec 0.037", "scores": {"class_score": 0.0369873046875}, "domain": "pixel"}], "class_labels": {"0": "rec", "1": "none"}}