{"box_data": [{"position": {"minX": 221.8826904296875, "minY": 5.81622314453125, "maxX": 801.6173095703125, "maxY": 590.6837158203125}, "class_id": 0, "box_caption": "rec 0.409", "scores": {"class_score": 0.4091796875}, "domain": "pixel"}, {"position": {"minX": 108.40191650390625, "minY": -90.686279296875, "maxX": 912.0980834960938, "maxY": 678.186279296875}, "class_id": 0, "box_caption": "rec 0.135", "scores": {"class_score": 0.134765625}, "domain": "pixel"}, {"position": {"minX": -460.49072265625, "minY": -686.763916015625, "maxX": 1502.49072265625, "maxY": 1294.763916015625}, "class_id": 0, "box_caption": "rec 0.015", "scores": {"class_score": 0.01467132568359375}, "domain": "pixel"}, {"position": {"minX": 363.0211181640625, "minY": 142.49505615234375, "maxX": 658.9788818359375, "maxY": 448.50494384765625}, "class_id": 0, "box_caption": "rec 0.011", "scores": {"class_score": 0.01132965087890625}, "domain": "pixel"}], "class_labels": {"0": "rec", "1": "none"}}