{"box_data": [{"position": {"minX": 476.9481506347656, "minY": 305.849609375, "maxX": 728.0518798828125, "maxY": 490.150390625}, "class_id": 0, "box_caption": "rec 0.284", "scores": {"class_score": 0.28369140625}, "domain": "pixel"}, {"position": {"minX": 353.0, "minY": 218.5, "maxX": 817.0, "maxY": 578.5}, "class_id": 0, "box_caption": "rec 0.104", "scores": {"class_score": 0.10430908203125}, "domain": "pixel"}, {"position": {"minX": 537.207275390625, "minY": 340.85516357421875, "maxX": 670.792724609375, "maxY": 435.14483642578125}, "class_id": 0, "box_caption": "rec 0.015", "scores": {"class_score": 0.01483154296875}, "domain": "pixel"}, {"position": {"minX": 544.9306640625, "minY": 268.4801025390625, "maxX": 659.0693359375, "maxY": 516.0198974609375}, "class_id": 0, "box_caption": "rec 0.010", "scores": {"class_score": 0.0103302001953125}, "domain": "pixel"}], "class_labels": {"0": "rec", "1": "none"}}