{"box_data": [{"position": {"minX": 210.35809326171875, "minY": 8.32464599609375, "maxX": 791.6419067382812, "maxY": 592.1753540039062}, "class_id": 0, "box_caption": "rec 0.550", "scores": {"class_score": 0.5498046875}, "domain": "pixel"}, {"position": {"minX": 20.85546875, "minY": -184.14788818359375, "maxX": 968.14453125, "maxY": 751.14794921875}, "class_id": 0, "box_caption": "rec 0.193", "scores": {"class_score": 0.1925048828125}, "domain": "pixel"}, {"position": {"minX": -488.8634033203125, "minY": -692.5028076171875, "maxX": 1482.3634033203125, "maxY": 1288.0028076171875}, "class_id": 0, "box_caption": "rec 0.030", "scores": {"class_score": 0.0304412841796875}, "domain": "pixel"}, {"position": {"minX": 358.394775390625, "minY": 142.87826538085938, "maxX": 658.1052856445312, "maxY": 447.6217346191406}, "class_id": 0, "box_caption": "rec 0.017", "scores": {"class_score": 0.0169219970703125}, "domain": "pixel"}], "class_labels": {"0": "rec", "1": "none"}}