{"box_data": [{"position": {"minX": 104.24560546875, "minY": 117.89691162109375, "maxX": 682.2543334960938, "maxY": 703.6031494140625}, "class_id": 0, "box_caption": "rec 0.320", "scores": {"class_score": 0.320068359375}, "domain": "pixel"}, {"position": {"minX": -592.951904296875, "minY": -592.6591796875, "maxX": 1374.451904296875, "maxY": 1388.6591796875}, "class_id": 0, "box_caption": "rec 0.044", "scores": {"class_score": 0.043701171875}, "domain": "pixel"}], "class_labels": {"0": "rec", "1": "none"}}