{"box_data": [{"position": {"minX": 140.48291015625, "minY": 100.46295166015625, "maxX": 701.51708984375, "maxY": 687.0369873046875}, "class_id": 0, "box_caption": "rec 0.323", "scores": {"class_score": 0.322509765625}, "domain": "pixel"}, {"position": {"minX": 280.15283203125, "minY": 240.80328369140625, "maxX": 569.84716796875, "maxY": 547.1967163085938}, "class_id": 0, "box_caption": "rec 0.201", "scores": {"class_score": 0.2005615234375}, "domain": "pixel"}, {"position": {"minX": 169.53985595703125, "minY": 190.26039123535156, "maxX": 674.9601440429688, "maxY": 628.2396240234375}, "class_id": 0, "box_caption": "rec 0.037", "scores": {"class_score": 0.0367431640625}, "domain": "pixel"}, {"position": {"minX": 287.5986328125, "minY": 295.62310791015625, "maxX": 542.4013671875, "maxY": 525.8768920898438}, "class_id": 0, "box_caption": "rec 0.010", "scores": {"class_score": 0.01049041748046875}, "domain": "pixel"}], "class_labels": {"0": "rec", "1": "none"}}