{"box_data": [{"position": {"minX": 288.15283203125, "minY": 235.55328369140625, "maxX": 577.84716796875, "maxY": 541.9467163085938}, "class_id": 0, "box_caption": "rec 0.297", "scores": {"class_score": 0.29736328125}, "domain": "pixel"}, {"position": {"minX": 141.73291015625, "minY": 103.46295166015625, "maxX": 702.76708984375, "maxY": 690.0369873046875}, "class_id": 0, "box_caption": "rec 0.267", "scores": {"class_score": 0.267333984375}, "domain": "pixel"}, {"position": {"minX": 185.24554443359375, "minY": 168.98377990722656, "maxX": 695.2544555664062, "maxY": 613.5162353515625}, "class_id": 0, "box_caption": "rec 0.049", "scores": {"class_score": 0.049407958984375}, "domain": "pixel"}, {"position": {"minX": 312.4005126953125, "minY": 273.04693603515625, "maxX": 567.5994873046875, "maxY": 499.95306396484375}, "class_id": 0, "box_caption": "rec 0.010", "scores": {"class_score": 0.01024627685546875}, "domain": "pixel"}], "class_labels": {"0": "rec", "1": "none"}}