{"box_data": [{"position": {"minX": 207.94891357421875, "minY": 180.8448486328125, "maxX": 725.5510864257812, "maxY": 751.1551513671875}, "class_id": 0, "box_caption": "rec 0.106", "scores": {"class_score": 0.1055908203125}, "domain": "pixel"}, {"position": {"minX": 335.26458740234375, "minY": 304.906005859375, "maxX": 608.2354125976562, "maxY": 607.593994140625}, "class_id": 0, "box_caption": "rec 0.034", "scores": {"class_score": 0.034423828125}, "domain": "pixel"}, {"position": {"minX": 274.5252685546875, "minY": -167.1702880859375, "maxX": 701.9747924804688, "maxY": 358.1702880859375}, "class_id": 0, "box_caption": "rec 0.012", "scores": {"class_score": 0.01213836669921875}, "domain": "pixel"}], "class_labels": {"0": "rec", "1": "none"}}