{"box_data": [{"position": {"minX": 300.5, "minY": 249.5, "maxX": 764.5, "maxY": 609.5}, "class_id": 0, "box_caption": "rec 0.106", "scores": {"class_score": 0.10614013671875}, "domain": "pixel"}, {"position": {"minX": 96.06793212890625, "minY": 175.79278564453125, "maxX": 509.93206787109375, "maxY": 680.2072143554688}, "class_id": 0, "box_caption": "rec 0.017", "scores": {"class_score": 0.01666259765625}, "domain": "pixel"}, {"position": {"minX": -258.6640625, "minY": -260.2001647949219, "maxX": 1320.6640625, "maxY": 1144.7001953125}, "class_id": 0, "box_caption": "rec 0.013", "scores": {"class_score": 0.013427734375}, "domain": "pixel"}], "class_labels": {"0": "rec", "1": "none"}}