{"box_data": [{"position": {"minX": 103.74560546875, "minY": 117.14691162109375, "maxX": 681.7543334960938, "maxY": 702.8531494140625}, "class_id": 0, "box_caption": "rec 0.420", "scores": {"class_score": 0.419677734375}, "domain": "pixel"}, {"position": {"minX": 11.14495849609375, "minY": 49.8511962890625, "maxX": 773.3550415039062, "maxY": 772.6488037109375}, "class_id": 0, "box_caption": "rec 0.297", "scores": {"class_score": 0.29736328125}, "domain": "pixel"}, {"position": {"minX": -591.701904296875, "minY": -590.4091796875, "maxX": 1375.701904296875, "maxY": 1390.9091796875}, "class_id": 0, "box_caption": "rec 0.046", "scores": {"class_score": 0.0460205078125}, "domain": "pixel"}], "class_labels": {"0": "rec", "1": "none"}}