{"box_data": [{"position": {"minX": 325.87255859375, "minY": 64.77503967285156, "maxX": 871.12744140625, "maxY": 538.7249755859375}, "class_id": 0, "box_caption": "rec 0.342", "scores": {"class_score": 0.341552734375}, "domain": "pixel"}, {"position": {"minX": 188.6434326171875, "minY": -158.3411865234375, "maxX": 992.3565673828125, "maxY": 770.8411865234375}, "class_id": 0, "box_caption": "rec 0.076", "scores": {"class_score": 0.076416015625}, "domain": "pixel"}, {"position": {"minX": -318.5296630859375, "minY": -538.8699951171875, "maxX": 1489.5296630859375, "maxY": 1144.3699951171875}, "class_id": 0, "box_caption": "rec 0.042", "scores": {"class_score": 0.04217529296875}, "domain": "pixel"}], "class_labels": {"0": "rec", "1": "none"}}