{"box_data": [{"position": {"minX": 697.4323120117188, "minY": 107.86038208007812, "maxX": 1001.5676879882812, "maxY": 408.6396179199219}, "class_id": 0, "box_caption": "rec 0.663", "scores": {"class_score": 0.66259765625}, "domain": "pixel"}, {"position": {"minX": 606.9976806640625, "minY": 22.257568359375, "maxX": 1080.0023193359375, "maxY": 508.742431640625}, "class_id": 0, "box_caption": "rec 0.210", "scores": {"class_score": 0.2100830078125}, "domain": "pixel"}, {"position": {"minX": 546.5662841796875, "minY": -19.1173095703125, "maxX": 1131.4337158203125, "maxY": 560.6173095703125}, "class_id": 0, "box_caption": "rec 0.184", "scores": {"class_score": 0.1842041015625}, "domain": "pixel"}, {"position": {"minX": 720.3744506835938, "minY": 138.479736328125, "maxX": 964.6255493164062, "maxY": 389.520263671875}, "class_id": 0, "box_caption": "rec 0.033", "scores": {"class_score": 0.033203125}, "domain": "pixel"}], "class_labels": {"0": "rec", "1": "none"}}