{"box_data": [{"position": {"minX": 221.36968994140625, "minY": -184.468994140625, "maxX": 887.6303100585938, "maxY": 677.968994140625}, "class_id": 0, "box_caption": "rec 0.278", "scores": {"class_score": 0.277587890625}, "domain": "pixel"}, {"position": {"minX": -271.9808349609375, "minY": -504.7279052734375, "maxX": 1386.9808349609375, "maxY": 994.2279052734375}, "class_id": 0, "box_caption": "rec 0.177", "scores": {"class_score": 0.1766357421875}, "domain": "pixel"}, {"position": {"minX": 300.6981201171875, "minY": 36.173309326171875, "maxX": 815.3018798828125, "maxY": 464.3266906738281}, "class_id": 0, "box_caption": "rec 0.042", "scores": {"class_score": 0.041534423828125}, "domain": "pixel"}], "class_labels": {"0": "rec", "1": "none"}}