{"box_data": [{"position": {"minX": 289.91058349609375, "minY": 82.59884643554688, "maxX": 708.0894165039062, "maxY": 511.9011535644531}, "class_id": 0, "box_caption": "rec 0.504", "scores": {"class_score": 0.50390625}, "domain": "pixel"}, {"position": {"minX": 358.41595458984375, "minY": 141.28897094726562, "maxX": 674.5840454101562, "maxY": 481.2110290527344}, "class_id": 0, "box_caption": "rec 0.234", "scores": {"class_score": 0.2337646484375}, "domain": "pixel"}, {"position": {"minX": -499.6134033203125, "minY": -683.0028076171875, "maxX": 1471.6134033203125, "maxY": 1297.5028076171875}, "class_id": 0, "box_caption": "rec 0.029", "scores": {"class_score": 0.0289764404296875}, "domain": "pixel"}], "class_labels": {"0": "rec", "1": "none"}}