{"box_data": [{"position": {"minX": 241.072998046875, "minY": -28.735015869140625, "maxX": 815.927001953125, "maxY": 498.2350158691406}, "class_id": 0, "box_caption": "rec 0.422", "scores": {"class_score": 0.421630859375}, "domain": "pixel"}, {"position": {"minX": 96.65957641601562, "minY": -265.3035888671875, "maxX": 972.3404541015625, "maxY": 704.3035888671875}, "class_id": 0, "box_caption": "rec 0.224", "scores": {"class_score": 0.2239990234375}, "domain": "pixel"}, {"position": {"minX": -429.318359375, "minY": -708.03857421875, "maxX": 1483.318359375, "maxY": 1118.03857421875}, "class_id": 0, "box_caption": "rec 0.048", "scores": {"class_score": 0.048492431640625}, "domain": "pixel"}], "class_labels": {"0": "rec", "1": "none"}}