{"box_data": [{"position": {"minX": 307.2928466796875, "minY": 31.3179931640625, "maxX": 811.7071533203125, "maxY": 445.1820068359375}, "class_id": 0, "box_caption": "rec 0.164", "scores": {"class_score": 0.1639404296875}, "domain": "pixel"}, {"position": {"minX": 397.771728515625, "minY": 145.156494140625, "maxX": 663.228271484375, "maxY": 350.093505859375}, "class_id": 0, "box_caption": "rec 0.024", "scores": {"class_score": 0.0242767333984375}, "domain": "pixel"}, {"position": {"minX": -227.56591796875, "minY": -442.906494140625, "maxX": 1392.56591796875, "maxY": 1009.906494140625}, "class_id": 0, "box_caption": "rec 0.019", "scores": {"class_score": 0.0191192626953125}, "domain": "pixel"}], "class_labels": {"0": "rec", "1": "none"}}