{"box_data": [{"position": {"minX": 694.1791381835938, "minY": 112.67916870117188, "maxX": 996.8208618164062, "maxY": 415.3208312988281}, "class_id": 0, "box_caption": "rec 0.648", "scores": {"class_score": 0.64794921875}, "domain": "pixel"}, {"position": {"minX": 605.18017578125, "minY": 17.37896728515625, "maxX": 1085.81982421875, "maxY": 504.62103271484375}, "class_id": 0, "box_caption": "rec 0.212", "scores": {"class_score": 0.2120361328125}, "domain": "pixel"}, {"position": {"minX": 547.07470703125, "minY": -18.64190673828125, "maxX": 1130.92529296875, "maxY": 562.6419067382812}, "class_id": 0, "box_caption": "rec 0.174", "scores": {"class_score": 0.173828125}, "domain": "pixel"}, {"position": {"minX": 717.8200073242188, "minY": 139.82000732421875, "maxX": 968.1799926757812, "maxY": 390.17999267578125}, "class_id": 0, "box_caption": "rec 0.023", "scores": {"class_score": 0.02337646484375}, "domain": "pixel"}], "class_labels": {"0": "rec", "1": "none"}}