{"box_data": [{"position": {"minX": 222.99560546875, "minY": 3.89691162109375, "maxX": 801.0043334960938, "maxY": 589.6031494140625}, "class_id": 0, "box_caption": "rec 0.447", "scores": {"class_score": 0.446533203125}, "domain": "pixel"}, {"position": {"minX": 154.4111328125, "minY": -37.644287109375, "maxX": 862.5888671875, "maxY": 625.144287109375}, "class_id": 0, "box_caption": "rec 0.211", "scores": {"class_score": 0.21142578125}, "domain": "pixel"}, {"position": {"minX": -490.951904296875, "minY": -686.9091796875, "maxX": 1476.451904296875, "maxY": 1294.4091796875}, "class_id": 0, "box_caption": "rec 0.022", "scores": {"class_score": 0.021575927734375}, "domain": "pixel"}], "class_labels": {"0": "rec", "1": "none"}}