{"box_data": [{"position": {"minX": -226.765380859375, "minY": -229.920166015625, "maxX": 1287.765380859375, "maxY": 1099.920166015625}, "class_id": 0, "box_caption": "rec 0.220", "scores": {"class_score": 0.219970703125}, "domain": "pixel"}, {"position": {"minX": 221.634765625, "minY": 47.04840087890625, "maxX": 838.365234375, "maxY": 849.4515991210938}, "class_id": 0, "box_caption": "rec 0.208", "scores": {"class_score": 0.20751953125}, "domain": "pixel"}], "class_labels": {"0": "rec", "1": "none"}}