{"box_data": [{"position": {"minX": 339.2066650390625, "minY": 81.713623046875, "maxX": 848.7933349609375, "maxY": 502.786376953125}, "class_id": 0, "box_caption": "rec 0.331", "scores": {"class_score": 0.3310546875}, "domain": "pixel"}, {"position": {"minX": 401.77740478515625, "minY": -129.1011962890625, "maxX": 841.2225952148438, "maxY": 699.1011962890625}, "class_id": 0, "box_caption": "rec 0.047", "scores": {"class_score": 0.047332763671875}, "domain": "pixel"}, {"position": {"minX": 467.68121337890625, "minY": 172.11843872070312, "maxX": 738.3187866210938, "maxY": 384.8815612792969}, "class_id": 0, "box_caption": "rec 0.028", "scores": {"class_score": 0.027801513671875}, "domain": "pixel"}, {"position": {"minX": -222.9808349609375, "minY": -451.9779052734375, "maxX": 1435.9808349609375, "maxY": 1046.9779052734375}, "class_id": 0, "box_caption": "rec 0.022", "scores": {"class_score": 0.0224151611328125}, "domain": "pixel"}], "class_labels": {"0": "rec", "1": "none"}}