{"box_data": [{"position": {"minX": 195.0103759765625, "minY": 51.284912109375, "maxX": 743.9896240234375, "maxY": 531.215087890625}, "class_id": 0, "box_caption": "rec 0.435", "scores": {"class_score": 0.43505859375}, "domain": "pixel"}, {"position": {"minX": 202.22296142578125, "minY": -140.54925537109375, "maxX": 740.2770385742188, "maxY": 710.5492553710938}, "class_id": 0, "box_caption": "rec 0.227", "scores": {"class_score": 0.2274169921875}, "domain": "pixel"}, {"position": {"minX": -438.2796936035156, "minY": -572.8699951171875, "maxX": 1369.7796630859375, "maxY": 1110.3699951171875}, "class_id": 0, "box_caption": "rec 0.053", "scores": {"class_score": 0.053009033203125}, "domain": "pixel"}, {"position": {"minX": 327.7574462890625, "minY": 155.83680725097656, "maxX": 619.2425537109375, "maxY": 403.6632080078125}, "class_id": 0, "box_caption": "rec 0.015", "scores": {"class_score": 0.01507568359375}, "domain": "pixel"}], "class_labels": {"0": "rec", "1": "none"}}