{"box_data": [{"position": {"minX": 341.2066650390625, "minY": 73.963623046875, "maxX": 850.7933349609375, "maxY": 495.036376953125}, "class_id": 0, "box_caption": "rec 0.322", "scores": {"class_score": 0.32177734375}, "domain": "pixel"}, {"position": {"minX": 395.238037109375, "minY": -125.748291015625, "maxX": 805.761962890625, "maxY": 700.748291015625}, "class_id": 0, "box_caption": "rec 0.111", "scores": {"class_score": 0.11126708984375}, "domain": "pixel"}, {"position": {"minX": 479.9560241699219, "minY": 176.80905151367188, "maxX": 748.0439453125, "maxY": 385.6909484863281}, "class_id": 0, "box_caption": "rec 0.032", "scores": {"class_score": 0.03228759765625}, "domain": "pixel"}, {"position": {"minX": -226.9808349609375, "minY": -452.9779052734375, "maxX": 1431.9808349609375, "maxY": 1045.9779052734375}, "class_id": 0, "box_caption": "rec 0.026", "scores": {"class_score": 0.025909423828125}, "domain": "pixel"}], "class_labels": {"0": "rec", "1": "none"}}