{"box_data": [{"position": {"minX": 423.81671142578125, "minY": 81.19659423828125, "maxX": 1010.1832885742188, "maxY": 657.3034057617188}, "class_id": 0, "box_caption": "rec 0.235", "scores": {"class_score": 0.235107421875}, "domain": "pixel"}, {"position": {"minX": 569.4950561523438, "minY": 213.27114868164062, "maxX": 875.5049438476562, "maxY": 509.2288513183594}, "class_id": 0, "box_caption": "rec 0.162", "scores": {"class_score": 0.161865234375}, "domain": "pixel"}, {"position": {"minX": 284.7664794921875, "minY": -108.81146240234375, "maxX": 1208.2335205078125, "maxY": 839.8114624023438}, "class_id": 0, "box_caption": "rec 0.058", "scores": {"class_score": 0.057586669921875}, "domain": "pixel"}, {"position": {"minX": -267.1593017578125, "minY": -627.701904296875, "maxX": 1714.1593017578125, "maxY": 1339.701904296875}, "class_id": 0, "box_caption": "rec 0.022", "scores": {"class_score": 0.021942138671875}, "domain": "pixel"}], "class_labels": {"0": "rec", "1": "none"}}