{"box_data": [{"position": {"minX": 191.5103759765625, "minY": 36.284912109375, "maxX": 740.4896240234375, "maxY": 516.215087890625}, "class_id": 0, "box_caption": "rec 0.566", "scores": {"class_score": 0.56591796875}, "domain": "pixel"}, {"position": {"minX": 75.95245361328125, "minY": -144.393798828125, "maxX": 860.5475463867188, "maxY": 714.893798828125}, "class_id": 0, "box_caption": "rec 0.100", "scores": {"class_score": 0.0999755859375}, "domain": "pixel"}, {"position": {"minX": -448.7796936035156, "minY": -571.1199951171875, "maxX": 1359.2796630859375, "maxY": 1112.1199951171875}, "class_id": 0, "box_caption": "rec 0.045", "scores": {"class_score": 0.045257568359375}, "domain": "pixel"}, {"position": {"minX": 327.0074462890625, "minY": 157.58680725097656, "maxX": 618.4925537109375, "maxY": 405.4132080078125}, "class_id": 0, "box_caption": "rec 0.028", "scores": {"class_score": 0.027801513671875}, "domain": "pixel"}], "class_labels": {"0": "rec", "1": "none"}}