{"box_data": [{"position": {"minX": 312.903076171875, "minY": 55.56414794921875, "maxX": 875.096923828125, "maxY": 557.9358520507812}, "class_id": 0, "box_caption": "rec 0.225", "scores": {"class_score": 0.2247314453125}, "domain": "pixel"}, {"position": {"minX": -294.1273193359375, "minY": -557.3519287109375, "maxX": 1541.1273193359375, "maxY": 1161.3519287109375}, "class_id": 0, "box_caption": "rec 0.019", "scores": {"class_score": 0.0186920166015625}, "domain": "pixel"}, {"position": {"minX": 672.6278686523438, "minY": 293.03515625, "maxX": 935.3721313476562, "maxY": 493.96484375}, "class_id": 0, "box_caption": "rec 0.011", "scores": {"class_score": 0.01123809814453125}, "domain": "pixel"}], "class_labels": {"0": "rec", "1": "none"}}