{"box_data": [{"position": {"minX": 149.0107421875, "minY": 99.2567138671875, "maxX": 712.9892578125, "maxY": 686.2432861328125}, "class_id": 0, "box_caption": "rec 0.202", "scores": {"class_score": 0.2017822265625}, "domain": "pixel"}, {"position": {"minX": 276.96563720703125, "minY": 239.8992919921875, "maxX": 561.0343627929688, "maxY": 545.6007080078125}, "class_id": 0, "box_caption": "rec 0.093", "scores": {"class_score": 0.09332275390625}, "domain": "pixel"}, {"position": {"minX": 311.9158935546875, "minY": 287.47705078125, "maxX": 563.0841064453125, "maxY": 492.02294921875}, "class_id": 0, "box_caption": "rec 0.015", "scores": {"class_score": 0.01450347900390625}, "domain": "pixel"}, {"position": {"minX": -534.664306640625, "minY": -596.66552734375, "maxX": 1404.664306640625, "maxY": 1379.66552734375}, "class_id": 0, "box_caption": "rec 0.014", "scores": {"class_score": 0.01374053955078125}, "domain": "pixel"}], "class_labels": {"0": "rec", "1": "none"}}