{"box_data": [{"position": {"minX": 297.72100830078125, "minY": 22.6802978515625, "maxX": 845.2789916992188, "maxY": 605.8197021484375}, "class_id": 0, "box_caption": "rec 0.474", "scores": {"class_score": 0.4736328125}, "domain": "pixel"}, {"position": {"minX": 152.9132080078125, "minY": -21.17333984375, "maxX": 996.0867919921875, "maxY": 660.17333984375}, "class_id": 0, "box_caption": "rec 0.159", "scores": {"class_score": 0.15869140625}, "domain": "pixel"}, {"position": {"minX": -381.148681640625, "minY": -667.054931640625, "maxX": 1494.148681640625, "maxY": 1277.054931640625}, "class_id": 0, "box_caption": "rec 0.031", "scores": {"class_score": 0.0309600830078125}, "domain": "pixel"}], "class_labels": {"0": "rec", "1": "none"}}