{"box_data": [{"position": {"minX": 101.49560546875, "minY": 117.39691162109375, "maxX": 679.5043334960938, "maxY": 703.1031494140625}, "class_id": 0, "box_caption": "rec 0.423", "scores": {"class_score": 0.422607421875}, "domain": "pixel"}, {"position": {"minX": -593.201904296875, "minY": -593.1591796875, "maxX": 1374.201904296875, "maxY": 1388.1591796875}, "class_id": 0, "box_caption": "rec 0.060", "scores": {"class_score": 0.05987548828125}, "domain": "pixel"}], "class_labels": {"0": "rec", "1": "none"}}