{"box_data": [{"position": {"minX": 220.6326904296875, "minY": 5.81622314453125, "maxX": 800.3673095703125, "maxY": 590.6837158203125}, "class_id": 0, "box_caption": "rec 0.383", "scores": {"class_score": 0.383056640625}, "domain": "pixel"}, {"position": {"minX": 103.6827392578125, "minY": -101.7000732421875, "maxX": 915.8172607421875, "maxY": 688.2000732421875}, "class_id": 0, "box_caption": "rec 0.052", "scores": {"class_score": 0.05242919921875}, "domain": "pixel"}, {"position": {"minX": -494.3634033203125, "minY": -688.0028076171875, "maxX": 1476.8634033203125, "maxY": 1292.5028076171875}, "class_id": 0, "box_caption": "rec 0.024", "scores": {"class_score": 0.02447509765625}, "domain": "pixel"}], "class_labels": {"0": "rec", "1": "none"}}