{"box_data": [{"position": {"minX": 290.8939208984375, "minY": 251.72845458984375, "maxX": 761.1060791015625, "maxY": 619.7715454101562}, "class_id": 0, "box_caption": "rec 0.214", "scores": {"class_score": 0.2139892578125}, "domain": "pixel"}, {"position": {"minX": -231.265380859375, "minY": -223.420166015625, "maxX": 1283.265380859375, "maxY": 1106.420166015625}, "class_id": 0, "box_caption": "rec 0.027", "scores": {"class_score": 0.027069091796875}, "domain": "pixel"}, {"position": {"minX": -134.7078094482422, "minY": 218.8974151611328, "maxX": 249.0828094482422, "maxY": 701.1026000976562}, "class_id": 0, "box_caption": "rec 0.011", "scores": {"class_score": 0.01070404052734375}, "domain": "pixel"}], "class_labels": {"0": "rec", "1": "none"}}