{"box_data": [{"position": {"minX": 298.22100830078125, "minY": 23.9302978515625, "maxX": 845.7789916992188, "maxY": 607.0697021484375}, "class_id": 0, "box_caption": "rec 0.436", "scores": {"class_score": 0.435791015625}, "domain": "pixel"}, {"position": {"minX": 145.6190185546875, "minY": -35.56646728515625, "maxX": 1000.3809814453125, "maxY": 665.0664672851562}, "class_id": 0, "box_caption": "rec 0.194", "scores": {"class_score": 0.1937255859375}, "domain": "pixel"}, {"position": {"minX": -360.591552734375, "minY": -664.501708984375, "maxX": 1525.591552734375, "maxY": 1286.001708984375}, "class_id": 0, "box_caption": "rec 0.036", "scores": {"class_score": 0.036285400390625}, "domain": "pixel"}], "class_labels": {"0": "rec", "1": "none"}}