{"box_data": [{"position": {"minX": 473.5, "minY": 317.25, "maxX": 721.5, "maxY": 497.25}, "class_id": 0, "box_caption": "rec 0.378", "scores": {"class_score": 0.37841796875}, "domain": "pixel"}, {"position": {"minX": 370.5, "minY": 219.75, "maxX": 834.5, "maxY": 579.75}, "class_id": 0, "box_caption": "rec 0.136", "scores": {"class_score": 0.1357421875}, "domain": "pixel"}, {"position": {"minX": 504.0625, "minY": 155.75, "maxX": 691.9375, "maxY": 631.75}, "class_id": 0, "box_caption": "rec 0.085", "scores": {"class_score": 0.08477783203125}, "domain": "pixel"}, {"position": {"minX": 543.1602783203125, "minY": 283.07232666015625, "maxX": 655.8397216796875, "maxY": 528.9276733398438}, "class_id": 0, "box_caption": "rec 0.021", "scores": {"class_score": 0.020843505859375}, "domain": "pixel"}], "class_labels": {"0": "rec", "1": "none"}}