{"box_data": [{"position": {"minX": 305.1153869628906, "minY": 17.08209228515625, "maxX": 848.8846435546875, "maxY": 598.9179077148438}, "class_id": 0, "box_caption": "rec 0.584", "scores": {"class_score": 0.583984375}, "domain": "pixel"}, {"position": {"minX": -367.591552734375, "minY": -663.501708984375, "maxX": 1518.591552734375, "maxY": 1287.001708984375}, "class_id": 0, "box_caption": "rec 0.065", "scores": {"class_score": 0.06536865234375}, "domain": "pixel"}, {"position": {"minX": 425.990234375, "minY": 156.35781860351562, "maxX": 708.009765625, "maxY": 461.6421813964844}, "class_id": 0, "box_caption": "rec 0.015", "scores": {"class_score": 0.01473236083984375}, "domain": "pixel"}, {"position": {"minX": 135.38967895507812, "minY": -49.637451171875, "maxX": 971.6103515625, "maxY": 620.137451171875}, "class_id": 0, "box_caption": "rec 0.011", "scores": {"class_score": 0.01085662841796875}, "domain": "pixel"}], "class_labels": {"0": "rec", "1": "none"}}