{"box_data": [{"position": {"minX": 389.56622314453125, "minY": 106.6326904296875, "maxX": 974.4337768554688, "maxY": 686.3673095703125}, "class_id": 0, "box_caption": "rec 0.186", "scores": {"class_score": 0.1859130859375}, "domain": "pixel"}, {"position": {"minX": 528.1596069335938, "minY": 240.600341796875, "maxX": 833.8403930664062, "maxY": 537.899658203125}, "class_id": 0, "box_caption": "rec 0.075", "scores": {"class_score": 0.074951171875}, "domain": "pixel"}, {"position": {"minX": 562.2772216796875, "minY": 270.9061279296875, "maxX": 793.7227783203125, "maxY": 517.0938720703125}, "class_id": 0, "box_caption": "rec 0.013", "scores": {"class_score": 0.01251983642578125}, "domain": "pixel"}], "class_labels": {"0": "rec", "1": "none"}}