{"box_data": [{"position": {"minX": 201.41891479492188, "minY": -150.714599609375, "maxX": 981.5810546875, "maxY": 771.714599609375}, "class_id": 0, "box_caption": "rec 0.181", "scores": {"class_score": 0.1806640625}, "domain": "pixel"}, {"position": {"minX": -305.3306884765625, "minY": -516.6126708984375, "maxX": 1473.3306884765625, "maxY": 1129.1126708984375}, "class_id": 0, "box_caption": "rec 0.118", "scores": {"class_score": 0.1175537109375}, "domain": "pixel"}], "class_labels": {"0": "rec", "1": "none"}}