{"box_data": [{"position": {"minX": 473.4481506347656, "minY": 301.599609375, "maxX": 724.5518798828125, "maxY": 485.900390625}, "class_id": 0, "box_caption": "rec 0.363", "scores": {"class_score": 0.363037109375}, "domain": "pixel"}, {"position": {"minX": 371.0, "minY": 223.0, "maxX": 835.0, "maxY": 583.0}, "class_id": 0, "box_caption": "rec 0.133", "scores": {"class_score": 0.1329345703125}, "domain": "pixel"}, {"position": {"minX": 497.17352294921875, "minY": 153.34881591796875, "maxX": 698.8264770507812, "maxY": 632.6511840820312}, "class_id": 0, "box_caption": "rec 0.116", "scores": {"class_score": 0.115966796875}, "domain": "pixel"}, {"position": {"minX": 546.9097900390625, "minY": 284.6290283203125, "maxX": 653.0902099609375, "maxY": 530.3709716796875}, "class_id": 0, "box_caption": "rec 0.017", "scores": {"class_score": 0.0170440673828125}, "domain": "pixel"}], "class_labels": {"0": "rec", "1": "none"}}