{"box_data": [{"position": {"minX": 217.8826904296875, "minY": 4.81622314453125, "maxX": 797.6173095703125, "maxY": 589.6837158203125}, "class_id": 0, "box_caption": "rec 0.501", "scores": {"class_score": 0.5009765625}, "domain": "pixel"}, {"position": {"minX": 103.6204833984375, "minY": -100.4444580078125, "maxX": 913.8795166015625, "maxY": 687.4444580078125}, "class_id": 0, "box_caption": "rec 0.228", "scores": {"class_score": 0.2281494140625}, "domain": "pixel"}, {"position": {"minX": -494.6134033203125, "minY": -687.0028076171875, "maxX": 1476.6134033203125, "maxY": 1293.5028076171875}, "class_id": 0, "box_caption": "rec 0.030", "scores": {"class_score": 0.0304412841796875}, "domain": "pixel"}], "class_labels": {"0": "rec", "1": "none"}}