{"box_data": [{"position": {"minX": 359.7066650390625, "minY": 83.213623046875, "maxX": 869.2933349609375, "maxY": 504.286376953125}, "class_id": 0, "box_caption": "rec 0.335", "scores": {"class_score": 0.33544921875}, "domain": "pixel"}, {"position": {"minX": 374.80889892578125, "minY": -125.79913330078125, "maxX": 825.1911010742188, "maxY": 706.2991333007812}, "class_id": 0, "box_caption": "rec 0.110", "scores": {"class_score": 0.10992431640625}, "domain": "pixel"}, {"position": {"minX": 477.18121337890625, "minY": 174.61843872070312, "maxX": 747.8187866210938, "maxY": 387.3815612792969}, "class_id": 0, "box_caption": "rec 0.029", "scores": {"class_score": 0.028594970703125}, "domain": "pixel"}, {"position": {"minX": -225.9808349609375, "minY": -453.9779052734375, "maxX": 1432.9808349609375, "maxY": 1044.9779052734375}, "class_id": 0, "box_caption": "rec 0.025", "scores": {"class_score": 0.024658203125}, "domain": "pixel"}], "class_labels": {"0": "rec", "1": "none"}}