{"box_data": [{"position": {"minX": 340.1981201171875, "minY": 71.17330932617188, "maxX": 854.8018798828125, "maxY": 499.3266906738281}, "class_id": 0, "box_caption": "rec 0.412", "scores": {"class_score": 0.412109375}, "domain": "pixel"}, {"position": {"minX": 412.9488525390625, "minY": -124.39971923828125, "maxX": 790.0511474609375, "maxY": 697.3997192382812}, "class_id": 0, "box_caption": "rec 0.129", "scores": {"class_score": 0.12939453125}, "domain": "pixel"}, {"position": {"minX": 464.18121337890625, "minY": 172.86843872070312, "maxX": 734.8187866210938, "maxY": 385.6315612792969}, "class_id": 0, "box_caption": "rec 0.066", "scores": {"class_score": 0.06561279296875}, "domain": "pixel"}, {"position": {"minX": -227.4808349609375, "minY": -447.4779052734375, "maxX": 1431.4808349609375, "maxY": 1051.4779052734375}, "class_id": 0, "box_caption": "rec 0.020", "scores": {"class_score": 0.0200958251953125}, "domain": "pixel"}], "class_labels": {"0": "rec", "1": "none"}}