{"box_data": [{"position": {"minX": 340.4178466796875, "minY": 301.664306640625, "maxX": 618.0821533203125, "maxY": 605.835693359375}, "class_id": 0, "box_caption": "rec 0.486", "scores": {"class_score": 0.486328125}, "domain": "pixel"}, {"position": {"minX": 213.26495361328125, "minY": 156.07293701171875, "maxX": 740.2350463867188, "maxY": 730.9270629882812}, "class_id": 0, "box_caption": "rec 0.181", "scores": {"class_score": 0.1806640625}, "domain": "pixel"}, {"position": {"minX": 223.2763671875, "minY": 232.19419860839844, "maxX": 741.2236328125, "maxY": 646.3057861328125}, "class_id": 0, "box_caption": "rec 0.061", "scores": {"class_score": 0.060516357421875}, "domain": "pixel"}, {"position": {"minX": 351.15740966796875, "minY": 346.94091796875, "maxX": 613.3425903320312, "maxY": 557.05908203125}, "class_id": 0, "box_caption": "rec 0.043", "scores": {"class_score": 0.04345703125}, "domain": "pixel"}], "class_labels": {"0": "rec", "1": "none"}}