{"box_data": [{"position": {"minX": 300.6153869628906, "minY": 22.08209228515625, "maxX": 844.3846435546875, "maxY": 603.9178466796875}, "class_id": 0, "box_caption": "rec 0.487", "scores": {"class_score": 0.4873046875}, "domain": "pixel"}, {"position": {"minX": 176.991455078125, "minY": 19.87890625, "maxX": 973.008544921875, "maxY": 606.62109375}, "class_id": 0, "box_caption": "rec 0.186", "scores": {"class_score": 0.1859130859375}, "domain": "pixel"}, {"position": {"minX": -356.148681640625, "minY": -663.304931640625, "maxX": 1519.148681640625, "maxY": 1280.804931640625}, "class_id": 0, "box_caption": "rec 0.027", "scores": {"class_score": 0.027069091796875}, "domain": "pixel"}], "class_labels": {"0": "rec", "1": "none"}}