{"box_data": [{"position": {"minX": 470.9481506347656, "minY": 301.849609375, "maxX": 722.0518798828125, "maxY": 486.150390625}, "class_id": 0, "box_caption": "rec 0.525", "scores": {"class_score": 0.525390625}, "domain": "pixel"}, {"position": {"minX": 493.17413330078125, "minY": 155.02899169921875, "maxX": 702.8258666992188, "maxY": 634.4710083007812}, "class_id": 0, "box_caption": "rec 0.136", "scores": {"class_score": 0.1357421875}, "domain": "pixel"}, {"position": {"minX": 363.0, "minY": 219.75, "maxX": 827.0, "maxY": 579.75}, "class_id": 0, "box_caption": "rec 0.132", "scores": {"class_score": 0.1318359375}, "domain": "pixel"}, {"position": {"minX": 547.34375, "minY": 267.0, "maxX": 655.65625, "maxY": 511.0}, "class_id": 0, "box_caption": "rec 0.022", "scores": {"class_score": 0.0224151611328125}, "domain": "pixel"}], "class_labels": {"0": "rec", "1": "none"}}