{"box_data": [{"position": {"minX": 475.0, "minY": 308.5, "maxX": 723.0, "maxY": 488.5}, "class_id": 0, "box_caption": "rec 0.605", "scores": {"class_score": 0.60498046875}, "domain": "pixel"}, {"position": {"minX": 355.0, "minY": 220.0, "maxX": 819.0, "maxY": 580.0}, "class_id": 0, "box_caption": "rec 0.121", "scores": {"class_score": 0.12103271484375}, "domain": "pixel"}, {"position": {"minX": 501.11041259765625, "minY": 153.41754150390625, "maxX": 694.8895874023438, "maxY": 632.5824584960938}, "class_id": 0, "box_caption": "rec 0.119", "scores": {"class_score": 0.11920166015625}, "domain": "pixel"}, {"position": {"minX": 540.1602172851562, "minY": 268.8310546875, "maxX": 651.8397827148438, "maxY": 514.6689453125}, "class_id": 0, "box_caption": "rec 0.037", "scores": {"class_score": 0.036712646484375}, "domain": "pixel"}], "class_labels": {"0": "rec", "1": "none"}}