{"box_data": [{"position": {"minX": 221.24560546875, "minY": 3.39691162109375, "maxX": 799.2543334960938, "maxY": 589.1031494140625}, "class_id": 0, "box_caption": "rec 0.477", "scores": {"class_score": 0.4765625}, "domain": "pixel"}, {"position": {"minX": 96.30438232421875, "minY": -104.2093505859375, "maxX": 907.6956176757812, "maxY": 673.2093505859375}, "class_id": 0, "box_caption": "rec 0.104", "scores": {"class_score": 0.10357666015625}, "domain": "pixel"}, {"position": {"minX": -490.701904296875, "minY": -688.9091796875, "maxX": 1476.701904296875, "maxY": 1292.4091796875}, "class_id": 0, "box_caption": "rec 0.031", "scores": {"class_score": 0.0309600830078125}, "domain": "pixel"}], "class_labels": {"0": "rec", "1": "none"}}