{"box_data": [{"position": {"minX": 259.572998046875, "minY": -48.360015869140625, "maxX": 834.427001953125, "maxY": 478.6100158691406}, "class_id": 0, "box_caption": "rec 0.537", "scores": {"class_score": 0.537109375}, "domain": "pixel"}, {"position": {"minX": -440.692626953125, "minY": -726.8631591796875, "maxX": 1480.692626953125, "maxY": 1112.3631591796875}, "class_id": 0, "box_caption": "rec 0.054", "scores": {"class_score": 0.054107666015625}, "domain": "pixel"}, {"position": {"minX": 400.0821533203125, "minY": 94.15264892578125, "maxX": 700.9178466796875, "maxY": 362.09735107421875}, "class_id": 0, "box_caption": "rec 0.019", "scores": {"class_score": 0.0194549560546875}, "domain": "pixel"}, {"position": {"minX": 367.591064453125, "minY": -25.830657958984375, "maxX": 741.408935546875, "maxY": 486.0806579589844}, "class_id": 0, "box_caption": "rec 0.012", "scores": {"class_score": 0.01242828369140625}, "domain": "pixel"}], "class_labels": {"0": "rec", "1": "none"}}