{"box_data": [{"position": {"minX": 571.78125, "minY": 230.5531005859375, "maxX": 878.21875, "maxY": 521.9468994140625}, "class_id": 0, "box_caption": "rec 0.076", "scores": {"class_score": 0.076416015625}, "domain": "pixel"}, {"position": {"minX": 450.7130126953125, "minY": 92.73291015625, "maxX": 1037.2869873046875, "maxY": 653.76708984375}, "class_id": 0, "box_caption": "rec 0.051", "scores": {"class_score": 0.0509033203125}, "domain": "pixel"}, {"position": {"minX": 694.2272338867188, "minY": 326.4345703125, "maxX": 882.7727661132812, "maxY": 580.5654296875}, "class_id": 0, "box_caption": "rec 0.032", "scores": {"class_score": 0.03204345703125}, "domain": "pixel"}, {"position": {"minX": 652.8587036132812, "minY": 285.8458251953125, "maxX": 812.1412963867188, "maxY": 443.1541748046875}, "class_id": 0, "box_caption": "rec 0.013", "scores": {"class_score": 0.01287078857421875}, "domain": "pixel"}], "class_labels": {"0": "rec", "1": "none"}}