{"box_data": [{"position": {"minX": 206.946533203125, "minY": -0.18328857421875, "maxX": 783.053466796875, "maxY": 586.1832275390625}, "class_id": 0, "box_caption": "rec 0.270", "scores": {"class_score": 0.269775390625}, "domain": "pixel"}, {"position": {"minX": 351.2711181640625, "minY": 127.74505615234375, "maxX": 647.2288818359375, "maxY": 433.75494384765625}, "class_id": 0, "box_caption": "rec 0.055", "scores": {"class_score": 0.055206298828125}, "domain": "pixel"}, {"position": {"minX": 479.62786865234375, "minY": 261.28515625, "maxX": 742.3721313476562, "maxY": 462.21484375}, "class_id": 0, "box_caption": "rec 0.018", "scores": {"class_score": 0.018402099609375}, "domain": "pixel"}], "class_labels": {"0": "rec", "1": "none"}}