{"box_data": [{"position": {"minX": 253.0902099609375, "minY": 39.303955078125, "maxX": 806.9097900390625, "maxY": 849.196044921875}, "class_id": 0, "box_caption": "rec 0.407", "scores": {"class_score": 0.4072265625}, "domain": "pixel"}, {"position": {"minX": -248.6005859375, "minY": -261.3990478515625, "maxX": 1309.6005859375, "maxY": 1118.8990478515625}, "class_id": 0, "box_caption": "rec 0.329", "scores": {"class_score": 0.329345703125}, "domain": "pixel"}], "class_labels": {"0": "rec", "1": "none"}}