{"box_data": [{"position": {"minX": 270.5067138671875, "minY": -66.86422729492188, "maxX": 857.4932861328125, "maxY": 497.1142272949219}, "class_id": 0, "box_caption": "rec 0.386", "scores": {"class_score": 0.3857421875}, "domain": "pixel"}, {"position": {"minX": -399.818359375, "minY": -688.41357421875, "maxX": 1512.818359375, "maxY": 1137.66357421875}, "class_id": 0, "box_caption": "rec 0.077", "scores": {"class_score": 0.07666015625}, "domain": "pixel"}], "class_labels": {"0": "rec", "1": "none"}}