{"box_data": [{"position": {"minX": 243.072998046875, "minY": -27.235015869140625, "maxX": 817.927001953125, "maxY": 499.7350158691406}, "class_id": 0, "box_caption": "rec 0.424", "scores": {"class_score": 0.42431640625}, "domain": "pixel"}, {"position": {"minX": -426.818359375, "minY": -702.03857421875, "maxX": 1485.818359375, "maxY": 1124.03857421875}, "class_id": 0, "box_caption": "rec 0.041", "scores": {"class_score": 0.041229248046875}, "domain": "pixel"}], "class_labels": {"0": "rec", "1": "none"}}