{"box_data": [{"position": {"minX": 692.2825927734375, "minY": 112.62176513671875, "maxX": 995.7174072265625, "maxY": 414.37823486328125}, "class_id": 0, "box_caption": "rec 0.646", "scores": {"class_score": 0.64599609375}, "domain": "pixel"}, {"position": {"minX": 604.05078125, "minY": 17.521148681640625, "maxX": 1085.94921875, "maxY": 505.9788513183594}, "class_id": 0, "box_caption": "rec 0.208", "scores": {"class_score": 0.20751953125}, "domain": "pixel"}, {"position": {"minX": 548.5662841796875, "minY": -19.1173095703125, "maxX": 1133.4337158203125, "maxY": 560.6173095703125}, "class_id": 0, "box_caption": "rec 0.183", "scores": {"class_score": 0.1829833984375}, "domain": "pixel"}, {"position": {"minX": 717.2032470703125, "minY": 137.95506286621094, "maxX": 965.7967529296875, "maxY": 393.044921875}, "class_id": 0, "box_caption": "rec 0.029", "scores": {"class_score": 0.02947998046875}, "domain": "pixel"}], "class_labels": {"0": "rec", "1": "none"}}