{"box_data": [{"position": {"minX": 246.56820678710938, "minY": -29.70697021484375, "maxX": 823.4317626953125, "maxY": 501.70697021484375}, "class_id": 0, "box_caption": "rec 0.409", "scores": {"class_score": 0.4091796875}, "domain": "pixel"}, {"position": {"minX": -427.318359375, "minY": -702.28857421875, "maxX": 1485.318359375, "maxY": 1123.78857421875}, "class_id": 0, "box_caption": "rec 0.051", "scores": {"class_score": 0.05126953125}, "domain": "pixel"}], "class_labels": {"0": "rec", "1": "none"}}