{"box_data": [{"position": {"minX": 197.5103759765625, "minY": 49.034912109375, "maxX": 746.4896240234375, "maxY": 528.965087890625}, "class_id": 0, "box_caption": "rec 0.395", "scores": {"class_score": 0.39501953125}, "domain": "pixel"}, {"position": {"minX": 254.09735107421875, "minY": -122.32177734375, "maxX": 690.9026489257812, "maxY": 697.82177734375}, "class_id": 0, "box_caption": "rec 0.171", "scores": {"class_score": 0.1710205078125}, "domain": "pixel"}, {"position": {"minX": -446.2796936035156, "minY": -541.8699951171875, "maxX": 1361.7796630859375, "maxY": 1141.3699951171875}, "class_id": 0, "box_caption": "rec 0.027", "scores": {"class_score": 0.0273284912109375}, "domain": "pixel"}], "class_labels": {"0": "rec", "1": "none"}}