{"box_data": [{"position": {"minX": 361.41424560546875, "minY": 158.66781616210938, "maxX": 665.5857543945312, "maxY": 436.3321838378906}, "class_id": 0, "box_caption": "rec 0.697", "scores": {"class_score": 0.69677734375}, "domain": "pixel"}, {"position": {"minX": 305.76568603515625, "minY": 37.5416259765625, "maxX": 725.2343139648438, "maxY": 558.4583740234375}, "class_id": 0, "box_caption": "rec 0.241", "scores": {"class_score": 0.24072265625}, "domain": "pixel"}, {"position": {"minX": 409.16632080078125, "minY": 162.26678466796875, "maxX": 625.8336791992188, "maxY": 428.23321533203125}, "class_id": 0, "box_caption": "rec 0.026", "scores": {"class_score": 0.0263519287109375}, "domain": "pixel"}], "class_labels": {"0": "rec", "1": "none"}}