{"box_data": [{"position": {"minX": 353.76458740234375, "minY": 286.156005859375, "maxX": 626.7354125976562, "maxY": 588.843994140625}, "class_id": 0, "box_caption": "rec 0.513", "scores": {"class_score": 0.5126953125}, "domain": "pixel"}, {"position": {"minX": 219.567138671875, "minY": 154.915283203125, "maxX": 741.932861328125, "maxY": 727.584716796875}, "class_id": 0, "box_caption": "rec 0.082", "scores": {"class_score": 0.081787109375}, "domain": "pixel"}, {"position": {"minX": 358.45428466796875, "minY": 342.234619140625, "maxX": 619.0457153320312, "maxY": 537.765380859375}, "class_id": 0, "box_caption": "rec 0.013", "scores": {"class_score": 0.01322174072265625}, "domain": "pixel"}], "class_labels": {"0": "rec", "1": "none"}}