{"box_data": [{"position": {"minX": 226.88436889648438, "minY": 46.096435546875, "maxX": 838.1156005859375, "maxY": 848.403564453125}, "class_id": 0, "box_caption": "rec 0.309", "scores": {"class_score": 0.30908203125}, "domain": "pixel"}, {"position": {"minX": -240.800048828125, "minY": -242.88790893554688, "maxX": 1295.8001708984375, "maxY": 1112.387939453125}, "class_id": 0, "box_caption": "rec 0.252", "scores": {"class_score": 0.25244140625}, "domain": "pixel"}, {"position": {"minX": 294.8939208984375, "minY": 262.47845458984375, "maxX": 765.1060791015625, "maxY": 630.5215454101562}, "class_id": 0, "box_caption": "rec 0.014", "scores": {"class_score": 0.01384735107421875}, "domain": "pixel"}], "class_labels": {"0": "rec", "1": "none"}}