{"box_data": [{"position": {"minX": 141.73291015625, "minY": 100.21295166015625, "maxX": 702.76708984375, "maxY": 686.7869873046875}, "class_id": 0, "box_caption": "rec 0.350", "scores": {"class_score": 0.349609375}, "domain": "pixel"}, {"position": {"minX": 18.3076171875, "minY": 50.31536865234375, "maxX": 831.6923828125, "maxY": 739.6845703125}, "class_id": 0, "box_caption": "rec 0.129", "scores": {"class_score": 0.12890625}, "domain": "pixel"}, {"position": {"minX": 275.29669189453125, "minY": 254.12196350097656, "maxX": 563.2033081054688, "maxY": 560.3780517578125}, "class_id": 0, "box_caption": "rec 0.023", "scores": {"class_score": 0.02276611328125}, "domain": "pixel"}, {"position": {"minX": -527.97509765625, "minY": -584.559326171875, "maxX": 1395.97509765625, "maxY": 1385.559326171875}, "class_id": 0, "box_caption": "rec 0.019", "scores": {"class_score": 0.0192413330078125}, "domain": "pixel"}], "class_labels": {"0": "rec", "1": "none"}}