{"box_data": [{"position": {"minX": 195.5103759765625, "minY": 48.784912109375, "maxX": 744.4896240234375, "maxY": 528.715087890625}, "class_id": 0, "box_caption": "rec 0.351", "scores": {"class_score": 0.351318359375}, "domain": "pixel"}, {"position": {"minX": 194.7373046875, "minY": -139.04278564453125, "maxX": 748.7626953125, "maxY": 718.5428466796875}, "class_id": 0, "box_caption": "rec 0.157", "scores": {"class_score": 0.1566162109375}, "domain": "pixel"}, {"position": {"minX": -445.0296936035156, "minY": -571.3699951171875, "maxX": 1363.0296630859375, "maxY": 1111.8699951171875}, "class_id": 0, "box_caption": "rec 0.027", "scores": {"class_score": 0.02691650390625}, "domain": "pixel"}], "class_labels": {"0": "rec", "1": "none"}}