{"box_data": [{"position": {"minX": 275.2066650390625, "minY": 53.463623046875, "maxX": 784.7933349609375, "maxY": 474.536376953125}, "class_id": 0, "box_caption": "rec 0.358", "scores": {"class_score": 0.357666015625}, "domain": "pixel"}, {"position": {"minX": -307.9808349609375, "minY": -485.4779052734375, "maxX": 1350.9808349609375, "maxY": 1013.4779052734375}, "class_id": 0, "box_caption": "rec 0.048", "scores": {"class_score": 0.048309326171875}, "domain": "pixel"}], "class_labels": {"0": "rec", "1": "none"}}