{"box_data": [{"position": {"minX": 218.87942504882812, "minY": -182.858154296875, "maxX": 887.12060546875, "maxY": 679.858154296875}, "class_id": 0, "box_caption": "rec 0.279", "scores": {"class_score": 0.279052734375}, "domain": "pixel"}, {"position": {"minX": -272.4808349609375, "minY": -503.9779052734375, "maxX": 1386.4808349609375, "maxY": 994.9779052734375}, "class_id": 0, "box_caption": "rec 0.124", "scores": {"class_score": 0.123779296875}, "domain": "pixel"}, {"position": {"minX": 296.6981201171875, "minY": 34.298309326171875, "maxX": 811.3018798828125, "maxY": 462.4516906738281}, "class_id": 0, "box_caption": "rec 0.037", "scores": {"class_score": 0.036712646484375}, "domain": "pixel"}], "class_labels": {"0": "rec", "1": "none"}}