{"Labels": {"_type": "images/separated", "width": 2000, "height": 2000, "format": "jpg", "count": 2, "filenames": ["media/images/Labels_0_1871f558a910a7614057.jpg", "media/images/Labels_0_e744f27576dc785b1437.jpg"], "captions": ["labels_correlogram.jpg", "labels_xyls.jpg"]}, "Mosaics": {"_type": "images/separated", "width": 2048, "height": 2048, "format": "jpg", "count": 8, "filenames": ["media/images/Mosaics_0_0255079bb9e548997c9e.jpg", "media/images/Mosaics_0_70c9e35df26faf7cef61.jpg", "media/images/Mosaics_0_4c8bbaec5ca464565aac.jpg", "media/images/Mosaics_0_1890a3c8514524149cbb.jpg", "media/images/Mosaics_0_a6a6df50e72ee19641fe.jpg", "media/images/Mosaics_0_8b42ac799817d5f4e0b3.jpg", "media/images/Mosaics_0_ac63f86f20be07922dd4.jpg", "media/images/Mosaics_0_f512caaa74c7303f5097.jpg"], "captions": ["train_batch0.jpg", "train_batch1.jpg", "train_batch2.jpg", "train_batch3.jpg", "train_batch4.jpg", "train_batch5.jpg", "train_batch6.jpg", "train_batch7.jpg"]}, "train/box_loss": 0.04710347577929497, "train/obj_loss": 0.3327057361602783, "train/cls_loss": 2.257514643133618e-05, "train/theta_loss": 0.07595936208963394, "metrics/precision": 0.901527497367045, "metrics/recall": 0.8413361169102297, "metrics/mAP_0.5": 0.9005233114518011, "metrics/mAP_0.5:0.95": 0.588326127725343, "val/box_loss": 0.05096077919006348, "val/obj_loss": 0.5184718370437622, "val/cls_loss": 2.148466228391044e-05, "val/theta_loss": 0.0863669216632843, "x/lr0": 0.002000078956575452, "x/lr1": 0.002000078956575452, "x/lr2": 0.002000078956575452, "_timestamp": 1662648040, "_runtime": 22096, "_step": 1000, "BoundingBoxDebugger": {"_type": "images/separated", "width": 1056, "height": 608, "format": "png", "count": 10, "filenames": ["media/images/BoundingBoxDebugger_999_600e9b46b753262c6aa3.png", "media/images/BoundingBoxDebugger_999_ea54ad607f6bc369214a.png", "media/images/BoundingBoxDebugger_999_6f5e466cd506c6abb1f0.png", "media/images/BoundingBoxDebugger_999_916b8e914349bdfb4c44.png", "media/images/BoundingBoxDebugger_999_5831095e8e3213b27317.png", "media/images/BoundingBoxDebugger_999_ad48a88d77668864e76a.png", "media/images/BoundingBoxDebugger_999_37bb351f1dba40a9c33b.png", "media/images/BoundingBoxDebugger_999_773385666479deae4d44.png", "media/images/BoundingBoxDebugger_999_95eb6e8f97f408bebcd9.png", "media/images/BoundingBoxDebugger_999_484464574bd75927a534.png"], "captions": ["pic_DJI_0639_0001_11.jpg", "pic_DJI_0639_0003_21.jpg", "pic_DJI_0639_0006_11.jpg", "pic_DJI_0639_0008_21.jpg", "pic_DJI_0639_0011_11.jpg", "pic_DJI_0639_0013_21.jpg", "pic_DJI_0639_0016_11.jpg", "pic_DJI_0639_0018_21.jpg", "pic_DJI_0639_0021_11.jpg", "pic_DJI_0639_0023_21.jpg"], "all_boxes": [{"predictions": {"_type": "boxes2D", "sha256": "bce68f2bcce6dee535136b86290910648d8712a20b15f5a21148ccc1190f1d01", "size": 12424, "path": "media/metadata/boxes2D/BoundingBoxDebugger_999_bce68f2bcce6dee53513.boxes2D.json"}}, {"predictions": {"_type": "boxes2D", "sha256": "07c52380bef92039401ca8fa9dafa094184eb46b5b8313a64664fe0e9fa9bfbf", "size": 9387, "path": "media/metadata/boxes2D/BoundingBoxDebugger_999_07c52380bef92039401c.boxes2D.json"}}, {"predictions": {"_type": "boxes2D", "sha256": "e5e94fe591202cfd6f4176b1346ecb4a65b96fdf3b026abcc29acfe0b42577cd", "size": 9368, "path": "media/metadata/boxes2D/BoundingBoxDebugger_999_e5e94fe591202cfd6f41.boxes2D.json"}}, {"predictions": {"_type": "boxes2D", "sha256": "ca7cad99f99793257ce0e1f183219b2d4e09737f4af3693fdb82a54f16af866c", "size": 12640, "path": "media/metadata/boxes2D/BoundingBoxDebugger_999_ca7cad99f99793257ce0.boxes2D.json"}}, {"predictions": {"_type": "boxes2D", "sha256": "75a8153df609a5bdfb6007262210a221ea68a471a0c1f22b49f14f14f2df2449", "size": 12852, "path": "media/metadata/boxes2D/BoundingBoxDebugger_999_75a8153df609a5bdfb60.boxes2D.json"}}, {"predictions": {"_type": "boxes2D", "sha256": "aa885224c4bb74c821b8a6a865fc756ea5d51d60e8d65267c9f99640ad8856d3", "size": 13944, "path": "media/metadata/boxes2D/BoundingBoxDebugger_999_aa885224c4bb74c821b8.boxes2D.json"}}, {"predictions": {"_type": "boxes2D", "sha256": "64671d8710796b86fb6666802a1305008d5c20946d78cc94b49e217babb232eb", "size": 22909, "path": "media/metadata/boxes2D/BoundingBoxDebugger_999_64671d8710796b86fb66.boxes2D.json"}}, {"predictions": {"_type": "boxes2D", "sha256": "357c0691bc11d7ad88937bb8bd33d920f2c0d3fe95b880eb039d40acc4873873", "size": 23398, "path": "media/metadata/boxes2D/BoundingBoxDebugger_999_357c0691bc11d7ad8893.boxes2D.json"}}, {"predictions": {"_type": "boxes2D", "sha256": "61edb565e5fc5c398b0f11e475f9755830646df9832a6fb94c430a3877d43408", "size": 9376, "path": "media/metadata/boxes2D/BoundingBoxDebugger_999_61edb565e5fc5c398b0f.boxes2D.json"}}, {"predictions": {"_type": "boxes2D", "sha256": "23cbd738c41dc8df74b2c6896ad45e8bf8094f8d6d4919df7669fbef6c693061", "size": 11718, "path": "media/metadata/boxes2D/BoundingBoxDebugger_999_23cbd738c41dc8df74b2.boxes2D.json"}}]}, "Validation": {"_type": "images/separated", "width": 2048, "height": 1180, "format": "jpg", "count": 4, "filenames": ["media/images/Validation_1000_efe46ca1b778da62da1f.jpg", "media/images/Validation_1000_56d47e0a4d46b3a434ea.jpg", "media/images/Validation_1000_a350f580adda42ffd899.jpg", "media/images/Validation_1000_c89513df89fa17cbbac6.jpg"], "captions": ["val_batch0_labels.jpg", "val_batch0_pred.jpg", "val_batch1_labels.jpg", "val_batch1_pred.jpg"]}, "Results": {"_type": "images/separated", "width": 2400, "height": 1200, "format": "png", "count": 6, "filenames": ["media/images/Results_1000_00d18870823257066ffe.png", "media/images/Results_1000_b7007a845697aec372d0.png", "media/images/Results_1000_1bd41af2f27f87f2ed6e.png", "media/images/Results_1000_bc38a2270d3e495380b8.png", "media/images/Results_1000_f70741ca5758c5ae830f.png", "media/images/Results_1000_e2704f20f37fd3129e10.png"], "captions": ["results.png", "confusion_matrix.png", "F1_curve.png", "PR_curve.png", "P_curve.png", "R_curve.png"]}, "_wandb": {"runtime": 22096}}