{"Labels": {"_type": "images/separated", "width": 2000, "height": 2000, "format": "jpg", "count": 2, "filenames": ["media/images/Labels_0_1871f558a910a7614057.jpg", "media/images/Labels_0_e744f27576dc785b1437.jpg"], "captions": ["labels_correlogram.jpg", "labels_xyls.jpg"]}, "Mosaics": {"_type": "images/separated", "width": 2048, "height": 2048, "format": "jpg", "count": 8, "filenames": ["media/images/Mosaics_0_001b2b156e7cd2634262.jpg", "media/images/Mosaics_0_eab763e84e8843456c01.jpg", "media/images/Mosaics_0_26a3e3aa922b150f031b.jpg", "media/images/Mosaics_0_f0b6dc16d16898de43d0.jpg", "media/images/Mosaics_0_a7df0bf17d2b7c745507.jpg", "media/images/Mosaics_0_c189df34b7d3fa45423e.jpg", "media/images/Mosaics_0_dd1dca0eca49fc3d7983.jpg", "media/images/Mosaics_0_1006150d246f51b99b69.jpg"], "captions": ["train_batch0.jpg", "train_batch1.jpg", "train_batch2.jpg", "train_batch3.jpg", "train_batch4.jpg", "train_batch5.jpg", "train_batch6.jpg", "train_batch7.jpg"]}, "train/box_loss": 0.0649809017777443, "train/obj_loss": 0.38915762305259705, "train/cls_loss": 5.9392405091784894e-05, "train/theta_loss": 0.10775478184223175, "metrics/precision": 0.9081917627918746, "metrics/recall": 0.8475991649269311, "metrics/mAP_0.5": 0.9028368352505832, "metrics/mAP_0.5:0.95": 0.5133329849651747, "val/box_loss": 0.053535036742687225, "val/obj_loss": 0.42805737257003784, "val/cls_loss": 5.6093202147167176e-05, "val/theta_loss": 0.10201938450336456, "x/lr0": 0.002000877266100618, "x/lr1": 0.002000877266100618, "x/lr2": 0.002000877266100618, "_timestamp": 1667363861, "_runtime": 7696, "_step": 300, "BoundingBoxDebugger": {"_type": "images/separated", "width": 1056, "height": 608, "format": "png", "count": 10, "filenames": ["media/images/BoundingBoxDebugger_299_600e9b46b753262c6aa3.png", "media/images/BoundingBoxDebugger_299_ea54ad607f6bc369214a.png", "media/images/BoundingBoxDebugger_299_6f5e466cd506c6abb1f0.png", "media/images/BoundingBoxDebugger_299_916b8e914349bdfb4c44.png", "media/images/BoundingBoxDebugger_299_5831095e8e3213b27317.png", "media/images/BoundingBoxDebugger_299_ad48a88d77668864e76a.png", "media/images/BoundingBoxDebugger_299_37bb351f1dba40a9c33b.png", "media/images/BoundingBoxDebugger_299_773385666479deae4d44.png", "media/images/BoundingBoxDebugger_299_95eb6e8f97f408bebcd9.png", "media/images/BoundingBoxDebugger_299_484464574bd75927a534.png"], "captions": ["pic_DJI_0639_0001_11.jpg", "pic_DJI_0639_0003_21.jpg", "pic_DJI_0639_0006_11.jpg", "pic_DJI_0639_0008_21.jpg", "pic_DJI_0639_0011_11.jpg", "pic_DJI_0639_0013_21.jpg", "pic_DJI_0639_0016_11.jpg", "pic_DJI_0639_0018_21.jpg", "pic_DJI_0639_0021_11.jpg", "pic_DJI_0639_0023_21.jpg"], "all_boxes": [{"predictions": {"_type": "boxes2D", "sha256": "da7d8d6434c5913e17e1d05fa9c72b6583d17103fba9b1b7b3e0c2e59b337f31", "size": 14137, "path": "media/metadata/boxes2D/BoundingBoxDebugger_299_da7d8d6434c5913e17e1.boxes2D.json"}}, {"predictions": {"_type": "boxes2D", "sha256": "f8f6932fffdb0aa65182ea521ba07a7b68a5f7c72e3bb087389bdd23364ac6e9", "size": 9922, "path": "media/metadata/boxes2D/BoundingBoxDebugger_299_f8f6932fffdb0aa65182.boxes2D.json"}}, {"predictions": {"_type": "boxes2D", "sha256": "92a200035b467a3b8c803ec8c61e671a9c983bd41ec96241c5a6561ffc98119e", "size": 12599, "path": "media/metadata/boxes2D/BoundingBoxDebugger_299_92a200035b467a3b8c80.boxes2D.json"}}, {"predictions": {"_type": "boxes2D", "sha256": "3a101d45c68d381d64146acea99e656bee0c39655af5a715f5fcaa85363e5ad6", "size": 15964, "path": "media/metadata/boxes2D/BoundingBoxDebugger_299_3a101d45c68d381d6414.boxes2D.json"}}, {"predictions": {"_type": "boxes2D", "sha256": "0f957888a7e67067375179ba933478e3e48758d157add8a9ab169a9fe86ed919", "size": 14445, "path": "media/metadata/boxes2D/BoundingBoxDebugger_299_0f957888a7e670673751.boxes2D.json"}}, {"predictions": {"_type": "boxes2D", "sha256": "22f27e290c3e6810ad1b5ae532102b7996c82617e44fbd2196a77ae7e0fff354", "size": 17004, "path": "media/metadata/boxes2D/BoundingBoxDebugger_299_22f27e290c3e6810ad1b.boxes2D.json"}}, {"predictions": {"_type": "boxes2D", "sha256": "dbf1b34ee02518302ad7d690d3ec01bc369dfd8246eeb95514938dfa5efebecd", "size": 22893, "path": "media/metadata/boxes2D/BoundingBoxDebugger_299_dbf1b34ee02518302ad7.boxes2D.json"}}, {"predictions": {"_type": "boxes2D", "sha256": "28f57facd9b2b3f87caa0ec10fe29aba6719de2bb158c1fb9243ce590d7d897e", "size": 20931, "path": "media/metadata/boxes2D/BoundingBoxDebugger_299_28f57facd9b2b3f87caa.boxes2D.json"}}, {"predictions": {"_type": "boxes2D", "sha256": "449eef200df9a6168986f7c628c341ebd78c8d31b3b3b25538ab6e873466c242", "size": 10273, "path": "media/metadata/boxes2D/BoundingBoxDebugger_299_449eef200df9a6168986.boxes2D.json"}}, {"predictions": {"_type": "boxes2D", "sha256": "d688312a6c7f6c672e933d515623df5a0b3f5199aec9ea1af26a732c0f970001", "size": 14370, "path": "media/metadata/boxes2D/BoundingBoxDebugger_299_d688312a6c7f6c672e93.boxes2D.json"}}]}, "Validation": {"_type": "images/separated", "width": 2048, "height": 1180, "format": "jpg", "count": 4, "filenames": ["media/images/Validation_300_efe46ca1b778da62da1f.jpg", "media/images/Validation_300_a05c9af96d8b5624158a.jpg", "media/images/Validation_300_a350f580adda42ffd899.jpg", "media/images/Validation_300_52e0c58f34ab83d24373.jpg"], "captions": ["val_batch0_labels.jpg", "val_batch0_pred.jpg", "val_batch1_labels.jpg", "val_batch1_pred.jpg"]}, "Results": {"_type": "images/separated", "width": 2400, "height": 1200, "format": "png", "count": 6, "filenames": ["media/images/Results_300_c29fa132c1cb3a7fd87f.png", "media/images/Results_300_66d74ad30e1858b6a302.png", "media/images/Results_300_a80217038b60df980db2.png", "media/images/Results_300_360c2010e9c1a0f28d02.png", "media/images/Results_300_7b6a4772d05cb3e9b3c8.png", "media/images/Results_300_89453f5285713ee8f731.png"], "captions": ["results.png", "confusion_matrix.png", "F1_curve.png", "PR_curve.png", "P_curve.png", "R_curve.png"]}, "_wandb": {"runtime": 7685}}