{"Labels": {"_type": "images/separated", "width": 2000, "height": 2000, "format": "jpg", "count": 2, "filenames": ["media/images/Labels_0_1871f558a910a7614057.jpg", "media/images/Labels_0_e744f27576dc785b1437.jpg"], "captions": ["labels_correlogram.jpg", "labels_xyls.jpg"]}, "Mosaics": {"_type": "images/separated", "width": 2048, "height": 2048, "format": "jpg", "count": 8, "filenames": ["media/images/Mosaics_0_980b69c17c6565e5f1d2.jpg", "media/images/Mosaics_0_2388bf76b8c75e3a564d.jpg", "media/images/Mosaics_0_163e24306d486c6aa0f4.jpg", "media/images/Mosaics_0_e37c09f6452fc8d9a443.jpg", "media/images/Mosaics_0_a3690ee061dde77a14cf.jpg", "media/images/Mosaics_0_2f094c044c1f002b4f10.jpg", "media/images/Mosaics_0_d7192e488c7edba42435.jpg", "media/images/Mosaics_0_1d377bfca0798ecc9252.jpg"], "captions": ["train_batch0.jpg", "train_batch1.jpg", "train_batch2.jpg", "train_batch3.jpg", "train_batch4.jpg", "train_batch5.jpg", "train_batch6.jpg", "train_batch7.jpg"]}, "train/box_loss": 0.07219663262367249, "train/obj_loss": 0.398167222738266, "train/cls_loss": 4.536033884505741e-05, "train/theta_loss": 0.13184547424316406, "metrics/precision": 0.8906596311216199, "metrics/recall": 0.8350730688935282, "metrics/mAP_0.5": 0.8714672153700244, "metrics/mAP_0.5:0.95": 0.44595030868666213, "val/box_loss": 0.05714152008295059, "val/obj_loss": 0.41707536578178406, "val/cls_loss": 4.779234586749226e-05, "val/theta_loss": 0.1270366907119751, "x/lr0": 0.002000877266100618, "x/lr1": 0.002000877266100618, "x/lr2": 0.002000877266100618, "_timestamp": 1667570681, "_runtime": 7508, "_step": 300, "BoundingBoxDebugger": {"_type": "images/separated", "width": 1056, "height": 608, "format": "png", "count": 10, "filenames": ["media/images/BoundingBoxDebugger_299_600e9b46b753262c6aa3.png", "media/images/BoundingBoxDebugger_299_ea54ad607f6bc369214a.png", "media/images/BoundingBoxDebugger_299_6f5e466cd506c6abb1f0.png", "media/images/BoundingBoxDebugger_299_916b8e914349bdfb4c44.png", "media/images/BoundingBoxDebugger_299_5831095e8e3213b27317.png", "media/images/BoundingBoxDebugger_299_ad48a88d77668864e76a.png", "media/images/BoundingBoxDebugger_299_37bb351f1dba40a9c33b.png", "media/images/BoundingBoxDebugger_299_773385666479deae4d44.png", "media/images/BoundingBoxDebugger_299_95eb6e8f97f408bebcd9.png", "media/images/BoundingBoxDebugger_299_484464574bd75927a534.png"], "captions": ["pic_DJI_0639_0001_11.jpg", "pic_DJI_0639_0003_21.jpg", "pic_DJI_0639_0006_11.jpg", "pic_DJI_0639_0008_21.jpg", "pic_DJI_0639_0011_11.jpg", "pic_DJI_0639_0013_21.jpg", "pic_DJI_0639_0016_11.jpg", "pic_DJI_0639_0018_21.jpg", "pic_DJI_0639_0021_11.jpg", "pic_DJI_0639_0023_21.jpg"], "all_boxes": [{"predictions": {"_type": "boxes2D", "sha256": "546a2d1ca0b6a0bc58daebb837f06c2da62802cfc0898fda608dde0b84cfaaac", "size": 17710, "path": "media/metadata/boxes2D/BoundingBoxDebugger_299_546a2d1ca0b6a0bc58da.boxes2D.json"}}, {"predictions": {"_type": "boxes2D", "sha256": "b21e6d0559a9e24e9a8a92f0602abb7cc4f09b56ba6445bca5daa2edb146e7bf", "size": 12028, "path": "media/metadata/boxes2D/BoundingBoxDebugger_299_b21e6d0559a9e24e9a8a.boxes2D.json"}}, {"predictions": {"_type": "boxes2D", "sha256": "1dfbb8ec8b3b6d7d12ffcba3cf1723122006794a8294a622bd985a4092debf40", "size": 13870, "path": "media/metadata/boxes2D/BoundingBoxDebugger_299_1dfbb8ec8b3b6d7d12ff.boxes2D.json"}}, {"predictions": {"_type": "boxes2D", "sha256": "61f2acaa7089815f34c821a5be81e91c4f034aa13a22deba2de374d8e71625be", "size": 18113, "path": "media/metadata/boxes2D/BoundingBoxDebugger_299_61f2acaa7089815f34c8.boxes2D.json"}}, {"predictions": {"_type": "boxes2D", "sha256": "55fe117f3bb42fe59cf017cbf4c313299c2f231d76d5211e08202db1e458b4b8", "size": 18315, "path": "media/metadata/boxes2D/BoundingBoxDebugger_299_55fe117f3bb42fe59cf0.boxes2D.json"}}, {"predictions": {"_type": "boxes2D", "sha256": "999a50f2f1ca8da876cc39a238921ff0c07ddee14700bdd815ce9f68db972077", "size": 19248, "path": "media/metadata/boxes2D/BoundingBoxDebugger_299_999a50f2f1ca8da876cc.boxes2D.json"}}, {"predictions": {"_type": "boxes2D", "sha256": "5eef477d1a944a9df773ca098a5354012076d5ba55415e4bc1eea6fad4119973", "size": 32814, "path": "media/metadata/boxes2D/BoundingBoxDebugger_299_5eef477d1a944a9df773.boxes2D.json"}}, {"predictions": {"_type": "boxes2D", "sha256": "92f9d6b622a01b05c130fb29c37d66427043c5193c4cf4440c3ea6f2ce531b0e", "size": 27397, "path": "media/metadata/boxes2D/BoundingBoxDebugger_299_92f9d6b622a01b05c130.boxes2D.json"}}, {"predictions": {"_type": "boxes2D", "sha256": "421abf5a5a7513e6f4f524e2a427b1f0b066c6a073a064237a9e75329f50cbce", "size": 12177, "path": "media/metadata/boxes2D/BoundingBoxDebugger_299_421abf5a5a7513e6f4f5.boxes2D.json"}}, {"predictions": {"_type": "boxes2D", "sha256": "255dd4f14911805c31248683e2babf4abeb218f469b4943dadeceaa678925876", "size": 16185, "path": "media/metadata/boxes2D/BoundingBoxDebugger_299_255dd4f14911805c3124.boxes2D.json"}}]}, "Validation": {"_type": "images/separated", "width": 2048, "height": 1180, "format": "jpg", "count": 4, "filenames": ["media/images/Validation_300_efe46ca1b778da62da1f.jpg", "media/images/Validation_300_d3177e80e2cc91b350c9.jpg", "media/images/Validation_300_a350f580adda42ffd899.jpg", "media/images/Validation_300_4c31935c1dd4a5361485.jpg"], "captions": ["val_batch0_labels.jpg", "val_batch0_pred.jpg", "val_batch1_labels.jpg", "val_batch1_pred.jpg"]}, "Results": {"_type": "images/separated", "width": 2400, "height": 1200, "format": "png", "count": 6, "filenames": ["media/images/Results_300_f7e0988e54f23042f033.png", "media/images/Results_300_b2a899a679d2fd788a76.png", "media/images/Results_300_7d8ada8b129c43de8985.png", "media/images/Results_300_e7f2a1b59746dc1e7a52.png", "media/images/Results_300_65783ad167751e3379f3.png", "media/images/Results_300_dea20bfa5a0942001314.png"], "captions": ["results.png", "confusion_matrix.png", "F1_curve.png", "PR_curve.png", "P_curve.png", "R_curve.png"]}, "_wandb": {"runtime": 7504}}