{"Labels": {"_type": "images/separated", "width": 2000, "height": 2000, "format": "jpg", "count": 2, "filenames": ["media/images/Labels_0_4b500e98d43555814946.jpg", "media/images/Labels_0_cbd825f0110064681b7d.jpg"], "captions": ["labels_correlogram.jpg", "labels_xyls.jpg"]}, "Mosaics": {"_type": "images/separated", "width": 2048, "height": 2048, "format": "jpg", "count": 8, "filenames": ["media/images/Mosaics_0_c49748bc2285e4b1ae2f.jpg", "media/images/Mosaics_0_89f1bf1565f9b148adf5.jpg", "media/images/Mosaics_0_1030ec5a81c71ae45aad.jpg", "media/images/Mosaics_0_95ad6dc358be88fe0dd5.jpg", "media/images/Mosaics_0_79b28dc8113d83c52b59.jpg", "media/images/Mosaics_0_7a4f2fd9361324e4faec.jpg", "media/images/Mosaics_0_5458cf1ce73b706e6e73.jpg", "media/images/Mosaics_0_36703502843b7cc57ad8.jpg"], "captions": ["train_batch0.jpg", "train_batch1.jpg", "train_batch2.jpg", "train_batch3.jpg", "train_batch4.jpg", "train_batch5.jpg", "train_batch6.jpg", "train_batch7.jpg"]}, "train/box_loss": 0.015852943062782288, "train/obj_loss": 0.002465486526489258, "train/cls_loss": 6.278861292230431e-06, "train/theta_loss": 0.03942873701453209, "metrics/precision": 1.0, "metrics/recall": 1.0, "metrics/mAP_0.5": 0.995, "metrics/mAP_0.5:0.95": 0.935127435897436, "val/box_loss": 0.00740146916359663, "val/obj_loss": 0.0028011794202029705, "val/cls_loss": 4.504592652665451e-06, "val/theta_loss": 0.03680623322725296, "x/lr0": 0.00020000789565754518, "x/lr1": 0.00020000789565754518, "x/lr2": 0.00020000789565754518, "_timestamp": 1656067142, "_runtime": 28742, "_step": 1000, "BoundingBoxDebugger": {"_type": "images/separated", "width": 1056, "height": 608, "format": "png", "count": 16, "filenames": ["media/images/BoundingBoxDebugger_999_31c0994edb7a361c368e.png", "media/images/BoundingBoxDebugger_999_5f4ff95326d72d680d96.png", "media/images/BoundingBoxDebugger_999_3a5282c7113cb14b035d.png", "media/images/BoundingBoxDebugger_999_13b46639897ddccf41e6.png", "media/images/BoundingBoxDebugger_999_670349dff659451d7229.png", "media/images/BoundingBoxDebugger_999_6d6891b1280a582062df.png", "media/images/BoundingBoxDebugger_999_5b699c293be37d9b6f75.png", "media/images/BoundingBoxDebugger_999_d9762826e5d403a01ba7.png", "media/images/BoundingBoxDebugger_999_0fcbfa80d167e760d9a5.png", "media/images/BoundingBoxDebugger_999_68cca57edfc098d17c49.png", "media/images/BoundingBoxDebugger_999_188cd181fcdb37de1005.png", "media/images/BoundingBoxDebugger_999_3cbfcd227e5189d92135.png", "media/images/BoundingBoxDebugger_999_81493324c3b917f77cfb.png", "media/images/BoundingBoxDebugger_999_0476f2d7089035f39f85.png", "media/images/BoundingBoxDebugger_999_1b313b43d00d55dd6833.png", "media/images/BoundingBoxDebugger_999_889e3824d00db04db521.png"], "captions": ["1.jpg", "71.jpg", "61.jpg", "51.jpg", "41.jpg", "31.jpg", "81.jpg", "21.jpg", "91.jpg", "101.jpg", "11.jpg", "111.jpg", "121.jpg", "141.jpg", "131.jpg", "171.jpg"], "all_boxes": [{"predictions": {"_type": "boxes2D", "sha256": "10274444cab5091774e52c484c192d532510ca8cadb653eb9db47f8c86b33229", "size": 282, "path": "media/metadata/boxes2D/BoundingBoxDebugger_999_10274444cab5091774e5.boxes2D.json"}}, {"predictions": {"_type": "boxes2D", "sha256": "31e89c5737effa3b32e6897a39c6cbceff60913f26828e61fd9a51aae8543693", "size": 282, "path": "media/metadata/boxes2D/BoundingBoxDebugger_999_31e89c5737effa3b32e6.boxes2D.json"}}, {"predictions": {"_type": "boxes2D", "sha256": "a8adf4ae20e1efd00aa8ba04f170452867b24b0a729e41968c98db1d31f5ae3d", "size": 283, "path": "media/metadata/boxes2D/BoundingBoxDebugger_999_a8adf4ae20e1efd00aa8.boxes2D.json"}}, {"predictions": {"_type": "boxes2D", "sha256": "3071dd6e67a19c588ee57c8adff534e921da5068faf9f5d0f0210333f3a0b70c", "size": 281, "path": "media/metadata/boxes2D/BoundingBoxDebugger_999_3071dd6e67a19c588ee5.boxes2D.json"}}, {"predictions": {"_type": "boxes2D", "sha256": "8c2de7605f162c0e0e528d5bb4f82480aee8fc31346d13b6f82b24610401af25", "size": 284, "path": "media/metadata/boxes2D/BoundingBoxDebugger_999_8c2de7605f162c0e0e52.boxes2D.json"}}, {"predictions": {"_type": "boxes2D", "sha256": "4d582c61583740afff0c36ebc57a6abc3a9afc60ebed8bf3f02669b45614401f", "size": 287, "path": "media/metadata/boxes2D/BoundingBoxDebugger_999_4d582c61583740afff0c.boxes2D.json"}}, {"predictions": {"_type": "boxes2D", "sha256": "5f6891824ce7f2db0ba69ebdfb3885f1b8fa0d33c6fd367b4585d4e81c06af49", "size": 286, "path": "media/metadata/boxes2D/BoundingBoxDebugger_999_5f6891824ce7f2db0ba6.boxes2D.json"}}, {"predictions": {"_type": "boxes2D", "sha256": "7481e79f418a4da9bf90197c1e20fc22c368ae4da99d3bf2a97597ec22ff37e3", "size": 286, "path": "media/metadata/boxes2D/BoundingBoxDebugger_999_7481e79f418a4da9bf90.boxes2D.json"}}, {"predictions": {"_type": "boxes2D", "sha256": "6d3f29f820edfa5bde7d77857a8d6a221f398186237f172b862637f4e6346e47", "size": 282, "path": "media/metadata/boxes2D/BoundingBoxDebugger_999_6d3f29f820edfa5bde7d.boxes2D.json"}}, {"predictions": {"_type": "boxes2D", "sha256": "2f19c960fa02ff785057552cb276b9ef4508c4c6f8b3fe2876d9087eb1c77be4", "size": 284, "path": "media/metadata/boxes2D/BoundingBoxDebugger_999_2f19c960fa02ff785057.boxes2D.json"}}, {"predictions": {"_type": "boxes2D", "sha256": "beba1ff95d8d4cd4d9d963ce6b23e724206400d98cc91c40001f4406c7bf956c", "size": 284, "path": "media/metadata/boxes2D/BoundingBoxDebugger_999_beba1ff95d8d4cd4d9d9.boxes2D.json"}}, {"predictions": {"_type": "boxes2D", "sha256": "06f1dde6d7249acc1d6a1a84ae4f6942825a75b05951fd271943686d2d4299bb", "size": 286, "path": "media/metadata/boxes2D/BoundingBoxDebugger_999_06f1dde6d7249acc1d6a.boxes2D.json"}}, {"predictions": {"_type": "boxes2D", "sha256": "8db4f408a83d1735b09c56cb5b36685d0562e85266c62a627d2c8333771570ff", "size": 282, "path": "media/metadata/boxes2D/BoundingBoxDebugger_999_8db4f408a83d1735b09c.boxes2D.json"}}, {"predictions": {"_type": "boxes2D", "sha256": "56c596e7bf296e5b3375715c8d5477881920bdd283c80e8018b4d607397623dd", "size": 283, "path": "media/metadata/boxes2D/BoundingBoxDebugger_999_56c596e7bf296e5b3375.boxes2D.json"}}, {"predictions": {"_type": "boxes2D", "sha256": "55cd87bc7b614253ff8a7fac6c60d2b1a1eaf24048ef18921a1a9a191b6cbe7b", "size": 287, "path": "media/metadata/boxes2D/BoundingBoxDebugger_999_55cd87bc7b614253ff8a.boxes2D.json"}}, {"predictions": {"_type": "boxes2D", "sha256": "7637ca92bf8ae74df23021549839ca9d5170e862e1160a8e8a2c0d6ea5d2bc16", "size": 284, "path": "media/metadata/boxes2D/BoundingBoxDebugger_999_7637ca92bf8ae74df230.boxes2D.json"}}]}, "Validation": {"_type": "images/separated", "width": 2048, "height": 1180, "format": "jpg", "count": 6, "filenames": ["media/images/Validation_1000_9b789879fe3983eade57.jpg", "media/images/Validation_1000_8b10629b61633ae6d220.jpg", "media/images/Validation_1000_dbe7c41f34f57ce7bd9a.jpg", "media/images/Validation_1000_81ed642349f5015515ec.jpg", "media/images/Validation_1000_f951611eb4f4c20ab3b0.jpg", "media/images/Validation_1000_7689dd87639d8bf24d40.jpg"], "captions": ["val_batch0_labels.jpg", "val_batch0_pred.jpg", "val_batch1_labels.jpg", "val_batch1_pred.jpg", "val_batch2_labels.jpg", "val_batch2_pred.jpg"]}, "Results": {"_type": "images/separated", "width": 2400, "height": 1200, "format": "png", "count": 6, "filenames": ["media/images/Results_1000_1acdb5ae4de0a519212d.png", "media/images/Results_1000_75eabfd0a6fef46f6a0b.png", "media/images/Results_1000_be52ad0919b22329ab4a.png", "media/images/Results_1000_092336f5bef10b1257e3.png", "media/images/Results_1000_a2c8d5c3e89c054a3105.png", "media/images/Results_1000_37476d9cf54eb0d67042.png"], "captions": ["results.png", "confusion_matrix.png", "F1_curve.png", "PR_curve.png", "P_curve.png", "R_curve.png"]}, "_wandb": {"runtime": 28742}}