{"Labels": {"_type": "images/separated", "width": 2000, "height": 2000, "format": "jpg", "count": 2, "filenames": ["media/images/Labels_0_4b500e98d43555814946.jpg", "media/images/Labels_0_cbd825f0110064681b7d.jpg"], "captions": ["labels_correlogram.jpg", "labels_xyls.jpg"]}, "Mosaics": {"_type": "images/separated", "width": 2048, "height": 2048, "format": "jpg", "count": 8, "filenames": ["media/images/Mosaics_0_d7751ce4ef53711a4e6b.jpg", "media/images/Mosaics_0_57f73b6918fb56b51990.jpg", "media/images/Mosaics_0_c560f65a8407f55fe152.jpg", "media/images/Mosaics_0_c12c72f95e5452c8c299.jpg", "media/images/Mosaics_0_cfa62953009dc8819aa1.jpg", "media/images/Mosaics_0_e2056d542968ae6bb0a4.jpg", "media/images/Mosaics_0_f5fcd885ef5ccd2b2f3c.jpg", "media/images/Mosaics_0_7e73aad7772164ff384d.jpg"], "captions": ["train_batch0.jpg", "train_batch1.jpg", "train_batch2.jpg", "train_batch3.jpg", "train_batch4.jpg", "train_batch5.jpg", "train_batch6.jpg", "train_batch7.jpg"]}, "train/box_loss": 0.0986894816160202, "train/obj_loss": 0.0025189293082803488, "train/cls_loss": 7.297869046851702e-07, "train/theta_loss": 0.040598612278699875, "metrics/precision": 0.3332610814850087, "metrics/recall": 0.26658357704109337, "metrics/mAP_0.5": 0.24571562230498878, "metrics/mAP_0.5:0.95": 0.07444436988233735, "val/box_loss": 0.08644179254770279, "val/obj_loss": 0.001919601927511394, "val/cls_loss": 1.508934843741372e-07, "val/theta_loss": 0.03455127775669098, "x/lr0": 0.002000877266100618, "x/lr1": 0.002000877266100618, "x/lr2": 0.002000877266100618, "_timestamp": 1655118063, "_runtime": 26511, "_step": 300, "BoundingBoxDebugger": {"_type": "images/separated", "width": 1056, "height": 608, "format": "png", "count": 16, "filenames": ["media/images/BoundingBoxDebugger_299_31c0994edb7a361c368e.png", "media/images/BoundingBoxDebugger_299_5f4ff95326d72d680d96.png", "media/images/BoundingBoxDebugger_299_3a5282c7113cb14b035d.png", "media/images/BoundingBoxDebugger_299_13b46639897ddccf41e6.png", "media/images/BoundingBoxDebugger_299_670349dff659451d7229.png", "media/images/BoundingBoxDebugger_299_6d6891b1280a582062df.png", "media/images/BoundingBoxDebugger_299_5b699c293be37d9b6f75.png", "media/images/BoundingBoxDebugger_299_d9762826e5d403a01ba7.png", "media/images/BoundingBoxDebugger_299_0fcbfa80d167e760d9a5.png", "media/images/BoundingBoxDebugger_299_68cca57edfc098d17c49.png", "media/images/BoundingBoxDebugger_299_188cd181fcdb37de1005.png", "media/images/BoundingBoxDebugger_299_3cbfcd227e5189d92135.png", "media/images/BoundingBoxDebugger_299_81493324c3b917f77cfb.png", "media/images/BoundingBoxDebugger_299_0476f2d7089035f39f85.png", "media/images/BoundingBoxDebugger_299_1b313b43d00d55dd6833.png", "media/images/BoundingBoxDebugger_299_889e3824d00db04db521.png"], "captions": ["1.jpg", "71.jpg", "61.jpg", "51.jpg", "41.jpg", "31.jpg", "81.jpg", "21.jpg", "91.jpg", "101.jpg", "11.jpg", "111.jpg", "121.jpg", "141.jpg", "131.jpg", "171.jpg"], "all_boxes": [{"predictions": {"_type": "boxes2D", "sha256": "38b5a05122cbfbe5a5b9fd564b9ce320b9f6e979b000fabbf93516c85c4c4412", "size": 515, "path": "media/metadata/boxes2D/BoundingBoxDebugger_299_38b5a05122cbfbe5a5b9.boxes2D.json"}}, {"predictions": {"_type": "boxes2D", "sha256": "98244488ca567f9dd184260461d10389eadd2757e02fa6db7f4c204bb9301cc5", "size": 966, "path": "media/metadata/boxes2D/BoundingBoxDebugger_299_98244488ca567f9dd184.boxes2D.json"}}, {"predictions": {"_type": "boxes2D", "sha256": "103d2983b1bdfe0889ae38a15a6add16695e7c1d58a8db0500a65bfa1f83fa8d", "size": 743, "path": "media/metadata/boxes2D/BoundingBoxDebugger_299_103d2983b1bdfe0889ae.boxes2D.json"}}, {"predictions": {"_type": "boxes2D", "sha256": "e447bafa5b3e61e014e61e9020983a771520b80a6ee983181951256fc7cd9b35", "size": 751, "path": "media/metadata/boxes2D/BoundingBoxDebugger_299_e447bafa5b3e61e014e6.boxes2D.json"}}, {"predictions": {"_type": "boxes2D", "sha256": "140e4bdd79dbb951fdd051562c52e3ecf49dc3ea86fd4857939b33f44a22383f", "size": 748, "path": "media/metadata/boxes2D/BoundingBoxDebugger_299_140e4bdd79dbb951fdd0.boxes2D.json"}}, {"predictions": {"_type": "boxes2D", "sha256": "04bd5e590a564caf9ff2aafbdb5c41b5d2d44d045627159aece13293664bffe9", "size": 746, "path": "media/metadata/boxes2D/BoundingBoxDebugger_299_04bd5e590a564caf9ff2.boxes2D.json"}}, {"predictions": {"_type": "boxes2D", "sha256": "c3573a1814fe2575d7caf11a1625f7f8a6465fd208b29d798364ff547acde832", "size": 511, "path": "media/metadata/boxes2D/BoundingBoxDebugger_299_c3573a1814fe2575d7ca.boxes2D.json"}}, {"predictions": {"_type": "boxes2D", "sha256": "28e661c1f10b4bc5099e832a13a0f452dafa97c9f1b327e38be6be1e9ef88ee0", "size": 747, "path": "media/metadata/boxes2D/BoundingBoxDebugger_299_28e661c1f10b4bc5099e.boxes2D.json"}}, {"predictions": {"_type": "boxes2D", "sha256": "b254c2c0dbc074c15a63492cce2326f057c9e0433e31cf41b490b3f352008b89", "size": 982, "path": "media/metadata/boxes2D/BoundingBoxDebugger_299_b254c2c0dbc074c15a63.boxes2D.json"}}, {"predictions": {"_type": "boxes2D", "sha256": "3e948f784ce2822afd869c1fda894084984367ff08d0560b5bdb05de6814b6ea", "size": 741, "path": "media/metadata/boxes2D/BoundingBoxDebugger_299_3e948f784ce2822afd86.boxes2D.json"}}, {"predictions": {"_type": "boxes2D", "sha256": "093c9a2e548165ed044b13ed481387a35f3b1c427c8c14959f1cbf9443d8dfc7", "size": 506, "path": "media/metadata/boxes2D/BoundingBoxDebugger_299_093c9a2e548165ed044b.boxes2D.json"}}, {"predictions": {"_type": "boxes2D", "sha256": "b25e5442b7c21b1232c98c752704fc63379c9bc57553f770737591215f0a354e", "size": 844, "path": "media/metadata/boxes2D/BoundingBoxDebugger_299_b25e5442b7c21b1232c9.boxes2D.json"}}, {"predictions": {"_type": "boxes2D", "sha256": "ca9b8f275736c5cc78714d1f5b8aab57e83559f1bd4cd1a2ad54c6c05cf404e7", "size": 1206, "path": "media/metadata/boxes2D/BoundingBoxDebugger_299_ca9b8f275736c5cc7871.boxes2D.json"}}, {"predictions": {"_type": "boxes2D", "sha256": "fdc345bc7a07220255475a0076c84dcbd5f3d757a382fed1be6bfd5bc39df002", "size": 510, "path": "media/metadata/boxes2D/BoundingBoxDebugger_299_fdc345bc7a0722025547.boxes2D.json"}}, {"predictions": {"_type": "boxes2D", "sha256": "f2b3105602da9199a96bf3ea39ad88c73deaad965f9be3c77c5e7236fdb78197", "size": 744, "path": "media/metadata/boxes2D/BoundingBoxDebugger_299_f2b3105602da9199a96b.boxes2D.json"}}, {"predictions": {"_type": "boxes2D", "sha256": "5131d1dc761a07e1a5d9e4ae4ded819b7c3712338cce3ad12dd8a8a7667cbe35", "size": 742, "path": "media/metadata/boxes2D/BoundingBoxDebugger_299_5131d1dc761a07e1a5d9.boxes2D.json"}}]}, "Validation": {"_type": "images/separated", "width": 2048, "height": 1180, "format": "jpg", "count": 6, "filenames": ["media/images/Validation_300_9b789879fe3983eade57.jpg", "media/images/Validation_300_7030e66eaabc1a2c1196.jpg", "media/images/Validation_300_dbe7c41f34f57ce7bd9a.jpg", "media/images/Validation_300_5f10b2be266049722776.jpg", "media/images/Validation_300_f951611eb4f4c20ab3b0.jpg", "media/images/Validation_300_c6dad966b2df3380ecc5.jpg"], "captions": ["val_batch0_labels.jpg", "val_batch0_pred.jpg", "val_batch1_labels.jpg", "val_batch1_pred.jpg", "val_batch2_labels.jpg", "val_batch2_pred.jpg"]}, "Results": {"_type": "images/separated", "width": 2400, "height": 1200, "format": "png", "count": 6, "filenames": ["media/images/Results_300_6e08fa84d12f1a2fdb97.png", "media/images/Results_300_bd8ed0342c68da25c7da.png", "media/images/Results_300_077fd8dd11ecb1d7a9f3.png", "media/images/Results_300_bfa85fb62fd9ed6b0446.png", "media/images/Results_300_0a0809b1dfc78d0cc431.png", "media/images/Results_300_0561f92688900b5851eb.png"], "captions": ["results.png", "confusion_matrix.png", "F1_curve.png", "PR_curve.png", "P_curve.png", "R_curve.png"]}, "_wandb": {"runtime": 26511}}