{"box_data": [{"position": {"minX": 525.6718139648438, "minY": 244.51292419433594, "maxX": 822.3281860351562, "maxY": 554.487060546875}, "class_id": 0, "box_caption": "rec 0.743", "scores": {"class_score": 0.74267578125}, "domain": "pixel"}, {"position": {"minX": 511.793212890625, "minY": 236.4925537109375, "maxX": 830.206787109375, "maxY": 561.5074462890625}, "class_id": 0, "box_caption": "rec 0.483", "scores": {"class_score": 0.4833984375}, "domain": "pixel"}], "class_labels": {"0": "rec", "1": "none"}}