{"box_data": [{"position": {"minX": 405.9375, "minY": 252.78125, "maxX": 607.5625, "maxY": 354.21875}, "class_id": 0, "box_caption": "rec 0.536", "scores": {"class_score": 0.53564453125}, "domain": "pixel"}, {"position": {"minX": 432.5177001953125, "minY": 188.83200073242188, "maxX": 592.4822998046875, "maxY": 420.1679992675781}, "class_id": 0, "box_caption": "rec 0.370", "scores": {"class_score": 0.369873046875}, "domain": "pixel"}, {"position": {"minX": 403.20703125, "minY": 176.3131103515625, "maxX": 536.29296875, "maxY": 394.1868896484375}, "class_id": 0, "box_caption": "rec 0.043", "scores": {"class_score": 0.042633056640625}, "domain": "pixel"}], "class_labels": {"0": "rec", "1": "none"}}