{"box_data": [{"position": {"minX": 534.9883422851562, "minY": 292.2205505371094, "maxX": 668.0116577148438, "maxY": 496.7794494628906}, "class_id": 0, "box_caption": "rec 0.718", "scores": {"class_score": 0.71826171875}, "domain": "pixel"}, {"position": {"minX": 502.6331787109375, "minY": 335.00689697265625, "maxX": 695.3668212890625, "maxY": 454.49310302734375}, "class_id": 0, "box_caption": "rec 0.677", "scores": {"class_score": 0.67724609375}, "domain": "pixel"}], "class_labels": {"0": "rec", "1": "none"}}