{"box_data": [{"position": {"minX": 384.45263671875, "minY": 182.8433837890625, "maxX": 762.54736328125, "maxY": 433.6566162109375}, "class_id": 0, "box_caption": "rec 0.741", "scores": {"class_score": 0.74072265625}, "domain": "pixel"}, {"position": {"minX": 462.57110595703125, "minY": 127.4888916015625, "maxX": 684.4288940429688, "maxY": 487.0111083984375}, "class_id": 0, "box_caption": "rec 0.714", "scores": {"class_score": 0.7138671875}, "domain": "pixel"}], "class_labels": {"0": "rec", "1": "none"}}