{"box_data": [{"position": {"minX": 165.387939453125, "minY": 190.677734375, "maxX": 885.612060546875, "maxY": 677.822265625}, "class_id": 0, "box_caption": "rec 0.195", "scores": {"class_score": 0.1951904296875}, "domain": "pixel"}, {"position": {"minX": 358.5828857421875, "minY": 195.99859619140625, "maxX": 691.4171142578125, "maxY": 670.50146484375}, "class_id": 0, "box_caption": "rec 0.072", "scores": {"class_score": 0.072265625}, "domain": "pixel"}], "class_labels": {"0": "rec", "1": "none"}}