{"box_data": [{"position": {"minX": 246.7237548828125, "minY": -27.29473876953125, "maxX": 942.2762451171875, "maxY": 645.294677734375}, "class_id": 0, "box_caption": "rec 0.259", "scores": {"class_score": 0.25927734375}, "domain": "pixel"}, {"position": {"minX": 289.2322998046875, "minY": -89.74212646484375, "maxX": 893.7677001953125, "maxY": 588.7421264648438}, "class_id": 0, "box_caption": "rec 0.030", "scores": {"class_score": 0.0302886962890625}, "domain": "pixel"}, {"position": {"minX": 415.38995361328125, "minY": 109.481689453125, "maxX": 715.6100463867188, "maxY": 559.0183715820312}, "class_id": 0, "box_caption": "rec 0.024", "scores": {"class_score": 0.02410888671875}, "domain": "pixel"}, {"position": {"minX": 194.57244873046875, "minY": 23.74884033203125, "maxX": 723.9275512695312, "maxY": 580.2510986328125}, "class_id": 0, "box_caption": "rec 0.013", "scores": {"class_score": 0.013153076171875}, "domain": "pixel"}], "class_labels": {"0": "rec", "1": "none"}}