{"box_data": [{"position": {"minX": 406.09967041015625, "minY": 236.56930541992188, "maxX": 625.9003295898438, "maxY": 369.9306945800781}, "class_id": 0, "box_caption": "rec 0.694", "scores": {"class_score": 0.6943359375}, "domain": "pixel"}, {"position": {"minX": 435.9052734375, "minY": 191.94830322265625, "maxX": 599.0947265625, "maxY": 412.55169677734375}, "class_id": 0, "box_caption": "rec 0.196", "scores": {"class_score": 0.1961669921875}, "domain": "pixel"}], "class_labels": {"0": "rec", "1": "none"}}