{"box_data": [{"position": {"minX": 117.09185791015625, "minY": 131.59185791015625, "maxX": 673.4081420898438, "maxY": 687.9081420898438}, "class_id": 0, "box_caption": "rec 0.733", "scores": {"class_score": 0.7333984375}, "domain": "pixel"}, {"position": {"minX": 218.1358642578125, "minY": 211.40936279296875, "maxX": 577.8641357421875, "maxY": 609.5906372070312}, "class_id": 0, "box_caption": "rec 0.537", "scores": {"class_score": 0.53662109375}, "domain": "pixel"}], "class_labels": {"0": "rec", "1": "none"}}