{"box_data": [{"position": {"minX": 576.8119506835938, "minY": 225.92491149902344, "maxX": 887.1880493164062, "maxY": 518.0750732421875}, "class_id": 0, "box_caption": "rec 0.781", "scores": {"class_score": 0.78076171875}, "domain": "pixel"}, {"position": {"minX": 523.984130859375, "minY": 149.93968200683594, "maxX": 940.015869140625, "maxY": 596.060302734375}, "class_id": 0, "box_caption": "rec 0.040", "scores": {"class_score": 0.04022216796875}, "domain": "pixel"}], "class_labels": {"0": "rec", "1": "none"}}