{"box_data": [{"position": {"minX": 509.6636962890625, "minY": 334.5518798828125, "maxX": 695.3363037109375, "maxY": 448.4481201171875}, "class_id": 0, "box_caption": "rec 0.752", "scores": {"class_score": 0.75244140625}, "domain": "pixel"}, {"position": {"minX": 485.2281494140625, "minY": 210.8348388671875, "maxX": 715.7718505859375, "maxY": 576.6651611328125}, "class_id": 0, "box_caption": "rec 0.598", "scores": {"class_score": 0.59814453125}, "domain": "pixel"}, {"position": {"minX": 533.2119140625, "minY": 338.2122802734375, "maxX": 661.7880859375, "maxY": 445.7877197265625}, "class_id": 0, "box_caption": "rec 0.038", "scores": {"class_score": 0.037506103515625}, "domain": "pixel"}, {"position": {"minX": 544.9268798828125, "minY": 329.6272277832031, "maxX": 663.0731201171875, "maxY": 457.8727722167969}, "class_id": 0, "box_caption": "rec 0.015", "scores": {"class_score": 0.01541900634765625}, "domain": "pixel"}], "class_labels": {"0": "rec", "1": "none"}}