{"box_data": [{"position": {"minX": 323.998291015625, "minY": 104.15509033203125, "maxX": 742.001708984375, "maxY": 344.34490966796875}, "class_id": 0, "box_caption": "rec 0.431", "scores": {"class_score": 0.430908203125}, "domain": "pixel"}, {"position": {"minX": 385.46197509765625, "minY": 10.630706787109375, "maxX": 674.5380249023438, "maxY": 437.3692932128906}, "class_id": 0, "box_caption": "rec 0.381", "scores": {"class_score": 0.380859375}, "domain": "pixel"}, {"position": {"minX": 402.8529357910156, "minY": 155.62191772460938, "maxX": 639.1470947265625, "maxY": 297.8780822753906}, "class_id": 0, "box_caption": "rec 0.019", "scores": {"class_score": 0.018707275390625}, "domain": "pixel"}], "class_labels": {"0": "rec", "1": "none"}}