{"box_data": [{"position": {"minX": 277.9442138671875, "minY": 244.9766845703125, "maxX": 568.5557861328125, "maxY": 559.5232543945312}, "class_id": 0, "box_caption": "rec 0.759", "scores": {"class_score": 0.75927734375}, "domain": "pixel"}, {"position": {"minX": 274.43731689453125, "minY": 243.79412841796875, "maxX": 574.5626831054688, "maxY": 557.7058715820312}, "class_id": 0, "box_caption": "rec 0.735", "scores": {"class_score": 0.7353515625}, "domain": "pixel"}], "class_labels": {"0": "rec", "1": "none"}}