{"box_data": [{"position": {"minX": 112.85113525390625, "minY": 219.5635986328125, "maxX": 669.14892578125, "maxY": 598.4364013671875}, "class_id": 0, "box_caption": "rec 0.701", "scores": {"class_score": 0.701171875}, "domain": "pixel"}, {"position": {"minX": 235.34796142578125, "minY": 146.63970947265625, "maxX": 566.1520385742188, "maxY": 677.3602905273438}, "class_id": 0, "box_caption": "rec 0.551", "scores": {"class_score": 0.55078125}, "domain": "pixel"}, {"position": {"minX": 454.97515869140625, "minY": 563.0504150390625, "maxX": 535.0248413085938, "maxY": 694.9495849609375}, "class_id": 0, "box_caption": "rec 0.018", "scores": {"class_score": 0.0184478759765625}, "domain": "pixel"}, {"position": {"minX": 476.1576843261719, "minY": 551.2698974609375, "maxX": 634.84228515625, "maxY": 707.7301025390625}, "class_id": 0, "box_caption": "rec 0.012", "scores": {"class_score": 0.01165008544921875}, "domain": "pixel"}], "class_labels": {"0": "rec", "1": "none"}}