{"box_data": [{"position": {"minX": 412.875, "minY": 229.125, "maxX": 737.125, "maxY": 390.875}, "class_id": 0, "box_caption": "rec 0.593", "scores": {"class_score": 0.59326171875}, "domain": "pixel"}, {"position": {"minX": 438.36328125, "minY": 129.61190795898438, "maxX": 711.63671875, "maxY": 491.8880920410156}, "class_id": 0, "box_caption": "rec 0.506", "scores": {"class_score": 0.505859375}, "domain": "pixel"}], "class_labels": {"0": "rec", "1": "none"}}