{"box_data": [{"position": {"minX": 590.5056762695312, "minY": 284.41192626953125, "maxX": 871.4943237304688, "maxY": 458.58807373046875}, "class_id": 0, "box_caption": "rec 0.729", "scores": {"class_score": 0.7294921875}, "domain": "pixel"}, {"position": {"minX": 644.4371337890625, "minY": 223.695068359375, "maxX": 823.5628662109375, "maxY": 524.304931640625}, "class_id": 0, "box_caption": "rec 0.554", "scores": {"class_score": 0.5537109375}, "domain": "pixel"}], "class_labels": {"0": "rec", "1": "none"}}