{"box_data": [{"position": {"minX": 392.09576416015625, "minY": 7.346527099609375, "maxX": 679.9042358398438, "maxY": 441.4034729003906}, "class_id": 0, "box_caption": "rec 0.702", "scores": {"class_score": 0.7021484375}, "domain": "pixel"}, {"position": {"minX": 303.3916015625, "minY": 49.603057861328125, "maxX": 762.6083984375, "maxY": 399.1469421386719}, "class_id": 0, "box_caption": "rec 0.641", "scores": {"class_score": 0.64111328125}, "domain": "pixel"}], "class_labels": {"0": "rec", "1": "none"}}