{"box_data": [{"position": {"minX": 373.28948974609375, "minY": 323.522705078125, "maxX": 574.7105102539062, "maxY": 579.477294921875}, "class_id": 0, "box_caption": "rec 0.855", "scores": {"class_score": 0.85546875}, "domain": "pixel"}, {"position": {"minX": 420.595458984375, "minY": 388.951171875, "maxX": 544.904541015625, "maxY": 528.548828125}, "class_id": 0, "box_caption": "rec 0.014", "scores": {"class_score": 0.01438140869140625}, "domain": "pixel"}], "class_labels": {"0": "rec", "1": "none"}}