{"box_data": [{"position": {"minX": 366.79876708984375, "minY": 97.6953125, "maxX": 646.2012329101562, "maxY": 478.3046875}, "class_id": 0, "box_caption": "rec 0.736", "scores": {"class_score": 0.73583984375}, "domain": "pixel"}, {"position": {"minX": 315.21978759765625, "minY": 131.0394287109375, "maxX": 695.7802124023438, "maxY": 445.9605712890625}, "class_id": 0, "box_caption": "rec 0.712", "scores": {"class_score": 0.71240234375}, "domain": "pixel"}, {"position": {"minX": 257.7769775390625, "minY": 147.09371948242188, "maxX": 355.7230224609375, "maxY": 350.90625}, "class_id": 0, "box_caption": "rec 0.013", "scores": {"class_score": 0.01285552978515625}, "domain": "pixel"}, {"position": {"minX": 168.09719848632812, "minY": 94.01727294921875, "maxX": 452.9028015136719, "maxY": 390.98272705078125}, "class_id": 0, "box_caption": "rec 0.012", "scores": {"class_score": 0.011871337890625}, "domain": "pixel"}], "class_labels": {"0": "rec", "1": "none"}}