{"box_data": [{"position": {"minX": 714.4342041015625, "minY": 138.9730224609375, "maxX": 974.5657958984375, "maxY": 392.0269775390625}, "class_id": 0, "box_caption": "rec 0.876", "scores": {"class_score": 0.8759765625}, "domain": "pixel"}, {"position": {"minX": 595.273681640625, "minY": 37.46484375, "maxX": 1094.726318359375, "maxY": 500.03515625}, "class_id": 0, "box_caption": "rec 0.586", "scores": {"class_score": 0.58642578125}, "domain": "pixel"}], "class_labels": {"0": "rec", "1": "none"}}