{"box_data": [{"position": {"minX": 151.21165466308594, "minY": 161.013671875, "maxX": 626.788330078125, "maxY": 645.986328125}, "class_id": 0, "box_caption": "rec 0.751", "scores": {"class_score": 0.75146484375}, "domain": "pixel"}, {"position": {"minX": 267.33319091796875, "minY": 275.64337158203125, "maxX": 521.1668090820312, "maxY": 534.8566284179688}, "class_id": 0, "box_caption": "rec 0.014", "scores": {"class_score": 0.01358795166015625}, "domain": "pixel"}], "class_labels": {"0": "rec", "1": "none"}}