{"box_data": [{"position": {"minX": 229.0255126953125, "minY": -46.806396484375, "maxX": 950.9744873046875, "maxY": 666.8063354492188}, "class_id": 0, "box_caption": "rec 0.523", "scores": {"class_score": 0.5234375}, "domain": "pixel"}, {"position": {"minX": 437.64056396484375, "minY": 83.17420959472656, "maxX": 792.3594360351562, "maxY": 573.8258056640625}, "class_id": 0, "box_caption": "rec 0.034", "scores": {"class_score": 0.033660888671875}, "domain": "pixel"}], "class_labels": {"0": "rec", "1": "none"}}