{"box_data": [{"position": {"minX": 717.1945190429688, "minY": 130.23031616210938, "maxX": 982.8054809570312, "maxY": 391.2696838378906}, "class_id": 0, "box_caption": "rec 0.845", "scores": {"class_score": 0.8447265625}, "domain": "pixel"}, {"position": {"minX": 772.218505859375, "minY": 184.39434814453125, "maxX": 933.781494140625, "maxY": 345.60565185546875}, "class_id": 0, "box_caption": "rec 0.013", "scores": {"class_score": 0.01267242431640625}, "domain": "pixel"}, {"position": {"minX": 165.47744750976562, "minY": -15.763038635253906, "maxX": 439.0225524902344, "maxY": 122.8255386352539}, "class_id": 0, "box_caption": "rec 0.011", "scores": {"class_score": 0.01114654541015625}, "domain": "pixel"}], "class_labels": {"0": "rec", "1": "none"}}