{"box_data": [{"position": {"minX": 154.28436279296875, "minY": 71.298095703125, "maxX": 897.7156372070312, "maxY": 806.201904296875}, "class_id": 0, "box_caption": "rec 0.442", "scores": {"class_score": 0.44189453125}, "domain": "pixel"}, {"position": {"minX": 342.50323486328125, "minY": 210.2659912109375, "maxX": 700.4967651367188, "maxY": 701.7340087890625}, "class_id": 0, "box_caption": "rec 0.021", "scores": {"class_score": 0.02105712890625}, "domain": "pixel"}], "class_labels": {"0": "rec", "1": "none"}}