{"box_data": [{"position": {"minX": 277.61370849609375, "minY": 244.55780029296875, "maxX": 563.3862915039062, "maxY": 553.9421997070312}, "class_id": 0, "box_caption": "rec 0.679", "scores": {"class_score": 0.6787109375}, "domain": "pixel"}, {"position": {"minX": 178.49755859375, "minY": 166.4610595703125, "maxX": 680.00244140625, "maxY": 634.5389404296875}, "class_id": 0, "box_caption": "rec 0.028", "scores": {"class_score": 0.0278778076171875}, "domain": "pixel"}], "class_labels": {"0": "rec", "1": "none"}}