{"box_data": [{"position": {"minX": 405.87579345703125, "minY": 216.7283935546875, "maxX": 630.1242065429688, "maxY": 386.2716064453125}, "class_id": 0, "box_caption": "rec 0.830", "scores": {"class_score": 0.830078125}, "domain": "pixel"}, {"position": {"minX": 367.34161376953125, "minY": 139.45541381835938, "maxX": 672.6583862304688, "maxY": 463.0445861816406}, "class_id": 0, "box_caption": "rec 0.484", "scores": {"class_score": 0.48388671875}, "domain": "pixel"}, {"position": {"minX": 454.20660400390625, "minY": 245.62335205078125, "maxX": 586.7933959960938, "maxY": 360.37664794921875}, "class_id": 0, "box_caption": "rec 0.020", "scores": {"class_score": 0.0198211669921875}, "domain": "pixel"}], "class_labels": {"0": "rec", "1": "none"}}