{"box_data": [{"position": {"minX": 511.25, "minY": 341.15625, "maxX": 698.75, "maxY": 446.34375}, "class_id": 0, "box_caption": "rec 0.781", "scores": {"class_score": 0.78125}, "domain": "pixel"}, {"position": {"minX": 500.818603515625, "minY": 378.673095703125, "maxX": 700.181396484375, "maxY": 411.826904296875}, "class_id": 0, "box_caption": "rec 0.448", "scores": {"class_score": 0.447509765625}, "domain": "pixel"}, {"position": {"minX": 545.9701538085938, "minY": 353.8240661621094, "maxX": 661.0298461914062, "maxY": 424.6759338378906}, "class_id": 0, "box_caption": "rec 0.023", "scores": {"class_score": 0.023406982421875}, "domain": "pixel"}], "class_labels": {"0": "rec", "1": "none"}}