{"box_data": [{"position": {"minX": 366.88482666015625, "minY": 339.13763427734375, "maxX": 583.6151733398438, "maxY": 567.8623657226562}, "class_id": 0, "box_caption": "rec 0.634", "scores": {"class_score": 0.63427734375}, "domain": "pixel"}, {"position": {"minX": 356.63995361328125, "minY": 358.373291015625, "maxX": 594.8600463867188, "maxY": 547.126708984375}, "class_id": 0, "box_caption": "rec 0.604", "scores": {"class_score": 0.6044921875}, "domain": "pixel"}], "class_labels": {"0": "rec", "1": "none"}}