{"box_data": [{"position": {"minX": 507.301513671875, "minY": 142.0866241455078, "maxX": 699.698486328125, "maxY": 438.41339111328125}, "class_id": 0, "box_caption": "rec 0.657", "scores": {"class_score": 0.65673828125}, "domain": "pixel"}, {"position": {"minX": 458.92340087890625, "minY": 203.46856689453125, "maxX": 747.0765991210938, "maxY": 374.03143310546875}, "class_id": 0, "box_caption": "rec 0.605", "scores": {"class_score": 0.60498046875}, "domain": "pixel"}], "class_labels": {"0": "rec", "1": "none"}}