{"box_data": [{"position": {"minX": 221.59228515625, "minY": -76.825927734375, "maxX": 885.40771484375, "maxY": 579.325927734375}, "class_id": 0, "box_caption": "rec 0.484", "scores": {"class_score": 0.484130859375}, "domain": "pixel"}, {"position": {"minX": 355.511474609375, "minY": 16.7479248046875, "maxX": 708.488525390625, "maxY": 504.2520751953125}, "class_id": 0, "box_caption": "rec 0.025", "scores": {"class_score": 0.0251007080078125}, "domain": "pixel"}], "class_labels": {"0": "rec", "1": "none"}}