{"box_data": [{"position": {"minX": 523.7661743164062, "minY": 253.780517578125, "maxX": 825.2338256835938, "maxY": 542.719482421875}, "class_id": 0, "box_caption": "rec 0.820", "scores": {"class_score": 0.81982421875}, "domain": "pixel"}, {"position": {"minX": 424.59429931640625, "minY": 165.83441162109375, "maxX": 930.4057006835938, "maxY": 637.1655883789062}, "class_id": 0, "box_caption": "rec 0.037", "scores": {"class_score": 0.0367431640625}, "domain": "pixel"}], "class_labels": {"0": "rec", "1": "none"}}