{"box_data": [{"position": {"minX": 374.2230224609375, "minY": 325.11688232421875, "maxX": 576.2769775390625, "maxY": 581.8831176757812}, "class_id": 0, "box_caption": "rec 0.835", "scores": {"class_score": 0.83544921875}, "domain": "pixel"}, {"position": {"minX": 235.79258728027344, "minY": 285.71832275390625, "maxX": 716.7073974609375, "maxY": 615.2816772460938}, "class_id": 0, "box_caption": "rec 0.606", "scores": {"class_score": 0.60595703125}, "domain": "pixel"}, {"position": {"minX": 430.83056640625, "minY": 390.2607421875, "maxX": 526.16943359375, "maxY": 517.2392578125}, "class_id": 0, "box_caption": "rec 0.014", "scores": {"class_score": 0.01432037353515625}, "domain": "pixel"}], "class_labels": {"0": "rec", "1": "none"}}