{"box_data": [{"position": {"minX": 458.93505859375, "minY": 215.0621337890625, "maxX": 749.06494140625, "maxY": 358.9378662109375}, "class_id": 0, "box_caption": "rec 0.574", "scores": {"class_score": 0.57421875}, "domain": "pixel"}, {"position": {"minX": 453.0596923828125, "minY": 121.87625122070312, "maxX": 693.9403076171875, "maxY": 437.1237487792969}, "class_id": 0, "box_caption": "rec 0.084", "scores": {"class_score": 0.08355712890625}, "domain": "pixel"}, {"position": {"minX": 538.5601196289062, "minY": 148.7392578125, "maxX": 738.4398803710938, "maxY": 444.2607421875}, "class_id": 0, "box_caption": "rec 0.022", "scores": {"class_score": 0.0222015380859375}, "domain": "pixel"}], "class_labels": {"0": "rec", "1": "none"}}