{"box_data": [{"position": {"minX": 782.8845825195312, "minY": 147.28683471679688, "maxX": 916.1154174804688, "maxY": 379.2131652832031}, "class_id": 0, "box_caption": "rec 0.800", "scores": {"class_score": 0.80029296875}, "domain": "pixel"}, {"position": {"minX": 727.177734375, "minY": 187.7113037109375, "maxX": 967.822265625, "maxY": 337.2886962890625}, "class_id": 0, "box_caption": "rec 0.763", "scores": {"class_score": 0.7626953125}, "domain": "pixel"}], "class_labels": {"0": "rec", "1": "none"}}