{"Labels": {"_type": "images/separated", "width": 2000, "height": 2000, "format": "jpg", "count": 2, "filenames": ["media/images/Labels_0_1871f558a910a7614057.jpg", "media/images/Labels_0_e744f27576dc785b1437.jpg"], "captions": ["labels_correlogram.jpg", "labels_xyls.jpg"]}, "Mosaics": {"_type": "images/separated", "width": 2048, "height": 2048, "format": "jpg", "count": 8, "filenames": ["media/images/Mosaics_0_0394a6de0a2448fff869.jpg", "media/images/Mosaics_0_1680bfb4433a6d0e6cf0.jpg", "media/images/Mosaics_0_a1692a8bccf702eb3a31.jpg", "media/images/Mosaics_0_5ae71c6c1745146e8302.jpg", "media/images/Mosaics_0_66771142f78df3de9dd9.jpg", "media/images/Mosaics_0_f2bf28590dda098fb3bf.jpg", "media/images/Mosaics_0_5b4f4745d785277e7d33.jpg", "media/images/Mosaics_0_a52b0537939a6b73fa72.jpg"], "captions": ["train_batch0.jpg", "train_batch1.jpg", "train_batch2.jpg", "train_batch3.jpg", "train_batch4.jpg", "train_batch5.jpg", "train_batch6.jpg", "train_batch7.jpg"]}, "train/box_loss": 0.07364997267723083, "train/obj_loss": 0.39415422081947327, "train/cls_loss": 4.195356086711399e-05, "train/theta_loss": 0.13501960039138794, "metrics/precision": 0.8182167292553514, "metrics/recall": 0.8183716075156576, "metrics/mAP_0.5": 0.8317565812936966, "metrics/mAP_0.5:0.95": 0.4235746771159268, "val/box_loss": 0.0557297021150589, "val/obj_loss": 0.4566132426261902, "val/cls_loss": 4.140011151321232e-05, "val/theta_loss": 0.1316075325012207, "x/lr0": 0.002000877266100618, "x/lr1": 0.002000877266100618, "x/lr2": 0.002000877266100618, "_timestamp": 1667447640, "_runtime": 7854, "_step": 300, "BoundingBoxDebugger": {"_type": "images/separated", "width": 1056, "height": 608, "format": "png", "count": 10, "filenames": ["media/images/BoundingBoxDebugger_299_600e9b46b753262c6aa3.png", "media/images/BoundingBoxDebugger_299_ea54ad607f6bc369214a.png", "media/images/BoundingBoxDebugger_299_6f5e466cd506c6abb1f0.png", "media/images/BoundingBoxDebugger_299_916b8e914349bdfb4c44.png", "media/images/BoundingBoxDebugger_299_5831095e8e3213b27317.png", "media/images/BoundingBoxDebugger_299_ad48a88d77668864e76a.png", "media/images/BoundingBoxDebugger_299_37bb351f1dba40a9c33b.png", "media/images/BoundingBoxDebugger_299_773385666479deae4d44.png", "media/images/BoundingBoxDebugger_299_95eb6e8f97f408bebcd9.png", "media/images/BoundingBoxDebugger_299_484464574bd75927a534.png"], "captions": ["pic_DJI_0639_0001_11.jpg", "pic_DJI_0639_0003_21.jpg", "pic_DJI_0639_0006_11.jpg", "pic_DJI_0639_0008_21.jpg", "pic_DJI_0639_0011_11.jpg", "pic_DJI_0639_0013_21.jpg", "pic_DJI_0639_0016_11.jpg", "pic_DJI_0639_0018_21.jpg", "pic_DJI_0639_0021_11.jpg", "pic_DJI_0639_0023_21.jpg"], "all_boxes": [{"predictions": {"_type": "boxes2D", "sha256": "f4be921698b38d146efe401f68df994291c2895d697611dd7d1a189745c35c70", "size": 18237, "path": "media/metadata/boxes2D/BoundingBoxDebugger_299_f4be921698b38d146efe.boxes2D.json"}}, {"predictions": {"_type": "boxes2D", "sha256": "34ca5971478fe125548bd97509814a056faff8c84e28e169f85414cde8b372ea", "size": 13635, "path": "media/metadata/boxes2D/BoundingBoxDebugger_299_34ca5971478fe125548b.boxes2D.json"}}, {"predictions": {"_type": "boxes2D", "sha256": "7a7d879d791bf8839467909985d2694998eb7acc17c510f8ab9bcae379a0e6e5", "size": 15075, "path": "media/metadata/boxes2D/BoundingBoxDebugger_299_7a7d879d791bf8839467.boxes2D.json"}}, {"predictions": {"_type": "boxes2D", "sha256": "6aaa73e01824bf6d9bf09246b0d54c980bed6deb89dd4ad3eed1fcc2bda2abb7", "size": 19218, "path": "media/metadata/boxes2D/BoundingBoxDebugger_299_6aaa73e01824bf6d9bf0.boxes2D.json"}}, {"predictions": {"_type": "boxes2D", "sha256": "3d7c33e81d55077dc5544fc11b2d1080a7f5ffef0dc3a21895fcf115877857c2", "size": 18238, "path": "media/metadata/boxes2D/BoundingBoxDebugger_299_3d7c33e81d55077dc554.boxes2D.json"}}, {"predictions": {"_type": "boxes2D", "sha256": "072cffe260aee1ffd6fc709e8efb13f7ea752850179ff895cb8c9e7757b071bb", "size": 22213, "path": "media/metadata/boxes2D/BoundingBoxDebugger_299_072cffe260aee1ffd6fc.boxes2D.json"}}, {"predictions": {"_type": "boxes2D", "sha256": "2e240378cc42922182fe78039286604a88557290152e156d3639aec3adc5030d", "size": 32655, "path": "media/metadata/boxes2D/BoundingBoxDebugger_299_2e240378cc42922182fe.boxes2D.json"}}, {"predictions": {"_type": "boxes2D", "sha256": "10bf0fa8fd30dc2cf03494ce52d3aaf415f587584a2e45a975a98bd407e7a564", "size": 26523, "path": "media/metadata/boxes2D/BoundingBoxDebugger_299_10bf0fa8fd30dc2cf034.boxes2D.json"}}, {"predictions": {"_type": "boxes2D", "sha256": "d8322d586507d51ff21c008a3949812a842cb4fa5415fdcaf8041f5f5506a949", "size": 13456, "path": "media/metadata/boxes2D/BoundingBoxDebugger_299_d8322d586507d51ff21c.boxes2D.json"}}, {"predictions": {"_type": "boxes2D", "sha256": "3e4fc1138115ef01cc077d308802f9efe72192ee497086e2a78836a216481ff5", "size": 19203, "path": "media/metadata/boxes2D/BoundingBoxDebugger_299_3e4fc1138115ef01cc07.boxes2D.json"}}]}, "Validation": {"_type": "images/separated", "width": 2048, "height": 1180, "format": "jpg", "count": 4, "filenames": ["media/images/Validation_300_efe46ca1b778da62da1f.jpg", "media/images/Validation_300_e5a3901a196885241243.jpg", "media/images/Validation_300_715f9003c47268225106.jpg", "media/images/Validation_300_91530a3828a086e2f7ed.jpg"], "captions": ["val_batch0_labels.jpg", "val_batch0_pred.jpg", "val_batch1_labels.jpg", "val_batch1_pred.jpg"]}, "Results": {"_type": "images/separated", "width": 2400, "height": 1200, "format": "png", "count": 6, "filenames": ["media/images/Results_300_8d94bb3d787548ba5ad6.png", "media/images/Results_300_6f6611d7f72ce9a2712b.png", "media/images/Results_300_3c336588840e28f1519b.png", "media/images/Results_300_fa59c37cfe6da2d0ed58.png", "media/images/Results_300_520bf7d3d8901254f7ba.png", "media/images/Results_300_9962ac1b6f34f7b3e238.png"], "captions": ["results.png", "confusion_matrix.png", "F1_curve.png", "PR_curve.png", "P_curve.png", "R_curve.png"]}, "_wandb": {"runtime": 7854}}