{"Labels": {"_type": "images/separated", "width": 2000, "height": 2000, "format": "jpg", "count": 2, "filenames": ["media/images/Labels_0_1871f558a910a7614057.jpg", "media/images/Labels_0_e744f27576dc785b1437.jpg"], "captions": ["labels_correlogram.jpg", "labels_xyls.jpg"]}, "Mosaics": {"_type": "images/separated", "width": 2048, "height": 2048, "format": "jpg", "count": 8, "filenames": ["media/images/Mosaics_0_0255079bb9e548997c9e.jpg", "media/images/Mosaics_0_70c9e35df26faf7cef61.jpg", "media/images/Mosaics_0_4c8bbaec5ca464565aac.jpg", "media/images/Mosaics_0_1890a3c8514524149cbb.jpg", "media/images/Mosaics_0_a6a6df50e72ee19641fe.jpg", "media/images/Mosaics_0_8b42ac799817d5f4e0b3.jpg", "media/images/Mosaics_0_ac63f86f20be07922dd4.jpg", "media/images/Mosaics_0_f512caaa74c7303f5097.jpg"], "captions": ["train_batch0.jpg", "train_batch1.jpg", "train_batch2.jpg", "train_batch3.jpg", "train_batch4.jpg", "train_batch5.jpg", "train_batch6.jpg", "train_batch7.jpg"]}, "train/box_loss": 0.06909462064504623, "train/obj_loss": 0.42416954040527344, "train/cls_loss": 6.339910760289058e-05, "train/theta_loss": 0.10624387860298157, "metrics/precision": 0.8890572868961603, "metrics/recall": 0.837160751565762, "metrics/mAP_0.5": 0.889290772645616, "metrics/mAP_0.5:0.95": 0.5244771875016974, "val/box_loss": 0.05511166900396347, "val/obj_loss": 0.4377474784851074, "val/cls_loss": 5.819949001306668e-05, "val/theta_loss": 0.09973306208848953, "x/lr0": 0.002000877266100618, "x/lr1": 0.002000877266100618, "x/lr2": 0.002000877266100618, "_timestamp": 1667316221, "_runtime": 6779, "_step": 300, "BoundingBoxDebugger": {"_type": "images/separated", "width": 1056, "height": 608, "format": "png", "count": 10, "filenames": ["media/images/BoundingBoxDebugger_299_600e9b46b753262c6aa3.png", "media/images/BoundingBoxDebugger_299_ea54ad607f6bc369214a.png", "media/images/BoundingBoxDebugger_299_6f5e466cd506c6abb1f0.png", "media/images/BoundingBoxDebugger_299_916b8e914349bdfb4c44.png", "media/images/BoundingBoxDebugger_299_5831095e8e3213b27317.png", "media/images/BoundingBoxDebugger_299_ad48a88d77668864e76a.png", "media/images/BoundingBoxDebugger_299_37bb351f1dba40a9c33b.png", "media/images/BoundingBoxDebugger_299_773385666479deae4d44.png", "media/images/BoundingBoxDebugger_299_95eb6e8f97f408bebcd9.png", "media/images/BoundingBoxDebugger_299_484464574bd75927a534.png"], "captions": ["pic_DJI_0639_0001_11.jpg", "pic_DJI_0639_0003_21.jpg", "pic_DJI_0639_0006_11.jpg", "pic_DJI_0639_0008_21.jpg", "pic_DJI_0639_0011_11.jpg", "pic_DJI_0639_0013_21.jpg", "pic_DJI_0639_0016_11.jpg", "pic_DJI_0639_0018_21.jpg", "pic_DJI_0639_0021_11.jpg", "pic_DJI_0639_0023_21.jpg"], "all_boxes": [{"predictions": {"_type": "boxes2D", "sha256": "610e710f970817fd0f78c989f3fe91d7e3b1aa000a3282bb24b401ce454f7b7d", "size": 12490, "path": "media/metadata/boxes2D/BoundingBoxDebugger_299_610e710f970817fd0f78.boxes2D.json"}}, {"predictions": {"_type": "boxes2D", "sha256": "a088a8bae4fac986ec39dd95b34cf1dbc3975c3c9f6bf6cee1d7f29209ad0db6", "size": 8750, "path": "media/metadata/boxes2D/BoundingBoxDebugger_299_a088a8bae4fac986ec39.boxes2D.json"}}, {"predictions": {"_type": "boxes2D", "sha256": "fa768b6a28c8c03c90a845bf2bc5a0099726e2647a16922e378528d7463b3772", "size": 12259, "path": "media/metadata/boxes2D/BoundingBoxDebugger_299_fa768b6a28c8c03c90a8.boxes2D.json"}}, {"predictions": {"_type": "boxes2D", "sha256": "70e098ded4dacf09d483348578c1185859b33883bb88d923b6158de897605c15", "size": 15882, "path": "media/metadata/boxes2D/BoundingBoxDebugger_299_70e098ded4dacf09d483.boxes2D.json"}}, {"predictions": {"_type": "boxes2D", "sha256": "d0cf776dd64bfba87696af8e8533f9c8f018bd16bf1bcb1f3cc96bdb15597044", "size": 14997, "path": "media/metadata/boxes2D/BoundingBoxDebugger_299_d0cf776dd64bfba87696.boxes2D.json"}}, {"predictions": {"_type": "boxes2D", "sha256": "19ee7a01085c92fb8e10376e68939f87addad34218ab50f0b8a9d31ef011440c", "size": 15691, "path": "media/metadata/boxes2D/BoundingBoxDebugger_299_19ee7a01085c92fb8e10.boxes2D.json"}}, {"predictions": {"_type": "boxes2D", "sha256": "985c2bdd3c513ec9c94b3250978ddc7ee7f1b856a3c7f95db50662b620598b45", "size": 23403, "path": "media/metadata/boxes2D/BoundingBoxDebugger_299_985c2bdd3c513ec9c94b.boxes2D.json"}}, {"predictions": {"_type": "boxes2D", "sha256": "b127c85149b2ab032a744553d70c0d7b4e13a6b0bac56113bba512f7c2c3a26c", "size": 20324, "path": "media/metadata/boxes2D/BoundingBoxDebugger_299_b127c85149b2ab032a74.boxes2D.json"}}, {"predictions": {"_type": "boxes2D", "sha256": "497a40b53c0a1c4effc39a90e33997485147da729964f357087bbcad7a0994c5", "size": 9400, "path": "media/metadata/boxes2D/BoundingBoxDebugger_299_497a40b53c0a1c4effc3.boxes2D.json"}}, {"predictions": {"_type": "boxes2D", "sha256": "e8f7f5f7b5cbd605221f6d4896063f183ad52e401bed1c64a67da04305a31aa8", "size": 15066, "path": "media/metadata/boxes2D/BoundingBoxDebugger_299_e8f7f5f7b5cbd605221f.boxes2D.json"}}]}, "Validation": {"_type": "images/separated", "width": 2048, "height": 1180, "format": "jpg", "count": 4, "filenames": ["media/images/Validation_300_efe46ca1b778da62da1f.jpg", "media/images/Validation_300_b37f6cb8256147443eb7.jpg", "media/images/Validation_300_a350f580adda42ffd899.jpg", "media/images/Validation_300_18bd3d7d1294781990bb.jpg"], "captions": ["val_batch0_labels.jpg", "val_batch0_pred.jpg", "val_batch1_labels.jpg", "val_batch1_pred.jpg"]}, "Results": {"_type": "images/separated", "width": 2400, "height": 1200, "format": "png", "count": 6, "filenames": ["media/images/Results_300_732e513c5344cc82abe3.png", "media/images/Results_300_d4181e8d603bf004bbc0.png", "media/images/Results_300_972ba18fbdd64201bc46.png", "media/images/Results_300_bbaa9928ca1026d9d374.png", "media/images/Results_300_98f7cc8dee86494afe1e.png", "media/images/Results_300_6b9ff812b17b7dcd0180.png"], "captions": ["results.png", "confusion_matrix.png", "F1_curve.png", "PR_curve.png", "P_curve.png", "R_curve.png"]}, "_wandb": {"runtime": 6779}}