{"Labels": {"_type": "images/separated", "width": 2000, "height": 2000, "format": "jpg", "count": 2, "filenames": ["media/images/Labels_0_1871f558a910a7614057.jpg", "media/images/Labels_0_e744f27576dc785b1437.jpg"], "captions": ["labels_correlogram.jpg", "labels_xyls.jpg"]}, "Mosaics": {"_type": "images/separated", "width": 2048, "height": 2048, "format": "jpg", "count": 8, "filenames": ["media/images/Mosaics_0_37f7bfb75d95c111102c.jpg", "media/images/Mosaics_0_f5b7f8e98e6e26d6fd4b.jpg", "media/images/Mosaics_0_beb8494e6bd3e2ebe371.jpg", "media/images/Mosaics_0_e794dcb3b75c23f7a82f.jpg", "media/images/Mosaics_0_8993c392fdc8a5016f85.jpg", "media/images/Mosaics_0_5b61cd7ae659e5590489.jpg", "media/images/Mosaics_0_df71be747e4fecabd1b2.jpg", "media/images/Mosaics_0_afa2a0a3d3b8d899f3f0.jpg"], "captions": ["train_batch0.jpg", "train_batch1.jpg", "train_batch2.jpg", "train_batch3.jpg", "train_batch4.jpg", "train_batch5.jpg", "train_batch6.jpg", "train_batch7.jpg"]}, "train/box_loss": 0.06592400372028351, "train/obj_loss": 0.39505332708358765, "train/cls_loss": 6.102594852563925e-05, "train/theta_loss": 0.1070442870259285, "metrics/precision": 0.8893411327608124, "metrics/recall": 0.8724693228868594, "metrics/mAP_0.5": 0.9153044726497862, "metrics/mAP_0.5:0.95": 0.5378850504846001, "val/box_loss": 0.05177924036979675, "val/obj_loss": 0.4709862470626831, "val/cls_loss": 6.194182060426101e-05, "val/theta_loss": 0.10284177958965302, "x/lr0": 0.002000877266100618, "x/lr1": 0.002000877266100618, "x/lr2": 0.002000877266100618, "_timestamp": 1667402614, "_runtime": 9802, "_step": 300, "BoundingBoxDebugger": {"_type": "images/separated", "width": 1056, "height": 608, "format": "png", "count": 10, "filenames": ["media/images/BoundingBoxDebugger_299_600e9b46b753262c6aa3.png", "media/images/BoundingBoxDebugger_299_ea54ad607f6bc369214a.png", "media/images/BoundingBoxDebugger_299_6f5e466cd506c6abb1f0.png", "media/images/BoundingBoxDebugger_299_916b8e914349bdfb4c44.png", "media/images/BoundingBoxDebugger_299_5831095e8e3213b27317.png", "media/images/BoundingBoxDebugger_299_ad48a88d77668864e76a.png", "media/images/BoundingBoxDebugger_299_37bb351f1dba40a9c33b.png", "media/images/BoundingBoxDebugger_299_773385666479deae4d44.png", "media/images/BoundingBoxDebugger_299_95eb6e8f97f408bebcd9.png", "media/images/BoundingBoxDebugger_299_484464574bd75927a534.png"], "captions": ["pic_DJI_0639_0001_11.jpg", "pic_DJI_0639_0003_21.jpg", "pic_DJI_0639_0006_11.jpg", "pic_DJI_0639_0008_21.jpg", "pic_DJI_0639_0011_11.jpg", "pic_DJI_0639_0013_21.jpg", "pic_DJI_0639_0016_11.jpg", "pic_DJI_0639_0018_21.jpg", "pic_DJI_0639_0021_11.jpg", "pic_DJI_0639_0023_21.jpg"], "all_boxes": [{"predictions": {"_type": "boxes2D", "sha256": "117b217e6fc0ff2a33d031c9b9797a81c6c556bf5efaa127945f73a63a4ba7bf", "size": 13128, "path": "media/metadata/boxes2D/BoundingBoxDebugger_299_117b217e6fc0ff2a33d0.boxes2D.json"}}, {"predictions": {"_type": "boxes2D", "sha256": "b26a2095811704065c1ad5586dd7c55e5389f3bea886bedfc517e31ba26339a5", "size": 10170, "path": "media/metadata/boxes2D/BoundingBoxDebugger_299_b26a2095811704065c1a.boxes2D.json"}}, {"predictions": {"_type": "boxes2D", "sha256": "c2afe2a9cbcbd06f6ac64959cf5c68da1c47e1f717dbe67cb6c8b66582e6553b", "size": 11887, "path": "media/metadata/boxes2D/BoundingBoxDebugger_299_c2afe2a9cbcbd06f6ac6.boxes2D.json"}}, {"predictions": {"_type": "boxes2D", "sha256": "48edda2b9491795a1f2a9139afdad15a67a83d44f5cf9941bfcd95d151e77962", "size": 15639, "path": "media/metadata/boxes2D/BoundingBoxDebugger_299_48edda2b9491795a1f2a.boxes2D.json"}}, {"predictions": {"_type": "boxes2D", "sha256": "4f5568909dedeb05f699ddf7b3f274bba17af972be76871431f9744f7a5d7b69", "size": 15195, "path": "media/metadata/boxes2D/BoundingBoxDebugger_299_4f5568909dedeb05f699.boxes2D.json"}}, {"predictions": {"_type": "boxes2D", "sha256": "2c10ce9a6ae4353a82688403d23c246b29d5cf47c9140d5975cc40da293bfba8", "size": 15464, "path": "media/metadata/boxes2D/BoundingBoxDebugger_299_2c10ce9a6ae4353a8268.boxes2D.json"}}, {"predictions": {"_type": "boxes2D", "sha256": "ace7d118e6e9a7b0da22c0a84be02a6885d5b0f3736823a9ed0abe6844d29783", "size": 24633, "path": "media/metadata/boxes2D/BoundingBoxDebugger_299_ace7d118e6e9a7b0da22.boxes2D.json"}}, {"predictions": {"_type": "boxes2D", "sha256": "0a63348baf7a1e2de77813f9ddd697a7c06ad84866a5bd0d9dfc19623bb90350", "size": 20852, "path": "media/metadata/boxes2D/BoundingBoxDebugger_299_0a63348baf7a1e2de778.boxes2D.json"}}, {"predictions": {"_type": "boxes2D", "sha256": "2ee1e3c81d19b907441c7ef581c88d6470b95be6cc001fb9091ee92f0eba7dba", "size": 9181, "path": "media/metadata/boxes2D/BoundingBoxDebugger_299_2ee1e3c81d19b907441c.boxes2D.json"}}, {"predictions": {"_type": "boxes2D", "sha256": "9601f37a7d6a2b1dca078b8249bfa7361a382b65c9cbc6e5cd1826e42791c237", "size": 14544, "path": "media/metadata/boxes2D/BoundingBoxDebugger_299_9601f37a7d6a2b1dca07.boxes2D.json"}}]}, "Validation": {"_type": "images/separated", "width": 2048, "height": 1180, "format": "jpg", "count": 4, "filenames": ["media/images/Validation_300_efe46ca1b778da62da1f.jpg", "media/images/Validation_300_70182c50f0da826dbd63.jpg", "media/images/Validation_300_715f9003c47268225106.jpg", "media/images/Validation_300_86778c237668cf06af79.jpg"], "captions": ["val_batch0_labels.jpg", "val_batch0_pred.jpg", "val_batch1_labels.jpg", "val_batch1_pred.jpg"]}, "Results": {"_type": "images/separated", "width": 2400, "height": 1200, "format": "png", "count": 6, "filenames": ["media/images/Results_300_5b06d9641f026540ff53.png", "media/images/Results_300_d04b043635948df96e7a.png", "media/images/Results_300_271c3269a15711235fc2.png", "media/images/Results_300_825853d8f7c36f5256e9.png", "media/images/Results_300_af26e15dc5bfacc6efa7.png", "media/images/Results_300_0b92ff5a342eea7f68cf.png"], "captions": ["results.png", "confusion_matrix.png", "F1_curve.png", "PR_curve.png", "P_curve.png", "R_curve.png"]}, "_wandb": {"runtime": 9801}}