{"Labels": {"_type": "images/separated", "width": 2000, "height": 2000, "format": "jpg", "count": 2, "filenames": ["media/images/Labels_0_1871f558a910a7614057.jpg", "media/images/Labels_0_e744f27576dc785b1437.jpg"], "captions": ["labels_correlogram.jpg", "labels_xyls.jpg"]}, "Mosaics": {"_type": "images/separated", "width": 2048, "height": 2048, "format": "jpg", "count": 8, "filenames": ["media/images/Mosaics_0_0255079bb9e548997c9e.jpg", "media/images/Mosaics_0_70c9e35df26faf7cef61.jpg", "media/images/Mosaics_0_4c8bbaec5ca464565aac.jpg", "media/images/Mosaics_0_1890a3c8514524149cbb.jpg", "media/images/Mosaics_0_a6a6df50e72ee19641fe.jpg", "media/images/Mosaics_0_8b42ac799817d5f4e0b3.jpg", "media/images/Mosaics_0_ac63f86f20be07922dd4.jpg", "media/images/Mosaics_0_f512caaa74c7303f5097.jpg"], "captions": ["train_batch0.jpg", "train_batch1.jpg", "train_batch2.jpg", "train_batch3.jpg", "train_batch4.jpg", "train_batch5.jpg", "train_batch6.jpg", "train_batch7.jpg"]}, "train/box_loss": 0.06878622621297836, "train/obj_loss": 0.42229169607162476, "train/cls_loss": 6.19584388914518e-05, "train/theta_loss": 0.10587621480226517, "metrics/precision": 0.39257451699911033, "metrics/recall": 0.48573207863395773, "metrics/mAP_0.5": 0.4244338368719526, "metrics/mAP_0.5:0.95": 0.2432831004687364, "val/box_loss": 0.054229944944381714, "val/obj_loss": 0.42999571561813354, "val/cls_loss": 5.6597004004288465e-05, "val/theta_loss": 0.09882880747318268, "x/lr0": 0.002000877266100618, "x/lr1": 0.002000877266100618, "x/lr2": 0.002000877266100618, "_timestamp": 1666673327, "_runtime": 6850, "_step": 300, "BoundingBoxDebugger": {"_type": "images/separated", "width": 1056, "height": 608, "format": "png", "count": 10, "filenames": ["media/images/BoundingBoxDebugger_299_600e9b46b753262c6aa3.png", "media/images/BoundingBoxDebugger_299_ea54ad607f6bc369214a.png", "media/images/BoundingBoxDebugger_299_6f5e466cd506c6abb1f0.png", "media/images/BoundingBoxDebugger_299_916b8e914349bdfb4c44.png", "media/images/BoundingBoxDebugger_299_5831095e8e3213b27317.png", "media/images/BoundingBoxDebugger_299_ad48a88d77668864e76a.png", "media/images/BoundingBoxDebugger_299_37bb351f1dba40a9c33b.png", "media/images/BoundingBoxDebugger_299_773385666479deae4d44.png", "media/images/BoundingBoxDebugger_299_95eb6e8f97f408bebcd9.png", "media/images/BoundingBoxDebugger_299_484464574bd75927a534.png"], "captions": ["pic_DJI_0639_0001_11.jpg", "pic_DJI_0639_0003_21.jpg", "pic_DJI_0639_0006_11.jpg", "pic_DJI_0639_0008_21.jpg", "pic_DJI_0639_0011_11.jpg", "pic_DJI_0639_0013_21.jpg", "pic_DJI_0639_0016_11.jpg", "pic_DJI_0639_0018_21.jpg", "pic_DJI_0639_0021_11.jpg", "pic_DJI_0639_0023_21.jpg"], "all_boxes": [{"predictions": {"_type": "boxes2D", "sha256": "24ac5477eedfa25380fb8e95998e69917200973c69ceb4998e84edbccc723b46", "size": 261877, "path": "media/metadata/boxes2D/BoundingBoxDebugger_299_24ac5477eedfa25380fb.boxes2D.json"}}, {"predictions": {"_type": "boxes2D", "sha256": "b1141512f103fae38c77582345a851c35fa172d238400cf09aa6c2be36e7d140", "size": 171786, "path": "media/metadata/boxes2D/BoundingBoxDebugger_299_b1141512f103fae38c77.boxes2D.json"}}, {"predictions": {"_type": "boxes2D", "sha256": "b02b7c2544caa110d8e97f5949d0519bde7bab5a5dc1370732668ab451362c1c", "size": 213845, "path": "media/metadata/boxes2D/BoundingBoxDebugger_299_b02b7c2544caa110d8e9.boxes2D.json"}}, {"predictions": {"_type": "boxes2D", "sha256": "e14d6fadc400110a42a28985a25404a718317f4a994d872fb5e9b99077aac83b", "size": 284692, "path": "media/metadata/boxes2D/BoundingBoxDebugger_299_e14d6fadc400110a42a2.boxes2D.json"}}, {"predictions": {"_type": "boxes2D", "sha256": "5795c95a3651070491bfda40ee17d4cd0b783e5684ebe0aa798a53ecdd8b5a3c", "size": 280841, "path": "media/metadata/boxes2D/BoundingBoxDebugger_299_5795c95a3651070491bf.boxes2D.json"}}, {"predictions": {"_type": "boxes2D", "sha256": "33b0de69df6f96215d56221f6e8e796b3631a545517321fc00913c5c287a6a97", "size": 311823, "path": "media/metadata/boxes2D/BoundingBoxDebugger_299_33b0de69df6f96215d56.boxes2D.json"}}, {"predictions": {"_type": "boxes2D", "sha256": "175dcaa4246ca1fb8126685b7f7fb4d5e27817245e1463a9aa95925e52cfa8b8", "size": 351623, "path": "media/metadata/boxes2D/BoundingBoxDebugger_299_175dcaa4246ca1fb8126.boxes2D.json"}}, {"predictions": {"_type": "boxes2D", "sha256": "f34ead231efc7082a272b62aa9e24dbe73fccbe89787f382a3c2c8e280d911ef", "size": 351294, "path": "media/metadata/boxes2D/BoundingBoxDebugger_299_f34ead231efc7082a272.boxes2D.json"}}, {"predictions": {"_type": "boxes2D", "sha256": "25050b7a8b54a6011702016011545c44480feab8488bfaf119488437953569bf", "size": 197661, "path": "media/metadata/boxes2D/BoundingBoxDebugger_299_25050b7a8b54a6011702.boxes2D.json"}}, {"predictions": {"_type": "boxes2D", "sha256": "599d8c9cc6fcaef5c8ef8bebbbdf5860f62631a4738535fa354fb8647d6ea34c", "size": 302302, "path": "media/metadata/boxes2D/BoundingBoxDebugger_299_599d8c9cc6fcaef5c8ef.boxes2D.json"}}]}, "Validation": {"_type": "images/separated", "width": 2048, "height": 1180, "format": "jpg", "count": 3, "filenames": ["media/images/Validation_300_efe46ca1b778da62da1f.jpg", "media/images/Validation_300_a350f580adda42ffd899.jpg", "media/images/Validation_300_02c6b8b403933d4efbf3.jpg"], "captions": ["val_batch0_labels.jpg", "val_batch1_labels.jpg", "val_batch1_pred.jpg"]}, "Results": {"_type": "images/separated", "width": 2400, "height": 1200, "format": "png", "count": 6, "filenames": ["media/images/Results_300_358024fb306e8183f6fd.png", "media/images/Results_300_079fc2e5164e8040221b.png", "media/images/Results_300_6f2f5865cb189e04701b.png", "media/images/Results_300_3ab03ce6ae17e54e8785.png", "media/images/Results_300_d3f382d552dfb933a86e.png", "media/images/Results_300_b5795ad5d705d3a98bf1.png"], "captions": ["results.png", "confusion_matrix.png", "F1_curve.png", "PR_curve.png", "P_curve.png", "R_curve.png"]}, "_wandb": {"runtime": 6851}}