{"Labels": {"_type": "images/separated", "width": 2000, "height": 2000, "format": "jpg", "count": 2, "filenames": ["media/images/Labels_0_1871f558a910a7614057.jpg", "media/images/Labels_0_e744f27576dc785b1437.jpg"], "captions": ["labels_correlogram.jpg", "labels_xyls.jpg"]}, "Mosaics": {"_type": "images/separated", "width": 2048, "height": 2048, "format": "jpg", "count": 8, "filenames": ["media/images/Mosaics_0_0255079bb9e548997c9e.jpg", "media/images/Mosaics_0_70c9e35df26faf7cef61.jpg", "media/images/Mosaics_0_4c8bbaec5ca464565aac.jpg", "media/images/Mosaics_0_1890a3c8514524149cbb.jpg", "media/images/Mosaics_0_a6a6df50e72ee19641fe.jpg", "media/images/Mosaics_0_8b42ac799817d5f4e0b3.jpg", "media/images/Mosaics_0_ac63f86f20be07922dd4.jpg", "media/images/Mosaics_0_f512caaa74c7303f5097.jpg"], "captions": ["train_batch0.jpg", "train_batch1.jpg", "train_batch2.jpg", "train_batch3.jpg", "train_batch4.jpg", "train_batch5.jpg", "train_batch6.jpg", "train_batch7.jpg"]}, "train/box_loss": 0.06518419831991196, "train/obj_loss": 0.41661566495895386, "train/cls_loss": 5.571867586695589e-05, "train/theta_loss": 0.10484723001718521, "metrics/precision": 0.9112481556221643, "metrics/recall": 0.8580375782881002, "metrics/mAP_0.5": 0.9113583701966977, "metrics/mAP_0.5:0.95": 0.5333090748559586, "val/box_loss": 0.053383830934762955, "val/obj_loss": 0.4389132261276245, "val/cls_loss": 5.2978186431573704e-05, "val/theta_loss": 0.09843452274799347, "x/lr0": 0.002000877266100618, "x/lr1": 0.002000877266100618, "x/lr2": 0.002000877266100618, "_timestamp": 1668522498, "_runtime": 7525, "_step": 300, "BoundingBoxDebugger": {"_type": "images/separated", "width": 1056, "height": 608, "format": "png", "count": 10, "filenames": ["media/images/BoundingBoxDebugger_299_600e9b46b753262c6aa3.png", "media/images/BoundingBoxDebugger_299_ea54ad607f6bc369214a.png", "media/images/BoundingBoxDebugger_299_6f5e466cd506c6abb1f0.png", "media/images/BoundingBoxDebugger_299_916b8e914349bdfb4c44.png", "media/images/BoundingBoxDebugger_299_5831095e8e3213b27317.png", "media/images/BoundingBoxDebugger_299_ad48a88d77668864e76a.png", "media/images/BoundingBoxDebugger_299_37bb351f1dba40a9c33b.png", "media/images/BoundingBoxDebugger_299_773385666479deae4d44.png", "media/images/BoundingBoxDebugger_299_95eb6e8f97f408bebcd9.png", "media/images/BoundingBoxDebugger_299_484464574bd75927a534.png"], "captions": ["pic_DJI_0639_0001_11.jpg", "pic_DJI_0639_0003_21.jpg", "pic_DJI_0639_0006_11.jpg", "pic_DJI_0639_0008_21.jpg", "pic_DJI_0639_0011_11.jpg", "pic_DJI_0639_0013_21.jpg", "pic_DJI_0639_0016_11.jpg", "pic_DJI_0639_0018_21.jpg", "pic_DJI_0639_0021_11.jpg", "pic_DJI_0639_0023_21.jpg"], "all_boxes": [{"predictions": {"_type": "boxes2D", "sha256": "3a846c16b92553dff142c8f77624a29b22400ed8f5da4c8ff2456791f4b26683", "size": 12271, "path": "media/metadata/boxes2D/BoundingBoxDebugger_299_3a846c16b92553dff142.boxes2D.json"}}, {"predictions": {"_type": "boxes2D", "sha256": "dfee935c1538b9c61d9cbdfd3057131a1901d9559fcf178f956d2c4684a966d8", "size": 9196, "path": "media/metadata/boxes2D/BoundingBoxDebugger_299_dfee935c1538b9c61d9c.boxes2D.json"}}, {"predictions": {"_type": "boxes2D", "sha256": "6aa19cadffe11c34fc37d7b87d203337921d77c152d2ed41fd999b65249cf13d", "size": 12427, "path": "media/metadata/boxes2D/BoundingBoxDebugger_299_6aa19cadffe11c34fc37.boxes2D.json"}}, {"predictions": {"_type": "boxes2D", "sha256": "29a33b43523605a4ef4af519034874e3a24f64327333e2223edeb014980ff950", "size": 15075, "path": "media/metadata/boxes2D/BoundingBoxDebugger_299_29a33b43523605a4ef4a.boxes2D.json"}}, {"predictions": {"_type": "boxes2D", "sha256": "ad0917a7aae382d51be6c07bb0443cb0bde2f722225a72681fbc55d0d833ab63", "size": 14283, "path": "media/metadata/boxes2D/BoundingBoxDebugger_299_ad0917a7aae382d51be6.boxes2D.json"}}, {"predictions": {"_type": "boxes2D", "sha256": "8a49793503797dc7698037a8bd9a9be00c94e6a10727a1e338a9ddc932884b7e", "size": 16174, "path": "media/metadata/boxes2D/BoundingBoxDebugger_299_8a49793503797dc76980.boxes2D.json"}}, {"predictions": {"_type": "boxes2D", "sha256": "1ce91a1c5b935a0a85ddedb699ebac4d4997a2c37ff11db4697b0adfffb10943", "size": 22980, "path": "media/metadata/boxes2D/BoundingBoxDebugger_299_1ce91a1c5b935a0a85dd.boxes2D.json"}}, {"predictions": {"_type": "boxes2D", "sha256": "743a7050c2e2daaced38ae0e8bc80377c33bcb542e6cf746cd69cf4efaf3255e", "size": 19644, "path": "media/metadata/boxes2D/BoundingBoxDebugger_299_743a7050c2e2daaced38.boxes2D.json"}}, {"predictions": {"_type": "boxes2D", "sha256": "4bc76c96044ee0d469bc2a25f222fb55fab1d019496baf1d13b5bddf676d4e40", "size": 10365, "path": "media/metadata/boxes2D/BoundingBoxDebugger_299_4bc76c96044ee0d469bc.boxes2D.json"}}, {"predictions": {"_type": "boxes2D", "sha256": "dab1f70af9946b9440377c7614c5c4b49b128875e61dec9ac173904e12b97c82", "size": 13345, "path": "media/metadata/boxes2D/BoundingBoxDebugger_299_dab1f70af9946b944037.boxes2D.json"}}]}, "Validation": {"_type": "images/separated", "width": 2048, "height": 1180, "format": "jpg", "count": 4, "filenames": ["media/images/Validation_300_efe46ca1b778da62da1f.jpg", "media/images/Validation_300_244b8d1bfb633bb31506.jpg", "media/images/Validation_300_a350f580adda42ffd899.jpg", "media/images/Validation_300_71c6f588be22c086a830.jpg"], "captions": ["val_batch0_labels.jpg", "val_batch0_pred.jpg", "val_batch1_labels.jpg", "val_batch1_pred.jpg"]}, "Results": {"_type": "images/separated", "width": 2400, "height": 1200, "format": "png", "count": 6, "filenames": ["media/images/Results_300_dfe98f5cb3c4600ebe80.png", "media/images/Results_300_0826a317fba25e7bd8ea.png", "media/images/Results_300_7ad5511afbe0fe85f44b.png", "media/images/Results_300_d1fa5ace6f1e2d2316dd.png", "media/images/Results_300_cdc04522aaea8e2d1df4.png", "media/images/Results_300_cc659e8ae6696df6e6be.png"], "captions": ["results.png", "confusion_matrix.png", "F1_curve.png", "PR_curve.png", "P_curve.png", "R_curve.png"]}, "_wandb": {"runtime": 7525}}