{"box_data": [{"position": {"minX": 951.8806762695312, "minY": 123.70903015136719, "maxX": 1005.1193237304688, "maxY": 170.0409698486328}, "class_id": 1, "box_caption": "empty 0.017", "scores": {"class_score": 0.0174102783203125}, "domain": "pixel"}, {"position": {"minX": 846.7749633789062, "minY": 117.44297790527344, "maxX": 940.2250366210938, "maxY": 141.55702209472656}, "class_id": 1, "box_caption": "empty 0.013", "scores": {"class_score": 0.01345062255859375}, "domain": "pixel"}, {"position": {"minX": 810.6395263671875, "minY": 84.73921203613281, "maxX": 940.3604736328125, "maxY": 183.7607879638672}, "class_id": 1, "box_caption": "empty 0.012", "scores": {"class_score": 0.0115814208984375}, "domain": "pixel"}], "class_labels": {"0": "rec", "1": "empty"}}