{"box_data": [{"position": {"minX": 425.7697448730469, "minY": 69.665283203125, "maxX": 501.2302551269531, "maxY": 228.334716796875}, "class_id": 1, "box_caption": "empty 0.011", "scores": {"class_score": 0.0109100341796875}, "domain": "pixel"}, {"position": {"minX": 160.621337890625, "minY": 327.8655090332031, "maxX": 279.128662109375, "maxY": 494.1344909667969}, "class_id": 0, "box_caption": "rec 0.011", "scores": {"class_score": 0.01064300537109375}, "domain": "pixel"}], "class_labels": {"0": "rec", "1": "empty"}}