{"box_data": [{"position": {"minX": 314.5184020996094, "minY": 354.5127258300781, "maxX": 361.4815979003906, "maxY": 399.4872741699219}, "class_id": 1, "box_caption": "empty 0.012", "scores": {"class_score": 0.01183319091796875}, "domain": "pixel"}, {"position": {"minX": 611.4503784179688, "minY": 172.033203125, "maxX": 757.5496215820312, "maxY": 296.966796875}, "class_id": 0, "box_caption": "rec 0.011", "scores": {"class_score": 0.0106353759765625}, "domain": "pixel"}], "class_labels": {"0": "rec", "1": "empty"}}