{"box_data": [{"position": {"minX": -82.71818542480469, "minY": 263.1291198730469, "maxX": 133.0931854248047, "maxY": 493.8708801269531}, "class_id": 1, "box_caption": "empty 0.011", "scores": {"class_score": 0.01141357421875}, "domain": "pixel"}, {"position": {"minX": 758.6356201171875, "minY": 48.33079528808594, "maxX": 937.3643798828125, "maxY": 221.91920471191406}, "class_id": 0, "box_caption": "rec 0.010", "scores": {"class_score": 0.01020050048828125}, "domain": "pixel"}], "class_labels": {"0": "rec", "1": "empty"}}