{"Labels": {"_type": "images/separated", "width": 2000, "height": 2000, "format": "jpg", "count": 2, "filenames": ["media/images/Labels_0_1871f558a910a7614057.jpg", "media/images/Labels_0_e744f27576dc785b1437.jpg"], "captions": ["labels_correlogram.jpg", "labels_xyls.jpg"]}, "Mosaics": {"_type": "images/separated", "width": 2048, "height": 2048, "format": "jpg", "count": 8, "filenames": ["media/images/Mosaics_0_768851641c133e9a17b7.jpg", "media/images/Mosaics_0_1acd47c968399334d198.jpg", "media/images/Mosaics_0_07d32bd1214db288e774.jpg", "media/images/Mosaics_0_9e5f5e5f87a5e851aedf.jpg", "media/images/Mosaics_0_221980bcc90b9986c4ea.jpg", "media/images/Mosaics_0_2dd2482747ba050bcdf2.jpg", "media/images/Mosaics_0_ac0f98a72bde369a5735.jpg", "media/images/Mosaics_0_b837899e1a5b21b567fe.jpg"], "captions": ["train_batch0.jpg", "train_batch1.jpg", "train_batch2.jpg", "train_batch3.jpg", "train_batch4.jpg", "train_batch5.jpg", "train_batch6.jpg", "train_batch7.jpg"]}, "train/box_loss": 0.07254736870527267, "train/obj_loss": 0.4255501329898834, "train/cls_loss": 4.555196574074216e-05, "train/theta_loss": 0.1366349756717682, "metrics/precision": 0.8563577918800379, "metrics/recall": 0.8350730688935282, "metrics/mAP_0.5": 0.8592785254116643, "metrics/mAP_0.5:0.95": 0.4295622750559261, "val/box_loss": 0.05664028972387314, "val/obj_loss": 0.4171886444091797, "val/cls_loss": 3.9840509998612106e-05, "val/theta_loss": 0.1324361264705658, "x/lr0": 0.002000877266100618, "x/lr1": 0.002000877266100618, "x/lr2": 0.002000877266100618, "_timestamp": 1667386796, "_runtime": 7550, "_step": 300, "BoundingBoxDebugger": {"_type": "images/separated", "width": 1056, "height": 608, "format": "png", "count": 10, "filenames": ["media/images/BoundingBoxDebugger_299_600e9b46b753262c6aa3.png", "media/images/BoundingBoxDebugger_299_ea54ad607f6bc369214a.png", "media/images/BoundingBoxDebugger_299_6f5e466cd506c6abb1f0.png", "media/images/BoundingBoxDebugger_299_916b8e914349bdfb4c44.png", "media/images/BoundingBoxDebugger_299_5831095e8e3213b27317.png", "media/images/BoundingBoxDebugger_299_ad48a88d77668864e76a.png", "media/images/BoundingBoxDebugger_299_37bb351f1dba40a9c33b.png", "media/images/BoundingBoxDebugger_299_773385666479deae4d44.png", "media/images/BoundingBoxDebugger_299_95eb6e8f97f408bebcd9.png", "media/images/BoundingBoxDebugger_299_484464574bd75927a534.png"], "captions": ["pic_DJI_0639_0001_11.jpg", "pic_DJI_0639_0003_21.jpg", "pic_DJI_0639_0006_11.jpg", "pic_DJI_0639_0008_21.jpg", "pic_DJI_0639_0011_11.jpg", "pic_DJI_0639_0013_21.jpg", "pic_DJI_0639_0016_11.jpg", "pic_DJI_0639_0018_21.jpg", "pic_DJI_0639_0021_11.jpg", "pic_DJI_0639_0023_21.jpg"], "all_boxes": [{"predictions": {"_type": "boxes2D", "sha256": "b6a4588bf64edfac136d63742bdaacbfee12832925b7151e52520ef532f8f419", "size": 17965, "path": "media/metadata/boxes2D/BoundingBoxDebugger_299_b6a4588bf64edfac136d.boxes2D.json"}}, {"predictions": {"_type": "boxes2D", "sha256": "fe5b12bec477f3d58ae8654d744e2f3f30e07bb40200f17b9703cc571ed6e6c1", "size": 12925, "path": "media/metadata/boxes2D/BoundingBoxDebugger_299_fe5b12bec477f3d58ae8.boxes2D.json"}}, {"predictions": {"_type": "boxes2D", "sha256": "431f03c642cff44d74c7f25ee1faa0cddd91f26f25ed24997c8de48a0bf4305a", "size": 17179, "path": "media/metadata/boxes2D/BoundingBoxDebugger_299_431f03c642cff44d74c7.boxes2D.json"}}, {"predictions": {"_type": "boxes2D", "sha256": "2c2da00e02bc6bece8a50a1ce18fc14f92dd6e2f7cec6409d9980ad6f21e710d", "size": 21596, "path": "media/metadata/boxes2D/BoundingBoxDebugger_299_2c2da00e02bc6bece8a5.boxes2D.json"}}, {"predictions": {"_type": "boxes2D", "sha256": "4a9045c9092a8b7510aab8308bc63105f73596c06a698835bea3ed6df05483da", "size": 18021, "path": "media/metadata/boxes2D/BoundingBoxDebugger_299_4a9045c9092a8b7510aa.boxes2D.json"}}, {"predictions": {"_type": "boxes2D", "sha256": "37d57b4491383bd16a2f67c1982e082d23212070551be6f6a88cb8cf46181df8", "size": 24196, "path": "media/metadata/boxes2D/BoundingBoxDebugger_299_37d57b4491383bd16a2f.boxes2D.json"}}, {"predictions": {"_type": "boxes2D", "sha256": "757c9ce8e82fac272f1f4519a9f4ed0bd1cc7af41a19b24b78e536f4a0936b9b", "size": 32326, "path": "media/metadata/boxes2D/BoundingBoxDebugger_299_757c9ce8e82fac272f1f.boxes2D.json"}}, {"predictions": {"_type": "boxes2D", "sha256": "3c2761a164ea0353fb91dd5c332d2d86eea16fefc804999d568d10ef4e1002d2", "size": 28758, "path": "media/metadata/boxes2D/BoundingBoxDebugger_299_3c2761a164ea0353fb91.boxes2D.json"}}, {"predictions": {"_type": "boxes2D", "sha256": "b8233d1d83d5c3a641c472251536d10611d474e4a2e038e1eb879371419386df", "size": 13666, "path": "media/metadata/boxes2D/BoundingBoxDebugger_299_b8233d1d83d5c3a641c4.boxes2D.json"}}, {"predictions": {"_type": "boxes2D", "sha256": "133a234f188b9fe5cea603cbfdab3382b039f442c382224edf9d1cbee0a9f5ec", "size": 21149, "path": "media/metadata/boxes2D/BoundingBoxDebugger_299_133a234f188b9fe5cea6.boxes2D.json"}}]}, "Validation": {"_type": "images/separated", "width": 2048, "height": 1180, "format": "jpg", "count": 4, "filenames": ["media/images/Validation_300_efe46ca1b778da62da1f.jpg", "media/images/Validation_300_1572c9ae63a847dd4e90.jpg", "media/images/Validation_300_a350f580adda42ffd899.jpg", "media/images/Validation_300_4719dc9da8c6d54400fb.jpg"], "captions": ["val_batch0_labels.jpg", "val_batch0_pred.jpg", "val_batch1_labels.jpg", "val_batch1_pred.jpg"]}, "Results": {"_type": "images/separated", "width": 2400, "height": 1200, "format": "png", "count": 6, "filenames": ["media/images/Results_300_823459b5c158893615f9.png", "media/images/Results_300_41f45f8b7da6705fc398.png", "media/images/Results_300_89a3fc309bf6bbb12f4c.png", "media/images/Results_300_571b53a2669e36850113.png", "media/images/Results_300_930ef4e9e81bd8e99e48.png", "media/images/Results_300_345948461930780ea465.png"], "captions": ["results.png", "confusion_matrix.png", "F1_curve.png", "PR_curve.png", "P_curve.png", "R_curve.png"]}, "_wandb": {"runtime": 7551}}