{"box_data": [{"position": {"minX": 519.430908203125, "minY": 293.6582336425781, "maxX": 684.569091796875, "maxY": 490.3417663574219}, "class_id": 0, "box_caption": "rec 0.039", "scores": {"class_score": 0.0391845703125}, "domain": "pixel"}, {"position": {"minX": 473.7413330078125, "minY": 328.0845947265625, "maxX": 633.2586669921875, "maxY": 518.9154052734375}, "class_id": 0, "box_caption": "rec 0.026", "scores": {"class_score": 0.026336669921875}, "domain": "pixel"}, {"position": {"minX": 558.9989013671875, "minY": 294.15057373046875, "maxX": 773.0010986328125, "maxY": 487.84942626953125}, "class_id": 0, "box_caption": "rec 0.014", "scores": {"class_score": 0.01427459716796875}, "domain": "pixel"}], "class_labels": {"0": "rec", "1": "none"}}