{"box_data": [{"position": {"minX": 377.5, "minY": 125.125, "maxX": 616.5, "maxY": 484.375}, "class_id": 0, "box_caption": "rec 0.059", "scores": {"class_score": 0.058929443359375}, "domain": "pixel"}, {"position": {"minX": 403.7716064453125, "minY": 179.71942138671875, "maxX": 641.2283935546875, "maxY": 413.78057861328125}, "class_id": 0, "box_caption": "rec 0.030", "scores": {"class_score": 0.0297088623046875}, "domain": "pixel"}, {"position": {"minX": 337.64825439453125, "minY": 177.916259765625, "maxX": 577.3517456054688, "maxY": 416.583740234375}, "class_id": 0, "box_caption": "rec 0.012", "scores": {"class_score": 0.01239013671875}, "domain": "pixel"}, {"position": {"minX": 707.2247314453125, "minY": 254.72071838378906, "maxX": 1119.7752685546875, "maxY": 612.779296875}, "class_id": 0, "box_caption": "rec 0.011", "scores": {"class_score": 0.0113525390625}, "domain": "pixel"}], "class_labels": {"0": "rec", "1": "none"}}