{"box_data": [{"position": {"minX": 347.49591064453125, "minY": 217.611572265625, "maxX": 516.0040893554688, "maxY": 580.388427734375}, "class_id": 0, "box_caption": "rec 0.091", "scores": {"class_score": 0.0911865234375}, "domain": "pixel"}, {"position": {"minX": 388.00457763671875, "minY": 203.54443359375, "maxX": 559.4954223632812, "maxY": 386.45556640625}, "class_id": 0, "box_caption": "rec 0.024", "scores": {"class_score": 0.023651123046875}, "domain": "pixel"}, {"position": {"minX": 269.560546875, "minY": 315.36834716796875, "maxX": 465.939453125, "maxY": 678.6316528320312}, "class_id": 0, "box_caption": "rec 0.021", "scores": {"class_score": 0.020721435546875}, "domain": "pixel"}], "class_labels": {"0": "rec", "1": "none"}}