{"box_data": [{"position": {"minX": 353.125, "minY": 62.125, "maxX": 698.875, "maxY": 421.875}, "class_id": 0, "box_caption": "rec 0.055", "scores": {"class_score": 0.054656982421875}, "domain": "pixel"}, {"position": {"minX": 416.7509765625, "minY": 110.22720336914062, "maxX": 657.2490234375, "maxY": 354.2728271484375}, "class_id": 0, "box_caption": "rec 0.011", "scores": {"class_score": 0.01139068603515625}, "domain": "pixel"}], "class_labels": {"0": "rec", "1": "none"}}