{"box_data": [{"position": {"minX": 596.0726318359375, "minY": 223.1512451171875, "maxX": 853.9273681640625, "maxY": 502.3487548828125}, "class_id": 0, "box_caption": "rec 0.042", "scores": {"class_score": 0.041961669921875}, "domain": "pixel"}, {"position": {"minX": 517.9442749023438, "minY": 176.2705078125, "maxX": 774.0557250976562, "maxY": 451.7294921875}, "class_id": 0, "box_caption": "rec 0.024", "scores": {"class_score": 0.0238189697265625}, "domain": "pixel"}], "class_labels": {"0": "rec", "1": "none"}}