{"box_data": [{"position": {"minX": 512.8125, "minY": 219.75, "maxX": 738.1875, "maxY": 579.75}, "class_id": 0, "box_caption": "rec 0.055", "scores": {"class_score": 0.05517578125}, "domain": "pixel"}, {"position": {"minX": 524.0322265625, "minY": 282.30718994140625, "maxX": 738.9677734375, "maxY": 470.19281005859375}, "class_id": 0, "box_caption": "rec 0.052", "scores": {"class_score": 0.052337646484375}, "domain": "pixel"}, {"position": {"minX": 468.564208984375, "minY": 317.87274169921875, "maxX": 602.435791015625, "maxY": 500.12725830078125}, "class_id": 0, "box_caption": "rec 0.037", "scores": {"class_score": 0.036712646484375}, "domain": "pixel"}, {"position": {"minX": 318.752685546875, "minY": 244.13584899902344, "maxX": 744.247314453125, "maxY": 621.8641357421875}, "class_id": 0, "box_caption": "rec 0.011", "scores": {"class_score": 0.01140594482421875}, "domain": "pixel"}], "class_labels": {"0": "rec", "1": "none"}}