{"box_data": [{"position": {"minX": 575.875, "minY": 187.0, "maxX": 923.125, "maxY": 547.0}, "class_id": 0, "box_caption": "rec 0.087", "scores": {"class_score": 0.08721923828125}, "domain": "pixel"}, {"position": {"minX": 600.1368408203125, "minY": 221.81292724609375, "maxX": 852.8631591796875, "maxY": 497.18707275390625}, "class_id": 0, "box_caption": "rec 0.031", "scores": {"class_score": 0.031494140625}, "domain": "pixel"}, {"position": {"minX": 521.183837890625, "minY": 177.2230224609375, "maxX": 772.816162109375, "maxY": 446.2769775390625}, "class_id": 0, "box_caption": "rec 0.013", "scores": {"class_score": 0.01270294189453125}, "domain": "pixel"}], "class_labels": {"0": "rec", "1": "none"}}