{"box_data": [{"position": {"minX": 440.05145263671875, "minY": 322.93731689453125, "maxX": 602.9485473632812, "maxY": 523.0626831054688}, "class_id": 0, "box_caption": "rec 0.013", "scores": {"class_score": 0.01296234130859375}, "domain": "pixel"}, {"position": {"minX": 490.30755615234375, "minY": 307.9842224121094, "maxX": 709.6924438476562, "maxY": 505.5157775878906}, "class_id": 0, "box_caption": "rec 0.010", "scores": {"class_score": 0.0102691650390625}, "domain": "pixel"}], "class_labels": {"0": "rec", "1": "none"}}