{"box_data": [{"position": {"minX": 422.5057373046875, "minY": 196.86703491210938, "maxX": 586.9942626953125, "maxY": 393.1329650878906}, "class_id": 0, "box_caption": "rec 0.023", "scores": {"class_score": 0.022705078125}, "domain": "pixel"}, {"position": {"minX": 486.2886962890625, "minY": 245.85629272460938, "maxX": 651.7113037109375, "maxY": 441.6437072753906}, "class_id": 0, "box_caption": "rec 0.015", "scores": {"class_score": 0.0147705078125}, "domain": "pixel"}, {"position": {"minX": 512.6632690429688, "minY": 280.0050048828125, "maxX": 723.3367309570312, "maxY": 470.9949951171875}, "class_id": 0, "box_caption": "rec 0.012", "scores": {"class_score": 0.01226806640625}, "domain": "pixel"}, {"position": {"minX": 372.6806640625, "minY": 165.42330932617188, "maxX": 538.8193359375, "maxY": 360.0766906738281}, "class_id": 0, "box_caption": "rec 0.012", "scores": {"class_score": 0.01153564453125}, "domain": "pixel"}], "class_labels": {"0": "rec", "1": "none"}}