{"box_data": [{"position": {"minX": 412.0, "minY": 28.25, "maxX": 702.0, "maxY": 388.25}, "class_id": 0, "box_caption": "rec 0.062", "scores": {"class_score": 0.061737060546875}, "domain": "pixel"}, {"position": {"minX": 412.451171875, "minY": 93.52313995361328, "maxX": 657.548828125, "maxY": 335.47686767578125}, "class_id": 0, "box_caption": "rec 0.011", "scores": {"class_score": 0.01050567626953125}, "domain": "pixel"}], "class_labels": {"0": "rec", "1": "none"}}