{"box_data": [{"position": {"minX": 379.5, "minY": 125.0, "maxX": 795.5, "maxY": 485.0}, "class_id": 0, "box_caption": "rec 0.060", "scores": {"class_score": 0.0599365234375}, "domain": "pixel"}, {"position": {"minX": 537.7501220703125, "minY": 90.25006103515625, "maxX": 1030.2498779296875, "maxY": 582.7499389648438}, "class_id": 0, "box_caption": "rec 0.013", "scores": {"class_score": 0.013427734375}, "domain": "pixel"}, {"position": {"minX": 140.34564208984375, "minY": -3.95465087890625, "maxX": 655.6543579101562, "maxY": 486.45465087890625}, "class_id": 0, "box_caption": "rec 0.012", "scores": {"class_score": 0.012359619140625}, "domain": "pixel"}], "class_labels": {"0": "rec", "1": "none"}}