{"box_data": [{"position": {"minX": 417.625, "minY": 124.75, "maxX": 758.375, "maxY": 484.75}, "class_id": 0, "box_caption": "rec 0.056", "scores": {"class_score": 0.056304931640625}, "domain": "pixel"}, {"position": {"minX": 254.875, "minY": 124.75, "maxX": 603.125, "maxY": 484.75}, "class_id": 0, "box_caption": "rec 0.021", "scores": {"class_score": 0.020843505859375}, "domain": "pixel"}, {"position": {"minX": 570.6746826171875, "minY": 123.17469787597656, "maxX": 997.3253173828125, "maxY": 549.8253173828125}, "class_id": 0, "box_caption": "rec 0.012", "scores": {"class_score": 0.01195526123046875}, "domain": "pixel"}], "class_labels": {"0": "rec", "1": "none"}}