{"box_data": [{"position": {"minX": 402.5, "minY": 126.125, "maxX": 717.5, "maxY": 485.875}, "class_id": 0, "box_caption": "rec 0.064", "scores": {"class_score": 0.06402587890625}, "domain": "pixel"}, {"position": {"minX": 449.6824951171875, "minY": 176.2113037109375, "maxX": 690.3175048828125, "maxY": 416.7886962890625}, "class_id": 0, "box_caption": "rec 0.024", "scores": {"class_score": 0.02374267578125}, "domain": "pixel"}], "class_labels": {"0": "rec", "1": "none"}}