{"box_data": [{"position": {"minX": 428.9349365234375, "minY": 78.74966430664062, "maxX": 621.0650634765625, "maxY": 257.2503356933594}, "class_id": 0, "box_caption": "rec 0.016", "scores": {"class_score": 0.0162811279296875}, "domain": "pixel"}, {"position": {"minX": -8.449966430664062, "minY": 47.950836181640625, "maxX": 101.19996643066406, "maxY": 162.92416381835938}, "class_id": 0, "box_caption": "rec 0.011", "scores": {"class_score": 0.01107025146484375}, "domain": "pixel"}, {"position": {"minX": 146.63165283203125, "minY": 120.42815399169922, "maxX": 296.86834716796875, "maxY": 306.57183837890625}, "class_id": 0, "box_caption": "rec 0.011", "scores": {"class_score": 0.01061248779296875}, "domain": "pixel"}], "class_labels": {"0": "rec", "1": "none"}}