{"box_data": [{"position": {"minX": 342.75830078125, "minY": 283.5689697265625, "maxX": 587.74169921875, "maxY": 646.9310302734375}, "class_id": 0, "box_caption": "rec 0.052", "scores": {"class_score": 0.051788330078125}, "domain": "pixel"}, {"position": {"minX": 354.45648193359375, "minY": 337.77301025390625, "maxX": 594.5435180664062, "maxY": 577.2269897460938}, "class_id": 0, "box_caption": "rec 0.031", "scores": {"class_score": 0.03057861328125}, "domain": "pixel"}, {"position": {"minX": 238.625, "minY": 319.25, "maxX": 497.375, "maxY": 677.75}, "class_id": 0, "box_caption": "rec 0.020", "scores": {"class_score": 0.0202484130859375}, "domain": "pixel"}], "class_labels": {"0": "rec", "1": "none"}}