{"box_data": [{"position": {"minX": 375.75, "minY": 124.0, "maxX": 619.25, "maxY": 484.0}, "class_id": 0, "box_caption": "rec 0.059", "scores": {"class_score": 0.058837890625}, "domain": "pixel"}, {"position": {"minX": 422.2840576171875, "minY": 187.56011962890625, "maxX": 616.7159423828125, "maxY": 404.93988037109375}, "class_id": 0, "box_caption": "rec 0.043", "scores": {"class_score": 0.042724609375}, "domain": "pixel"}, {"position": {"minX": 383.75244140625, "minY": 189.29312133789062, "maxX": 526.7476196289062, "maxY": 371.7068786621094}, "class_id": 0, "box_caption": "rec 0.018", "scores": {"class_score": 0.0175323486328125}, "domain": "pixel"}], "class_labels": {"0": "rec", "1": "none"}}