{"box_data": [{"position": {"minX": 277.4039306640625, "minY": -5.648193359375, "maxX": 831.5960693359375, "maxY": 550.148193359375}, "class_id": 0, "box_caption": "rec 0.063", "scores": {"class_score": 0.06329345703125}, "domain": "pixel"}, {"position": {"minX": 530.25, "minY": 59.75, "maxX": 903.75, "maxY": 419.75}, "class_id": 0, "box_caption": "rec 0.035", "scores": {"class_score": 0.035247802734375}, "domain": "pixel"}, {"position": {"minX": 138.099853515625, "minY": 27.660400390625, "maxX": 656.400146484375, "maxY": 519.339599609375}, "class_id": 0, "box_caption": "rec 0.015", "scores": {"class_score": 0.01512908935546875}, "domain": "pixel"}, {"position": {"minX": 632.107666015625, "minY": 125.43304443359375, "maxX": 886.892333984375, "maxY": 401.56695556640625}, "class_id": 0, "box_caption": "rec 0.011", "scores": {"class_score": 0.01103973388671875}, "domain": "pixel"}], "class_labels": {"0": "rec", "1": "none"}}