{"box_data": [{"position": {"minX": 484.5625, "minY": 123.0, "maxX": 697.4375, "maxY": 483.0}, "class_id": 0, "box_caption": "rec 0.088", "scores": {"class_score": 0.08831787109375}, "domain": "pixel"}, {"position": {"minX": 523.880615234375, "minY": 203.1744384765625, "maxX": 709.119384765625, "maxY": 386.3255615234375}, "class_id": 0, "box_caption": "rec 0.034", "scores": {"class_score": 0.03448486328125}, "domain": "pixel"}, {"position": {"minX": 595.125, "minY": 91.25, "maxX": 781.875, "maxY": 451.25}, "class_id": 0, "box_caption": "rec 0.022", "scores": {"class_score": 0.0222320556640625}, "domain": "pixel"}, {"position": {"minX": 640.8175048828125, "minY": 171.7431640625, "maxX": 818.1824951171875, "maxY": 354.7568359375}, "class_id": 0, "box_caption": "rec 0.014", "scores": {"class_score": 0.01446533203125}, "domain": "pixel"}], "class_labels": {"0": "rec", "1": "none"}}