{"box_data": [{"position": {"minX": 532.3632202148438, "minY": 271.2742919921875, "maxX": 789.6367797851562, "maxY": 549.2257080078125}, "class_id": 0, "box_caption": "rec 0.038", "scores": {"class_score": 0.038330078125}, "domain": "pixel"}, {"position": {"minX": 519.612548828125, "minY": 395.2747802734375, "maxX": 742.387451171875, "maxY": 582.7252197265625}, "class_id": 0, "box_caption": "rec 0.013", "scores": {"class_score": 0.01337432861328125}, "domain": "pixel"}, {"position": {"minX": 598.7371826171875, "minY": 252.04656982421875, "maxX": 820.2628173828125, "maxY": 439.45343017578125}, "class_id": 0, "box_caption": "rec 0.013", "scores": {"class_score": 0.0128173828125}, "domain": "pixel"}], "class_labels": {"0": "rec", "1": "none"}}