{"box_data": [{"position": {"minX": 376.5, "minY": 92.25, "maxX": 734.5, "maxY": 452.25}, "class_id": 0, "box_caption": "rec 0.061", "scores": {"class_score": 0.060943603515625}, "domain": "pixel"}, {"position": {"minX": 533.125, "minY": 60.5, "maxX": 836.875, "maxY": 420.5}, "class_id": 0, "box_caption": "rec 0.036", "scores": {"class_score": 0.035858154296875}, "domain": "pixel"}, {"position": {"minX": 225.125, "minY": 93.25, "maxX": 569.375, "maxY": 453.25}, "class_id": 0, "box_caption": "rec 0.016", "scores": {"class_score": 0.0160980224609375}, "domain": "pixel"}, {"position": {"minX": 668.8180541992188, "minY": 171.43206787109375, "maxX": 853.1819458007812, "maxY": 354.56793212890625}, "class_id": 0, "box_caption": "rec 0.012", "scores": {"class_score": 0.01202392578125}, "domain": "pixel"}], "class_labels": {"0": "rec", "1": "none"}}