{"box_data": [{"position": {"minX": 483.96697998046875, "minY": 158.67466735839844, "maxX": 742.0330200195312, "maxY": 438.3253173828125}, "class_id": 0, "box_caption": "rec 0.042", "scores": {"class_score": 0.04241943359375}, "domain": "pixel"}, {"position": {"minX": 599.657470703125, "minY": 130.04989624023438, "maxX": 854.342529296875, "maxY": 402.4501037597656}, "class_id": 0, "box_caption": "rec 0.020", "scores": {"class_score": 0.019622802734375}, "domain": "pixel"}, {"position": {"minX": 405.8140869140625, "minY": 192.8135223388672, "maxX": 661.1859130859375, "maxY": 466.68646240234375}, "class_id": 0, "box_caption": "rec 0.011", "scores": {"class_score": 0.010772705078125}, "domain": "pixel"}], "class_labels": {"0": "rec", "1": "none"}}