{"box_data": [{"position": {"minX": 357.875, "minY": 252.25, "maxX": 690.125, "maxY": 612.25}, "class_id": 0, "box_caption": "rec 0.073", "scores": {"class_score": 0.07257080078125}, "domain": "pixel"}, {"position": {"minX": 492.625, "minY": 221.25, "maxX": 816.375, "maxY": 581.25}, "class_id": 0, "box_caption": "rec 0.017", "scores": {"class_score": 0.01702880859375}, "domain": "pixel"}, {"position": {"minX": 314.3792724609375, "minY": 92.87921142578125, "maxX": 742.6207275390625, "maxY": 521.1207885742188}, "class_id": 0, "box_caption": "rec 0.012", "scores": {"class_score": 0.0120849609375}, "domain": "pixel"}], "class_labels": {"0": "rec", "1": "none"}}