{"box_data": [{"position": {"minX": 361.49853515625, "minY": 85.80059814453125, "maxX": 823.50146484375, "maxY": 526.1994018554688}, "class_id": 0, "box_caption": "rec 0.074", "scores": {"class_score": 0.07391357421875}, "domain": "pixel"}, {"position": {"minX": 497.744140625, "minY": 175.8125, "maxX": 739.255859375, "maxY": 418.1875}, "class_id": 0, "box_caption": "rec 0.031", "scores": {"class_score": 0.0313720703125}, "domain": "pixel"}, {"position": {"minX": 601.125, "minY": 92.75, "maxX": 840.875, "maxY": 451.75}, "class_id": 0, "box_caption": "rec 0.022", "scores": {"class_score": 0.02166748046875}, "domain": "pixel"}, {"position": {"minX": 621.2411499023438, "minY": 154.12701416015625, "maxX": 840.7588500976562, "maxY": 375.87298583984375}, "class_id": 0, "box_caption": "rec 0.015", "scores": {"class_score": 0.01526641845703125}, "domain": "pixel"}], "class_labels": {"0": "rec", "1": "none"}}