{"box_data": [{"position": {"minX": 340.62713623046875, "minY": 282.152587890625, "maxX": 590.3728637695312, "maxY": 646.347412109375}, "class_id": 0, "box_caption": "rec 0.051", "scores": {"class_score": 0.05078125}, "domain": "pixel"}, {"position": {"minX": 403.8768310546875, "minY": 365.8607177734375, "maxX": 539.1231689453125, "maxY": 548.1392822265625}, "class_id": 0, "box_caption": "rec 0.041", "scores": {"class_score": 0.040557861328125}, "domain": "pixel"}, {"position": {"minX": 183.81077575683594, "minY": 312.42413330078125, "maxX": 486.189208984375, "maxY": 682.0758666992188}, "class_id": 0, "box_caption": "rec 0.013", "scores": {"class_score": 0.012969970703125}, "domain": "pixel"}, {"position": {"minX": 247.41763305664062, "minY": 395.26495361328125, "maxX": 441.0823669433594, "maxY": 613.2350463867188}, "class_id": 0, "box_caption": "rec 0.010", "scores": {"class_score": 0.0103607177734375}, "domain": "pixel"}], "class_labels": {"0": "rec", "1": "none"}}