{"box_data": [{"position": {"minX": 340.1641845703125, "minY": 142.06137084960938, "maxX": 598.3358154296875, "maxY": 421.9386291503906}, "class_id": 0, "box_caption": "rec 0.034", "scores": {"class_score": 0.033782958984375}, "domain": "pixel"}, {"position": {"minX": 665.2158813476562, "minY": 389.64190673828125, "maxX": 916.7841186523438, "maxY": 655.3580932617188}, "class_id": 0, "box_caption": "rec 0.013", "scores": {"class_score": 0.01306915283203125}, "domain": "pixel"}], "class_labels": {"0": "rec", "1": "none"}}