{"box_data": [{"position": {"minX": 473.8160400390625, "minY": 219.61810302734375, "maxX": 713.1839599609375, "maxY": 583.3818969726562}, "class_id": 0, "box_caption": "rec 0.055", "scores": {"class_score": 0.054962158203125}, "domain": "pixel"}, {"position": {"minX": 516.46337890625, "minY": 259.8626403808594, "maxX": 753.53662109375, "maxY": 493.1373596191406}, "class_id": 0, "box_caption": "rec 0.038", "scores": {"class_score": 0.037841796875}, "domain": "pixel"}, {"position": {"minX": 418.8400573730469, "minY": 290.55950927734375, "maxX": 658.159912109375, "maxY": 528.4404907226562}, "class_id": 0, "box_caption": "rec 0.030", "scores": {"class_score": 0.030059814453125}, "domain": "pixel"}], "class_labels": {"0": "rec", "1": "none"}}