{"box_data": [{"position": {"minX": 373.088623046875, "minY": 160.04391479492188, "maxX": 629.411376953125, "maxY": 435.9560852050781}, "class_id": 0, "box_caption": "rec 0.023", "scores": {"class_score": 0.0225830078125}, "domain": "pixel"}, {"position": {"minX": 439.31591796875, "minY": 210.6397705078125, "maxX": 693.68408203125, "maxY": 482.3602294921875}, "class_id": 0, "box_caption": "rec 0.015", "scores": {"class_score": 0.014678955078125}, "domain": "pixel"}, {"position": {"minX": 583.4725952148438, "minY": -46.84661865234375, "maxX": 838.5274047851562, "maxY": 226.34661865234375}, "class_id": 0, "box_caption": "rec 0.012", "scores": {"class_score": 0.01158905029296875}, "domain": "pixel"}], "class_labels": {"0": "rec", "1": "none"}}