{"box_data": [{"position": {"minX": 370.75, "minY": 94.625, "maxX": 744.25, "maxY": 454.375}, "class_id": 0, "box_caption": "rec 0.054", "scores": {"class_score": 0.05413818359375}, "domain": "pixel"}, {"position": {"minX": 558.25, "minY": 62.125, "maxX": 879.75, "maxY": 421.875}, "class_id": 0, "box_caption": "rec 0.036", "scores": {"class_score": 0.036102294921875}, "domain": "pixel"}, {"position": {"minX": 644.530517578125, "minY": 146.72393798828125, "maxX": 881.469482421875, "maxY": 382.77606201171875}, "class_id": 0, "box_caption": "rec 0.013", "scores": {"class_score": 0.01345062255859375}, "domain": "pixel"}, {"position": {"minX": 146.7459716796875, "minY": 22.2799072265625, "maxX": 651.7540283203125, "maxY": 527.2200927734375}, "class_id": 0, "box_caption": "rec 0.012", "scores": {"class_score": 0.01200103759765625}, "domain": "pixel"}], "class_labels": {"0": "rec", "1": "none"}}