{"box_data": [{"position": {"minX": 443.6875, "minY": 123.5, "maxX": 674.3125, "maxY": 483.5}, "class_id": 0, "box_caption": "rec 0.075", "scores": {"class_score": 0.0753173828125}, "domain": "pixel"}, {"position": {"minX": 477.8178405761719, "minY": 203.208251953125, "maxX": 659.18212890625, "maxY": 386.291748046875}, "class_id": 0, "box_caption": "rec 0.026", "scores": {"class_score": 0.0255279541015625}, "domain": "pixel"}], "class_labels": {"0": "rec", "1": "none"}}