{"box_data": [{"position": {"minX": 443.2772216796875, "minY": 173.1986083984375, "maxX": 642.7227783203125, "maxY": 409.8013916015625}, "class_id": 0, "box_caption": "rec 0.018", "scores": {"class_score": 0.017608642578125}, "domain": "pixel"}, {"position": {"minX": 463.76995849609375, "minY": 259.1932067871094, "maxX": 657.2300415039062, "maxY": 486.8067932128906}, "class_id": 0, "box_caption": "rec 0.011", "scores": {"class_score": 0.01093292236328125}, "domain": "pixel"}], "class_labels": {"0": "rec", "1": "none"}}