{"box_data": [{"position": {"minX": 460.72613525390625, "minY": 156.370849609375, "maxX": 916.2738647460938, "maxY": 584.629150390625}, "class_id": 0, "box_caption": "rec 0.070", "scores": {"class_score": 0.06964111328125}, "domain": "pixel"}, {"position": {"minX": 482.76123046875, "minY": 284.2330322265625, "maxX": 766.23876953125, "maxY": 648.2669677734375}, "class_id": 0, "box_caption": "rec 0.034", "scores": {"class_score": 0.0338134765625}, "domain": "pixel"}, {"position": {"minX": 545.3262939453125, "minY": 287.98101806640625, "maxX": 786.6737060546875, "maxY": 530.0189819335938}, "class_id": 0, "box_caption": "rec 0.029", "scores": {"class_score": 0.0289154052734375}, "domain": "pixel"}, {"position": {"minX": 622.9126586914062, "minY": 267.483642578125, "maxX": 805.0873413085938, "maxY": 453.516357421875}, "class_id": 0, "box_caption": "rec 0.010", "scores": {"class_score": 0.01026153564453125}, "domain": "pixel"}], "class_labels": {"0": "rec", "1": "none"}}