{"box_data": [{"position": {"minX": 210.25, "minY": 221.5, "maxX": 586.75, "maxY": 581.5}, "class_id": 0, "box_caption": "rec 0.089", "scores": {"class_score": 0.0885009765625}, "domain": "pixel"}, {"position": {"minX": 316.5654296875, "minY": 300.98748779296875, "maxX": 465.9345703125, "maxY": 483.51251220703125}, "class_id": 0, "box_caption": "rec 0.025", "scores": {"class_score": 0.025115966796875}, "domain": "pixel"}, {"position": {"minX": 321.0, "minY": 316.5, "maxX": 673.0, "maxY": 676.5}, "class_id": 0, "box_caption": "rec 0.025", "scores": {"class_score": 0.0247955322265625}, "domain": "pixel"}, {"position": {"minX": 112.0, "minY": 125.0, "maxX": 430.5, "maxY": 485.0}, "class_id": 0, "box_caption": "rec 0.023", "scores": {"class_score": 0.0231170654296875}, "domain": "pixel"}], "class_labels": {"0": "rec", "1": "none"}}