{"box_data": [{"position": {"minX": 590.5, "minY": 187.75, "maxX": 783.5, "maxY": 547.75}, "class_id": 0, "box_caption": "rec 0.086", "scores": {"class_score": 0.0858154296875}, "domain": "pixel"}, {"position": {"minX": 524.8107299804688, "minY": 282.60089111328125, "maxX": 723.1892700195312, "maxY": 645.8991088867188}, "class_id": 0, "box_caption": "rec 0.029", "scores": {"class_score": 0.029144287109375}, "domain": "pixel"}, {"position": {"minX": 555.505615234375, "minY": 299.6766357421875, "maxX": 740.494384765625, "maxY": 482.8233642578125}, "class_id": 0, "box_caption": "rec 0.010", "scores": {"class_score": 0.01021575927734375}, "domain": "pixel"}], "class_labels": {"0": "rec", "1": "none"}}