{"box_data": [{"position": {"minX": 731.0386962890625, "minY": 143.26699829101562, "maxX": 929.9613037109375, "maxY": 377.2330017089844}, "class_id": 0, "box_caption": "rec 0.018", "scores": {"class_score": 0.017822265625}, "domain": "pixel"}, {"position": {"minX": 668.8720703125, "minY": 210.821044921875, "maxX": 933.1279296875, "maxY": 471.178955078125}, "class_id": 0, "box_caption": "rec 0.010", "scores": {"class_score": 0.01031494140625}, "domain": "pixel"}, {"position": {"minX": 783.14208984375, "minY": 99.02593994140625, "maxX": 976.85791015625, "maxY": 323.22406005859375}, "class_id": 0, "box_caption": "rec 0.010", "scores": {"class_score": 0.0100860595703125}, "domain": "pixel"}], "class_labels": {"0": "rec", "1": "none"}}