{"box_data": [{"position": {"minX": 388.5650634765625, "minY": 178.40444946289062, "maxX": 557.9349365234375, "maxY": 380.5955505371094}, "class_id": 0, "box_caption": "rec 0.034", "scores": {"class_score": 0.03436279296875}, "domain": "pixel"}, {"position": {"minX": 727.959716796875, "minY": 408.67156982421875, "maxX": 891.040283203125, "maxY": 597.3284301757812}, "class_id": 0, "box_caption": "rec 0.012", "scores": {"class_score": 0.01218414306640625}, "domain": "pixel"}, {"position": {"minX": 452.181884765625, "minY": 183.03652954101562, "maxX": 619.818115234375, "maxY": 373.9634704589844}, "class_id": 0, "box_caption": "rec 0.011", "scores": {"class_score": 0.0106353759765625}, "domain": "pixel"}, {"position": {"minX": 859.7347412109375, "minY": -59.21665954589844, "maxX": 1049.2652587890625, "maxY": 108.71665954589844}, "class_id": 0, "box_caption": "rec 0.010", "scores": {"class_score": 0.01026153564453125}, "domain": "pixel"}], "class_labels": {"0": "rec", "1": "none"}}