{"box_data": [{"position": {"minX": 342.5, "minY": 61.125, "maxX": 710.5, "maxY": 421.125}, "class_id": 0, "box_caption": "rec 0.060", "scores": {"class_score": 0.0599365234375}, "domain": "pixel"}, {"position": {"minX": 454.1287841796875, "minY": 140.01324462890625, "maxX": 614.8712158203125, "maxY": 322.73675537109375}, "class_id": 0, "box_caption": "rec 0.015", "scores": {"class_score": 0.0152587890625}, "domain": "pixel"}], "class_labels": {"0": "rec", "1": "none"}}