{"box_data": [{"position": {"minX": 570.1475830078125, "minY": 217.39222717285156, "maxX": 677.8524169921875, "maxY": 579.1077880859375}, "class_id": 0, "box_caption": "rec 0.058", "scores": {"class_score": 0.05828857421875}, "domain": "pixel"}, {"position": {"minX": 504.14788818359375, "minY": 218.10731506347656, "maxX": 615.8521118164062, "maxY": 579.8927001953125}, "class_id": 0, "box_caption": "rec 0.047", "scores": {"class_score": 0.0474853515625}, "domain": "pixel"}, {"position": {"minX": 515.1920776367188, "minY": 300.0433349609375, "maxX": 686.8079223632812, "maxY": 482.9566650390625}, "class_id": 0, "box_caption": "rec 0.035", "scores": {"class_score": 0.035003662109375}, "domain": "pixel"}, {"position": {"minX": 451.8170166015625, "minY": 316.30426025390625, "maxX": 622.1829833984375, "maxY": 499.19573974609375}, "class_id": 0, "box_caption": "rec 0.029", "scores": {"class_score": 0.029327392578125}, "domain": "pixel"}], "class_labels": {"0": "rec", "1": "none"}}