{"box_data": [{"position": {"minX": 343.0644226074219, "minY": 291.68994140625, "maxX": 509.4355773925781, "maxY": 491.81005859375}, "class_id": 0, "box_caption": "rec 0.042", "scores": {"class_score": 0.04241943359375}, "domain": "pixel"}, {"position": {"minX": 394.396484375, "minY": 200.8634033203125, "maxX": 554.603515625, "maxY": 389.1365966796875}, "class_id": 0, "box_caption": "rec 0.025", "scores": {"class_score": 0.025482177734375}, "domain": "pixel"}, {"position": {"minX": 329.8143615722656, "minY": 360.34576416015625, "maxX": 487.1856384277344, "maxY": 550.6542358398438}, "class_id": 0, "box_caption": "rec 0.014", "scores": {"class_score": 0.0143890380859375}, "domain": "pixel"}], "class_labels": {"0": "rec", "1": "none"}}