{"box_data": [{"position": {"minX": 316.625, "minY": 252.25, "maxX": 730.375, "maxY": 612.25}, "class_id": 0, "box_caption": "rec 0.080", "scores": {"class_score": 0.07958984375}, "domain": "pixel"}, {"position": {"minX": 432.9879150390625, "minY": 158.05364990234375, "maxX": 940.0120849609375, "maxY": 644.9463500976562}, "class_id": 0, "box_caption": "rec 0.014", "scores": {"class_score": 0.01432037353515625}, "domain": "pixel"}], "class_labels": {"0": "rec", "1": "none"}}