{"box_data": [{"position": {"minX": 243.0, "minY": 219.5, "maxX": 550.0, "maxY": 579.5}, "class_id": 0, "box_caption": "rec 0.101", "scores": {"class_score": 0.10052490234375}, "domain": "pixel"}, {"position": {"minX": 175.6875, "minY": 154.5, "maxX": 427.8125, "maxY": 514.5}, "class_id": 0, "box_caption": "rec 0.028", "scores": {"class_score": 0.028472900390625}, "domain": "pixel"}, {"position": {"minX": 349.375, "minY": 315.5, "maxX": 640.625, "maxY": 675.5}, "class_id": 0, "box_caption": "rec 0.027", "scores": {"class_score": 0.026763916015625}, "domain": "pixel"}, {"position": {"minX": 299.1932067871094, "minY": 299.66680908203125, "maxX": 485.3067932128906, "maxY": 482.83319091796875}, "class_id": 0, "box_caption": "rec 0.019", "scores": {"class_score": 0.0186614990234375}, "domain": "pixel"}], "class_labels": {"0": "rec", "1": "none"}}