{"box_data": [{"position": {"minX": 417.125, "minY": 122.75, "maxX": 763.875, "maxY": 482.75}, "class_id": 0, "box_caption": "rec 0.109", "scores": {"class_score": 0.1092529296875}, "domain": "pixel"}, {"position": {"minX": 487.3309326171875, "minY": 155.4144287109375, "maxX": 741.6690673828125, "maxY": 434.5855712890625}, "class_id": 0, "box_caption": "rec 0.034", "scores": {"class_score": 0.034423828125}, "domain": "pixel"}, {"position": {"minX": 492.6348876953125, "minY": 42.63482666015625, "maxX": 948.3651123046875, "maxY": 498.36517333984375}, "class_id": 0, "box_caption": "rec 0.015", "scores": {"class_score": 0.01519775390625}, "domain": "pixel"}, {"position": {"minX": 601.54833984375, "minY": 127.54562377929688, "maxX": 854.45166015625, "maxY": 399.4543762207031}, "class_id": 0, "box_caption": "rec 0.014", "scores": {"class_score": 0.014251708984375}, "domain": "pixel"}], "class_labels": {"0": "rec", "1": "none"}}