{"box_data": [{"position": {"minX": 502.81396484375, "minY": 216.22564697265625, "maxX": 744.18603515625, "maxY": 580.2743530273438}, "class_id": 0, "box_caption": "rec 0.072", "scores": {"class_score": 0.07244873046875}, "domain": "pixel"}, {"position": {"minX": 409.327880859375, "minY": 272.6737060546875, "maxX": 661.672119140625, "maxY": 543.3262939453125}, "class_id": 0, "box_caption": "rec 0.032", "scores": {"class_score": 0.03173828125}, "domain": "pixel"}, {"position": {"minX": 550.5507202148438, "minY": 297.4876708984375, "maxX": 775.4492797851562, "maxY": 485.0123291015625}, "class_id": 0, "box_caption": "rec 0.010", "scores": {"class_score": 0.010223388671875}, "domain": "pixel"}], "class_labels": {"0": "rec", "1": "none"}}