{"box_data": [{"position": {"minX": 193.375, "minY": 219.25, "maxX": 598.125, "maxY": 579.25}, "class_id": 0, "box_caption": "rec 0.120", "scores": {"class_score": 0.12017822265625}, "domain": "pixel"}, {"position": {"minX": 20.348403930664062, "minY": 54.59840393066406, "maxX": 518.151611328125, "maxY": 552.401611328125}, "class_id": 0, "box_caption": "rec 0.030", "scores": {"class_score": 0.0302581787109375}, "domain": "pixel"}, {"position": {"minX": 300.875, "minY": 316.0, "maxX": 688.125, "maxY": 676.0}, "class_id": 0, "box_caption": "rec 0.027", "scores": {"class_score": 0.0274505615234375}, "domain": "pixel"}, {"position": {"minX": 262.74755859375, "minY": 252.062744140625, "maxX": 518.75244140625, "maxY": 530.937255859375}, "class_id": 0, "box_caption": "rec 0.017", "scores": {"class_score": 0.016693115234375}, "domain": "pixel"}], "class_labels": {"0": "rec", "1": "none"}}