{"box_data": [{"position": {"minX": 582.8355102539062, "minY": 309.37078857421875, "maxX": 747.1644897460938, "maxY": 505.12921142578125}, "class_id": 0, "box_caption": "rec 0.033", "scores": {"class_score": 0.032806396484375}, "domain": "pixel"}, {"position": {"minX": 634.9058837890625, "minY": 265.1550598144531, "maxX": 792.0941162109375, "maxY": 452.8449401855469}, "class_id": 0, "box_caption": "rec 0.015", "scores": {"class_score": 0.01535797119140625}, "domain": "pixel"}, {"position": {"minX": 546.724365234375, "minY": 368.56689453125, "maxX": 719.275634765625, "maxY": 573.43310546875}, "class_id": 0, "box_caption": "rec 0.015", "scores": {"class_score": 0.01529693603515625}, "domain": "pixel"}], "class_labels": {"0": "rec", "1": "none"}}