{"box_data": [{"position": {"minX": 345.375, "minY": 254.875, "maxX": 706.625, "maxY": 614.625}, "class_id": 0, "box_caption": "rec 0.064", "scores": {"class_score": 0.06365966796875}, "domain": "pixel"}, {"position": {"minX": 803.4312744140625, "minY": 254.9713134765625, "maxX": 1217.5687255859375, "maxY": 615.0286865234375}, "class_id": 0, "box_caption": "rec 0.013", "scores": {"class_score": 0.0130615234375}, "domain": "pixel"}, {"position": {"minX": 437.90936279296875, "minY": 152.00502014160156, "maxX": 939.0906372070312, "maxY": 652.9949951171875}, "class_id": 0, "box_caption": "rec 0.012", "scores": {"class_score": 0.01206207275390625}, "domain": "pixel"}, {"position": {"minX": 74.0439453125, "minY": 277.6553955078125, "maxX": 535.4560546875, "maxY": 718.8446044921875}, "class_id": 0, "box_caption": "rec 0.011", "scores": {"class_score": 0.01090240478515625}, "domain": "pixel"}], "class_labels": {"0": "rec", "1": "none"}}