{"box_data": [{"position": {"minX": 439.52117919921875, "minY": 198.83602905273438, "maxX": 604.4788208007812, "maxY": 391.1639709472656}, "class_id": 0, "box_caption": "rec 0.035", "scores": {"class_score": 0.034637451171875}, "domain": "pixel"}, {"position": {"minX": 378.94525146484375, "minY": 185.632568359375, "maxX": 535.0547485351562, "maxY": 373.867431640625}, "class_id": 0, "box_caption": "rec 0.020", "scores": {"class_score": 0.0195465087890625}, "domain": "pixel"}, {"position": {"minX": 505.8125, "minY": 214.7491455078125, "maxX": 666.1875, "maxY": 406.2508544921875}, "class_id": 0, "box_caption": "rec 0.011", "scores": {"class_score": 0.01148223876953125}, "domain": "pixel"}], "class_labels": {"0": "rec", "1": "none"}}