{"box_data": [{"position": {"minX": 643.9375, "minY": 187.5, "maxX": 856.0625, "maxY": 547.5}, "class_id": 0, "box_caption": "rec 0.071", "scores": {"class_score": 0.07135009765625}, "domain": "pixel"}, {"position": {"minX": 570.375, "minY": 154.5, "maxX": 738.625, "maxY": 514.5}, "class_id": 0, "box_caption": "rec 0.027", "scores": {"class_score": 0.0269012451171875}, "domain": "pixel"}, {"position": {"minX": 620.94287109375, "minY": 267.95172119140625, "maxX": 803.05712890625, "maxY": 451.04827880859375}, "class_id": 0, "box_caption": "rec 0.017", "scores": {"class_score": 0.01739501953125}, "domain": "pixel"}, {"position": {"minX": 683.630615234375, "minY": 299.4288024902344, "maxX": 868.369384765625, "maxY": 482.5711975097656}, "class_id": 0, "box_caption": "rec 0.012", "scores": {"class_score": 0.01220703125}, "domain": "pixel"}], "class_labels": {"0": "rec", "1": "none"}}