{"box_data": [{"position": {"minX": 500.86322021484375, "minY": 239.02430725097656, "maxX": 758.1367797851562, "maxY": 516.9757080078125}, "class_id": 0, "box_caption": "rec 0.048", "scores": {"class_score": 0.04754638671875}, "domain": "pixel"}, {"position": {"minX": 404.86322021484375, "minY": 271.5242919921875, "maxX": 662.1367797851562, "maxY": 549.4757080078125}, "class_id": 0, "box_caption": "rec 0.037", "scores": {"class_score": 0.03704833984375}, "domain": "pixel"}], "class_labels": {"0": "rec", "1": "none"}}