{"box_data": [{"position": {"minX": 434.27374267578125, "minY": 121.2591552734375, "maxX": 557.2262573242188, "maxY": 483.2408447265625}, "class_id": 0, "box_caption": "rec 0.062", "scores": {"class_score": 0.06182861328125}, "domain": "pixel"}, {"position": {"minX": 347.9087219238281, "minY": 94.65872192382812, "maxX": 708.09130859375, "maxY": 454.8412780761719}, "class_id": 0, "box_caption": "rec 0.016", "scores": {"class_score": 0.0156097412109375}, "domain": "pixel"}, {"position": {"minX": 368.0050048828125, "minY": 187.99642944335938, "maxX": 544.9949951171875, "maxY": 371.0035705566406}, "class_id": 0, "box_caption": "rec 0.015", "scores": {"class_score": 0.01464080810546875}, "domain": "pixel"}], "class_labels": {"0": "rec", "1": "none"}}