{"box_data": [{"position": {"minX": 534.6654052734375, "minY": 196.02285766601562, "maxX": 700.3345947265625, "maxY": 394.9771423339844}, "class_id": 0, "box_caption": "rec 0.038", "scores": {"class_score": 0.038330078125}, "domain": "pixel"}, {"position": {"minX": 648.5892333984375, "minY": 166.74356079101562, "maxX": 811.4107666015625, "maxY": 360.2564392089844}, "class_id": 0, "box_caption": "rec 0.018", "scores": {"class_score": 0.0179290771484375}, "domain": "pixel"}, {"position": {"minX": 471.06500244140625, "minY": 212.95858764648438, "maxX": 632.9349975585938, "maxY": 409.0414123535156}, "class_id": 0, "box_caption": "rec 0.017", "scores": {"class_score": 0.017120361328125}, "domain": "pixel"}], "class_labels": {"0": "rec", "1": "none"}}