{"box_data": [{"position": {"minX": 292.58489990234375, "minY": 254.8914337158203, "maxX": 550.9151000976562, "maxY": 535.1085815429688}, "class_id": 0, "box_caption": "rec 0.048", "scores": {"class_score": 0.048065185546875}, "domain": "pixel"}, {"position": {"minX": 343.36688232421875, "minY": 161.17681884765625, "maxX": 598.6331176757812, "maxY": 434.82318115234375}, "class_id": 0, "box_caption": "rec 0.028", "scores": {"class_score": 0.0284881591796875}, "domain": "pixel"}], "class_labels": {"0": "rec", "1": "none"}}