{"box_data": [{"position": {"minX": 332.625, "minY": 254.0, "maxX": 719.375, "maxY": 614.0}, "class_id": 0, "box_caption": "rec 0.069", "scores": {"class_score": 0.0694580078125}, "domain": "pixel"}, {"position": {"minX": 500.125, "minY": 222.0, "maxX": 873.875, "maxY": 582.0}, "class_id": 0, "box_caption": "rec 0.017", "scores": {"class_score": 0.01715087890625}, "domain": "pixel"}, {"position": {"minX": 133.94757080078125, "minY": 311.99798583984375, "maxX": 475.05242919921875, "maxY": 683.0020141601562}, "class_id": 0, "box_caption": "rec 0.011", "scores": {"class_score": 0.01105499267578125}, "domain": "pixel"}, {"position": {"minX": 436.34564208984375, "minY": 330.74322509765625, "maxX": 603.6543579101562, "maxY": 516.2567749023438}, "class_id": 0, "box_caption": "rec 0.010", "scores": {"class_score": 0.0104522705078125}, "domain": "pixel"}], "class_labels": {"0": "rec", "1": "none"}}