{"box_data": [{"position": {"minX": 311.21905517578125, "minY": 292.9205627441406, "maxX": 474.28094482421875, "maxY": 490.0794372558594}, "class_id": 0, "box_caption": "rec 0.022", "scores": {"class_score": 0.0222625732421875}, "domain": "pixel"}, {"position": {"minX": 329.27886962890625, "minY": 323.1529541015625, "maxX": 552.2210693359375, "maxY": 522.8470458984375}, "class_id": 0, "box_caption": "rec 0.010", "scores": {"class_score": 0.01035308837890625}, "domain": "pixel"}], "class_labels": {"0": "rec", "1": "none"}}