{"box_data": [{"position": {"minX": 671.1940307617188, "minY": 241.70379638671875, "maxX": 899.8059692382812, "maxY": 474.29620361328125}, "class_id": 0, "box_caption": "rec 0.012", "scores": {"class_score": 0.01235198974609375}, "domain": "pixel"}, {"position": {"minX": 861.033935546875, "minY": 238.13955688476562, "maxX": 1024.966064453125, "maxY": 406.8604431152344}, "class_id": 0, "box_caption": "rec 0.010", "scores": {"class_score": 0.01010894775390625}, "domain": "pixel"}], "class_labels": {"0": "rec", "1": "none"}}