{"box_data": [{"position": {"minX": 366.0653076171875, "minY": 119.82293701171875, "maxX": 624.9346923828125, "maxY": 484.17706298828125}, "class_id": 0, "box_caption": "rec 0.075", "scores": {"class_score": 0.07513427734375}, "domain": "pixel"}, {"position": {"minX": 409.0821533203125, "minY": 176.49464416503906, "maxX": 660.9178466796875, "maxY": 446.00537109375}, "class_id": 0, "box_caption": "rec 0.015", "scores": {"class_score": 0.0153961181640625}, "domain": "pixel"}, {"position": {"minX": 327.99322509765625, "minY": 143.1104736328125, "maxX": 581.5067749023438, "maxY": 416.3895263671875}, "class_id": 0, "box_caption": "rec 0.015", "scores": {"class_score": 0.01515960693359375}, "domain": "pixel"}], "class_labels": {"0": "rec", "1": "none"}}