{"box_data": [{"position": {"minX": 393.375, "minY": 125.25, "maxX": 727.625, "maxY": 485.25}, "class_id": 0, "box_caption": "rec 0.069", "scores": {"class_score": 0.06866455078125}, "domain": "pixel"}, {"position": {"minX": 495.12750244140625, "minY": 204.53659057617188, "maxX": 638.8724975585938, "maxY": 386.9634094238281}, "class_id": 0, "box_caption": "rec 0.033", "scores": {"class_score": 0.03253173828125}, "domain": "pixel"}, {"position": {"minX": 536.94091796875, "minY": 235.9285888671875, "maxX": 693.05908203125, "maxY": 418.5714111328125}, "class_id": 0, "box_caption": "rec 0.017", "scores": {"class_score": 0.0172576904296875}, "domain": "pixel"}], "class_labels": {"0": "rec", "1": "none"}}