{"box_data": [{"position": {"minX": 485.23455810546875, "minY": 195.26980590820312, "maxX": 652.7654418945312, "maxY": 394.2301940917969}, "class_id": 0, "box_caption": "rec 0.029", "scores": {"class_score": 0.0291748046875}, "domain": "pixel"}, {"position": {"minX": 530.60498046875, "minY": 241.16073608398438, "maxX": 701.39501953125, "maxY": 443.8392639160156}, "class_id": 0, "box_caption": "rec 0.012", "scores": {"class_score": 0.0120849609375}, "domain": "pixel"}], "class_labels": {"0": "rec", "1": "none"}}