{"box_data": [{"position": {"minX": 380.875, "minY": 123.25, "maxX": 736.125, "maxY": 483.25}, "class_id": 0, "box_caption": "rec 0.093", "scores": {"class_score": 0.093017578125}, "domain": "pixel"}, {"position": {"minX": 439.3026123046875, "minY": 156.24789428710938, "maxX": 694.6973876953125, "maxY": 433.7521057128906}, "class_id": 0, "box_caption": "rec 0.026", "scores": {"class_score": 0.0259246826171875}, "domain": "pixel"}], "class_labels": {"0": "rec", "1": "none"}}