{"box_data": [{"position": {"minX": 319.875, "minY": 91.75, "maxX": 669.625, "maxY": 451.75}, "class_id": 0, "box_caption": "rec 0.107", "scores": {"class_score": 0.10650634765625}, "domain": "pixel"}, {"position": {"minX": 601.6746826171875, "minY": 281.92474365234375, "maxX": 1028.3253173828125, "maxY": 708.5752563476562}, "class_id": 0, "box_caption": "rec 0.028", "scores": {"class_score": 0.02825927734375}, "domain": "pixel"}, {"position": {"minX": 342.90423583984375, "minY": 139.5870361328125, "maxX": 597.0957641601562, "maxY": 418.4129638671875}, "class_id": 0, "box_caption": "rec 0.028", "scores": {"class_score": 0.027862548828125}, "domain": "pixel"}, {"position": {"minX": 659.8782958984375, "minY": 395.05926513671875, "maxX": 924.1217041015625, "maxY": 645.9407348632812}, "class_id": 0, "box_caption": "rec 0.017", "scores": {"class_score": 0.0170135498046875}, "domain": "pixel"}], "class_labels": {"0": "rec", "1": "none"}}