{"box_data": [{"position": {"minX": 337.37738037109375, "minY": 280.1220703125, "maxX": 590.6226196289062, "maxY": 644.3779296875}, "class_id": 0, "box_caption": "rec 0.061", "scores": {"class_score": 0.061279296875}, "domain": "pixel"}, {"position": {"minX": 96.0130615234375, "minY": 258.0130615234375, "maxX": 573.4869384765625, "maxY": 735.4869384765625}, "class_id": 0, "box_caption": "rec 0.012", "scores": {"class_score": 0.012176513671875}, "domain": "pixel"}], "class_labels": {"0": "rec", "1": "none"}}