{"box_data": [{"position": {"minX": 274.13201904296875, "minY": 215.8397216796875, "maxX": 588.3679809570312, "maxY": 581.1602783203125}, "class_id": 0, "box_caption": "rec 0.121", "scores": {"class_score": 0.12060546875}, "domain": "pixel"}, {"position": {"minX": 296.46588134765625, "minY": 254.16021728515625, "maxX": 549.5341186523438, "maxY": 530.3397827148438}, "class_id": 0, "box_caption": "rec 0.049", "scores": {"class_score": 0.048980712890625}, "domain": "pixel"}, {"position": {"minX": 345.87451171875, "minY": 159.4669189453125, "maxX": 598.62548828125, "maxY": 431.0330810546875}, "class_id": 0, "box_caption": "rec 0.027", "scores": {"class_score": 0.0265045166015625}, "domain": "pixel"}], "class_labels": {"0": "rec", "1": "none"}}