{"box_data": [{"position": {"minX": 401.74261474609375, "minY": 281.4912109375, "maxX": 526.7573852539062, "maxY": 643.5087890625}, "class_id": 0, "box_caption": "rec 0.052", "scores": {"class_score": 0.05181884765625}, "domain": "pixel"}, {"position": {"minX": 290.01837158203125, "minY": 354.01837158203125, "maxX": 633.9816284179688, "maxY": 697.9816284179688}, "class_id": 0, "box_caption": "rec 0.019", "scores": {"class_score": 0.0191802978515625}, "domain": "pixel"}, {"position": {"minX": 317.0439453125, "minY": 254.7938995361328, "maxX": 673.9560546875, "maxY": 611.7061157226562}, "class_id": 0, "box_caption": "rec 0.018", "scores": {"class_score": 0.0180511474609375}, "domain": "pixel"}, {"position": {"minX": 132.15003967285156, "minY": 294.6500244140625, "maxX": 536.3499755859375, "maxY": 698.8499755859375}, "class_id": 0, "box_caption": "rec 0.012", "scores": {"class_score": 0.01216888427734375}, "domain": "pixel"}], "class_labels": {"0": "rec", "1": "none"}}