{"box_data": [{"position": {"minX": 405.361328125, "minY": 142.44808959960938, "maxX": 663.638671875, "maxY": 422.5519104003906}, "class_id": 0, "box_caption": "rec 0.039", "scores": {"class_score": 0.0394287109375}, "domain": "pixel"}, {"position": {"minX": 437.283935546875, "minY": 222.85440063476562, "maxX": 694.716064453125, "maxY": 501.1455993652344}, "class_id": 0, "box_caption": "rec 0.035", "scores": {"class_score": 0.035003662109375}, "domain": "pixel"}], "class_labels": {"0": "rec", "1": "none"}}