{"box_data": [{"position": {"minX": 646.272705078125, "minY": 276.0321960449219, "maxX": 811.727294921875, "maxY": 475.4678039550781}, "class_id": 0, "box_caption": "rec 0.037", "scores": {"class_score": 0.037139892578125}, "domain": "pixel"}, {"position": {"minX": 568.1129760742188, "minY": 213.64443969726562, "maxX": 729.8870239257812, "maxY": 408.3555603027344}, "class_id": 0, "box_caption": "rec 0.022", "scores": {"class_score": 0.0224456787109375}, "domain": "pixel"}, {"position": {"minX": 710.0321044921875, "minY": 306.5855712890625, "maxX": 876.9678955078125, "maxY": 507.9144287109375}, "class_id": 0, "box_caption": "rec 0.012", "scores": {"class_score": 0.011810302734375}, "domain": "pixel"}], "class_labels": {"0": "rec", "1": "none"}}