{"box_data": [{"position": {"minX": 519.875, "minY": 187.25, "maxX": 854.125, "maxY": 547.25}, "class_id": 0, "box_caption": "rec 0.112", "scores": {"class_score": 0.1119384765625}, "domain": "pixel"}, {"position": {"minX": 536.2705078125, "minY": 268.45001220703125, "maxX": 789.7294921875, "maxY": 545.5499877929688}, "class_id": 0, "box_caption": "rec 0.029", "scores": {"class_score": 0.0294952392578125}, "domain": "pixel"}, {"position": {"minX": 387.768310546875, "minY": 260.01824951171875, "maxX": 859.231689453125, "maxY": 731.4817504882812}, "class_id": 0, "box_caption": "rec 0.016", "scores": {"class_score": 0.01561737060546875}, "domain": "pixel"}], "class_labels": {"0": "rec", "1": "none"}}