{"box_data": [{"position": {"minX": 358.0, "minY": 93.75, "maxX": 757.0, "maxY": 453.75}, "class_id": 0, "box_caption": "rec 0.061", "scores": {"class_score": 0.060699462890625}, "domain": "pixel"}, {"position": {"minX": 591.875, "minY": 92.5, "maxX": 911.125, "maxY": 452.5}, "class_id": 0, "box_caption": "rec 0.035", "scores": {"class_score": 0.0347900390625}, "domain": "pixel"}, {"position": {"minX": 662.9991455078125, "minY": 155.67391967773438, "maxX": 857.0008544921875, "maxY": 371.8260803222656}, "class_id": 0, "box_caption": "rec 0.017", "scores": {"class_score": 0.0167388916015625}, "domain": "pixel"}, {"position": {"minX": 210.0, "minY": 63.0, "maxX": 588.0, "maxY": 423.0}, "class_id": 0, "box_caption": "rec 0.015", "scores": {"class_score": 0.0148162841796875}, "domain": "pixel"}], "class_labels": {"0": "rec", "1": "none"}}