{"box_data": [{"position": {"minX": 408.625, "minY": 127.125, "maxX": 771.375, "maxY": 486.875}, "class_id": 0, "box_caption": "rec 0.051", "scores": {"class_score": 0.0513916015625}, "domain": "pixel"}, {"position": {"minX": 175.01654052734375, "minY": 50.18939208984375, "maxX": 686.9834594726562, "maxY": 562.3106079101562}, "class_id": 0, "box_caption": "rec 0.017", "scores": {"class_score": 0.017333984375}, "domain": "pixel"}, {"position": {"minX": 638.75, "minY": 158.5, "maxX": 931.25, "maxY": 517.0}, "class_id": 0, "box_caption": "rec 0.016", "scores": {"class_score": 0.0159149169921875}, "domain": "pixel"}], "class_labels": {"0": "rec", "1": "none"}}