{"box_data": [{"position": {"minX": 422.446533203125, "minY": 68.56671142578125, "maxX": 998.553466796875, "maxY": 654.9332275390625}, "class_id": 0, "box_caption": "rec 0.261", "scores": {"class_score": 0.26123046875}, "domain": "pixel"}, {"position": {"minX": 579.1103515625, "minY": 227.43231201171875, "maxX": 879.8896484375, "maxY": 531.5676879882812}, "class_id": 0, "box_caption": "rec 0.219", "scores": {"class_score": 0.2186279296875}, "domain": "pixel"}, {"position": {"minX": 651.2596435546875, "minY": 287.46612548828125, "maxX": 811.7403564453125, "maxY": 442.03387451171875}, "class_id": 0, "box_caption": "rec 0.012", "scores": {"class_score": 0.011962890625}, "domain": "pixel"}], "class_labels": {"0": "rec", "1": "none"}}