{"box_data": [{"position": {"minX": 141.48291015625, "minY": 106.21295166015625, "maxX": 702.51708984375, "maxY": 692.7869873046875}, "class_id": 0, "box_caption": "rec 0.434", "scores": {"class_score": 0.43408203125}, "domain": "pixel"}, {"position": {"minX": 25.6605224609375, "minY": 44.5770263671875, "maxX": 817.3394775390625, "maxY": 722.9229736328125}, "class_id": 0, "box_caption": "rec 0.117", "scores": {"class_score": 0.11737060546875}, "domain": "pixel"}, {"position": {"minX": 273.3031005859375, "minY": 254.78118896484375, "maxX": 564.6968994140625, "maxY": 561.2188110351562}, "class_id": 0, "box_caption": "rec 0.069", "scores": {"class_score": 0.06903076171875}, "domain": "pixel"}, {"position": {"minX": 196.68780517578125, "minY": 188.82427978515625, "maxX": 680.3121948242188, "maxY": 595.6757202148438}, "class_id": 0, "box_caption": "rec 0.011", "scores": {"class_score": 0.011322021484375}, "domain": "pixel"}], "class_labels": {"0": "rec", "1": "none"}}