{"box_data": [{"position": {"minX": 357.8939208984375, "minY": 204.72845458984375, "maxX": 828.1060791015625, "maxY": 572.7715454101562}, "class_id": 0, "box_caption": "rec 0.257", "scores": {"class_score": 0.2568359375}, "domain": "pixel"}, {"position": {"minX": 471.9346008300781, "minY": 298.977294921875, "maxX": 726.0654296875, "maxY": 487.522705078125}, "class_id": 0, "box_caption": "rec 0.110", "scores": {"class_score": 0.110107421875}, "domain": "pixel"}, {"position": {"minX": 529.207275390625, "minY": 348.85516357421875, "maxX": 662.792724609375, "maxY": 443.14483642578125}, "class_id": 0, "box_caption": "rec 0.067", "scores": {"class_score": 0.06732177734375}, "domain": "pixel"}], "class_labels": {"0": "rec", "1": "none"}}