{"box_data": [{"position": {"minX": 175.36126708984375, "minY": 13.4095458984375, "maxX": 743.1387329101562, "maxY": 526.0904541015625}, "class_id": 0, "box_caption": "rec 0.855", "scores": {"class_score": 0.85546875}, "domain": "pixel"}, {"position": {"minX": -445.4533386230469, "minY": -620.654541015625, "maxX": 1437.453369140625, "maxY": 1162.654541015625}, "class_id": 0, "box_caption": "rec 0.127", "scores": {"class_score": 0.12744140625}, "domain": "pixel"}, {"position": {"minX": 328.9962158203125, "minY": 154.55743408203125, "maxX": 617.0038452148438, "maxY": 395.94256591796875}, "class_id": 0, "box_caption": "rec 0.033", "scores": {"class_score": 0.03302001953125}, "domain": "pixel"}], "class_labels": {"0": "rec", "1": "none"}}