{"box_data": [{"position": {"minX": 232.15127563476562, "minY": 38.40203857421875, "maxX": 810.8487548828125, "maxY": 574.0979614257812}, "class_id": 0, "box_caption": "rec 0.484", "scores": {"class_score": 0.484375}, "domain": "pixel"}, {"position": {"minX": 373.104736328125, "minY": 174.678466796875, "maxX": 662.895263671875, "maxY": 419.321533203125}, "class_id": 0, "box_caption": "rec 0.370", "scores": {"class_score": 0.3701171875}, "domain": "pixel"}], "class_labels": {"0": "rec", "1": "none"}}