{"box_data": [{"position": {"minX": 207.196533203125, "minY": 7.81671142578125, "maxX": 783.303466796875, "maxY": 594.1832275390625}, "class_id": 0, "box_caption": "rec 0.578", "scores": {"class_score": 0.57763671875}, "domain": "pixel"}, {"position": {"minX": 736.377197265625, "minY": 117.73699951171875, "maxX": 1042.622802734375, "maxY": 412.26300048828125}, "class_id": 0, "box_caption": "rec 0.014", "scores": {"class_score": 0.01392364501953125}, "domain": "pixel"}], "class_labels": {"0": "rec", "1": "none"}}