{"box_data": [{"position": {"minX": 187.87255859375, "minY": 40.52503967285156, "maxX": 733.12744140625, "maxY": 514.4749755859375}, "class_id": 0, "box_caption": "rec 0.614", "scores": {"class_score": 0.6142578125}, "domain": "pixel"}, {"position": {"minX": 327.98291015625, "minY": 156.54013061523438, "maxX": 624.01708984375, "maxY": 413.4598693847656}, "class_id": 0, "box_caption": "rec 0.076", "scores": {"class_score": 0.0755615234375}, "domain": "pixel"}, {"position": {"minX": -448.4671936035156, "minY": -594.365478515625, "maxX": 1373.4671630859375, "maxY": 1106.865478515625}, "class_id": 0, "box_caption": "rec 0.025", "scores": {"class_score": 0.025177001953125}, "domain": "pixel"}], "class_labels": {"0": "rec", "1": "none"}}