{"box_data": [{"position": {"minX": 290.8974609375, "minY": 245.604736328125, "maxX": 773.1025390625, "maxY": 629.395263671875}, "class_id": 0, "box_caption": "rec 0.092", "scores": {"class_score": 0.092041015625}, "domain": "pixel"}, {"position": {"minX": -257.1005859375, "minY": -250.1490478515625, "maxX": 1301.1005859375, "maxY": 1130.1490478515625}, "class_id": 0, "box_caption": "rec 0.026", "scores": {"class_score": 0.0256195068359375}, "domain": "pixel"}, {"position": {"minX": -0.02313995361328125, "minY": 453.95196533203125, "maxX": 100.96063995361328, "maxY": 592.0480346679688}, "class_id": 0, "box_caption": "rec 0.013", "scores": {"class_score": 0.01302337646484375}, "domain": "pixel"}, {"position": {"minX": -48.71185302734375, "minY": 391.02392578125, "maxX": 148.14935302734375, "maxY": 650.97607421875}, "class_id": 0, "box_caption": "rec 0.013", "scores": {"class_score": 0.0127716064453125}, "domain": "pixel"}], "class_labels": {"0": "rec", "1": "none"}}