{"box_data": [{"position": {"minX": 150.47271728515625, "minY": 146.5179443359375, "maxX": 645.5272827148438, "maxY": 678.9820556640625}, "class_id": 0, "box_caption": "rec 0.557", "scores": {"class_score": 0.55712890625}, "domain": "pixel"}, {"position": {"minX": 102.6326904296875, "minY": 116.06622314453125, "maxX": 682.3673095703125, "maxY": 700.9337158203125}, "class_id": 0, "box_caption": "rec 0.445", "scores": {"class_score": 0.444580078125}, "domain": "pixel"}, {"position": {"minX": -584.1134033203125, "minY": -580.7528076171875, "maxX": 1387.1134033203125, "maxY": 1399.7528076171875}, "class_id": 0, "box_caption": "rec 0.063", "scores": {"class_score": 0.06268310546875}, "domain": "pixel"}], "class_labels": {"0": "rec", "1": "none"}}