{"box_data": [{"position": {"minX": 557.5662841796875, "minY": -50.2423095703125, "maxX": 1142.4337158203125, "maxY": 529.4923095703125}, "class_id": 0, "box_caption": "rec 0.259", "scores": {"class_score": 0.259033203125}, "domain": "pixel"}, {"position": {"minX": 701.9950561523438, "minY": 117.27114868164062, "maxX": 1008.0049438476562, "maxY": 413.2288513183594}, "class_id": 0, "box_caption": "rec 0.236", "scores": {"class_score": 0.23583984375}, "domain": "pixel"}, {"position": {"minX": -186.5592041015625, "minY": -712.35009765625, "maxX": 1783.5592041015625, "maxY": 1211.60009765625}, "class_id": 0, "box_caption": "rec 0.024", "scores": {"class_score": 0.0242767333984375}, "domain": "pixel"}, {"position": {"minX": 759.5629272460938, "minY": 185.56930541992188, "maxX": 917.4370727539062, "maxY": 344.4306945800781}, "class_id": 0, "box_caption": "rec 0.011", "scores": {"class_score": 0.011199951171875}, "domain": "pixel"}], "class_labels": {"0": "rec", "1": "none"}}