{"box_data": [{"position": {"minX": 311.955810546875, "minY": 68.48544311523438, "maxX": 811.044189453125, "maxY": 475.0145568847656}, "class_id": 0, "box_caption": "rec 0.067", "scores": {"class_score": 0.06689453125}, "domain": "pixel"}, {"position": {"minX": -151.1250762939453, "minY": 136.24993896484375, "maxX": 208.8750762939453, "maxY": 600.2500610351562}, "class_id": 0, "box_caption": "rec 0.015", "scores": {"class_score": 0.01467132568359375}, "domain": "pixel"}, {"position": {"minX": -252.898193359375, "minY": -445.0545654296875, "maxX": 1386.898193359375, "maxY": 1031.0545654296875}, "class_id": 0, "box_caption": "rec 0.012", "scores": {"class_score": 0.01204681396484375}, "domain": "pixel"}], "class_labels": {"0": "rec", "1": "none"}}