{"box_data": [{"position": {"minX": 291.9100341796875, "minY": 10.11737060546875, "maxX": 843.0899658203125, "maxY": 594.3826293945312}, "class_id": 0, "box_caption": "rec 0.434", "scores": {"class_score": 0.43408203125}, "domain": "pixel"}, {"position": {"minX": -403.2471923828125, "minY": -681.6513671875, "maxX": 1493.2470703125, "maxY": 1274.6513671875}, "class_id": 0, "box_caption": "rec 0.026", "scores": {"class_score": 0.025665283203125}, "domain": "pixel"}, {"position": {"minX": 421.484375, "minY": 141.23733520507812, "maxX": 707.515625, "maxY": 447.2626647949219}, "class_id": 0, "box_caption": "rec 0.014", "scores": {"class_score": 0.01363372802734375}, "domain": "pixel"}], "class_labels": {"0": "rec", "1": "none"}}