{"box_data": [{"position": {"minX": 130.23291015625, "minY": 109.21295166015625, "maxX": 691.26708984375, "maxY": 695.7869873046875}, "class_id": 0, "box_caption": "rec 0.180", "scores": {"class_score": 0.1795654296875}, "domain": "pixel"}, {"position": {"minX": 270.65283203125, "minY": 254.30328369140625, "maxX": 560.34716796875, "maxY": 560.6967163085938}, "class_id": 0, "box_caption": "rec 0.066", "scores": {"class_score": 0.06634521484375}, "domain": "pixel"}, {"position": {"minX": -565.664306640625, "minY": -588.91552734375, "maxX": 1373.664306640625, "maxY": 1387.41552734375}, "class_id": 0, "box_caption": "rec 0.025", "scores": {"class_score": 0.025421142578125}, "domain": "pixel"}], "class_labels": {"0": "rec", "1": "none"}}