{"box_data": [{"position": {"minX": 235.15127563476562, "minY": -29.59796142578125, "maxX": 813.8487548828125, "maxY": 506.09796142578125}, "class_id": 0, "box_caption": "rec 0.452", "scores": {"class_score": 0.452392578125}, "domain": "pixel"}, {"position": {"minX": -117.36007690429688, "minY": 182.82293701171875, "maxX": 409.6100769042969, "maxY": 757.6770629882812}, "class_id": 0, "box_caption": "rec 0.023", "scores": {"class_score": 0.02276611328125}, "domain": "pixel"}], "class_labels": {"0": "rec", "1": "none"}}