{"box_data": [{"position": {"minX": 369.65606689453125, "minY": 168.5146026611328, "maxX": 672.3439331054688, "maxY": 441.48541259765625}, "class_id": 0, "box_caption": "rec 0.398", "scores": {"class_score": 0.39794921875}, "domain": "pixel"}, {"position": {"minX": 213.15130615234375, "minY": 39.15203857421875, "maxX": 791.8487548828125, "maxY": 574.8479614257812}, "class_id": 0, "box_caption": "rec 0.097", "scores": {"class_score": 0.09686279296875}, "domain": "pixel"}, {"position": {"minX": 434.72467041015625, "minY": 187.0206298828125, "maxX": 615.2753295898438, "maxY": 439.9793701171875}, "class_id": 0, "box_caption": "rec 0.025", "scores": {"class_score": 0.0245208740234375}, "domain": "pixel"}], "class_labels": {"0": "rec", "1": "none"}}