{"box_data": [{"position": {"minX": 268.0682067871094, "minY": -32.95697021484375, "maxX": 844.9317626953125, "maxY": 498.45697021484375}, "class_id": 0, "box_caption": "rec 0.601", "scores": {"class_score": 0.60107421875}, "domain": "pixel"}, {"position": {"minX": -430.1527099609375, "minY": -719.1859130859375, "maxX": 1473.15283203125, "maxY": 1093.1859130859375}, "class_id": 0, "box_caption": "rec 0.065", "scores": {"class_score": 0.06475830078125}, "domain": "pixel"}], "class_labels": {"0": "rec", "1": "none"}}