{"box_data": [{"position": {"minX": 243.06820678710938, "minY": 48.54302978515625, "maxX": 819.9317626953125, "maxY": 579.9569702148438}, "class_id": 0, "box_caption": "rec 0.403", "scores": {"class_score": 0.402587890625}, "domain": "pixel"}, {"position": {"minX": 373.15606689453125, "minY": 170.0146026611328, "maxX": 675.8439331054688, "maxY": 442.98541259765625}, "class_id": 0, "box_caption": "rec 0.092", "scores": {"class_score": 0.092041015625}, "domain": "pixel"}, {"position": {"minX": -406.2744140625, "minY": -632.9075927734375, "maxX": 1523.2744140625, "maxY": 1218.907470703125}, "class_id": 0, "box_caption": "rec 0.024", "scores": {"class_score": 0.0240936279296875}, "domain": "pixel"}], "class_labels": {"0": "rec", "1": "none"}}