{"box_data": [{"position": {"minX": 140.7607421875, "minY": 99.2567138671875, "maxX": 704.7392578125, "maxY": 686.2432861328125}, "class_id": 0, "box_caption": "rec 0.361", "scores": {"class_score": 0.361083984375}, "domain": "pixel"}, {"position": {"minX": 271.82708740234375, "minY": 212.32398986816406, "maxX": 566.1729736328125, "maxY": 579.176025390625}, "class_id": 0, "box_caption": "rec 0.151", "scores": {"class_score": 0.1505126953125}, "domain": "pixel"}, {"position": {"minX": 273.3031005859375, "minY": 254.78118896484375, "maxX": 564.6968994140625, "maxY": 561.2188110351562}, "class_id": 0, "box_caption": "rec 0.058", "scores": {"class_score": 0.05792236328125}, "domain": "pixel"}, {"position": {"minX": -533.4669189453125, "minY": -598.2626953125, "maxX": 1398.467041015625, "maxY": 1375.2626953125}, "class_id": 0, "box_caption": "rec 0.014", "scores": {"class_score": 0.01395416259765625}, "domain": "pixel"}], "class_labels": {"0": "rec", "1": "none"}}