{"box_data": [{"position": {"minX": 280.6153869628906, "minY": 18.58209228515625, "maxX": 824.3846435546875, "maxY": 600.4179077148438}, "class_id": 0, "box_caption": "rec 0.499", "scores": {"class_score": 0.4990234375}, "domain": "pixel"}, {"position": {"minX": 435.0577392578125, "minY": 154.86285400390625, "maxX": 714.9422607421875, "maxY": 459.63714599609375}, "class_id": 0, "box_caption": "rec 0.086", "scores": {"class_score": 0.0863037109375}, "domain": "pixel"}, {"position": {"minX": -388.091552734375, "minY": -683.751708984375, "maxX": 1498.091552734375, "maxY": 1266.751708984375}, "class_id": 0, "box_caption": "rec 0.057", "scores": {"class_score": 0.0574951171875}, "domain": "pixel"}], "class_labels": {"0": "rec", "1": "none"}}