{"box_data": [{"position": {"minX": 96.446533203125, "minY": 105.56671142578125, "maxX": 672.553466796875, "maxY": 691.9332275390625}, "class_id": 0, "box_caption": "rec 0.523", "scores": {"class_score": 0.5234375}, "domain": "pixel"}, {"position": {"minX": -550.74072265625, "minY": -581.513916015625, "maxX": 1412.24072265625, "maxY": 1400.013916015625}, "class_id": 0, "box_caption": "rec 0.020", "scores": {"class_score": 0.0200653076171875}, "domain": "pixel"}], "class_labels": {"0": "rec", "1": "none"}}