{"box_data": [{"position": {"minX": 188.24105834960938, "minY": -165.40382385253906, "maxX": 904.7589111328125, "maxY": 659.40380859375}, "class_id": 0, "box_caption": "rec 0.328", "scores": {"class_score": 0.32763671875}, "domain": "pixel"}, {"position": {"minX": 294.2679443359375, "minY": 27.3232421875, "maxX": 813.7320556640625, "maxY": 462.4267578125}, "class_id": 0, "box_caption": "rec 0.182", "scores": {"class_score": 0.181884765625}, "domain": "pixel"}, {"position": {"minX": -305.2012939453125, "minY": -525.3643798828125, "maxX": 1408.201416015625, "maxY": 1039.3643798828125}, "class_id": 0, "box_caption": "rec 0.051", "scores": {"class_score": 0.0509033203125}, "domain": "pixel"}], "class_labels": {"0": "rec", "1": "none"}}