{"box_data": [{"position": {"minX": 215.10809326171875, "minY": 5.32464599609375, "maxX": 796.3919067382812, "maxY": 589.1753540039062}, "class_id": 0, "box_caption": "rec 0.350", "scores": {"class_score": 0.349609375}, "domain": "pixel"}, {"position": {"minX": -477.951904296875, "minY": -665.1591796875, "maxX": 1489.451904296875, "maxY": 1316.1591796875}, "class_id": 0, "box_caption": "rec 0.053", "scores": {"class_score": 0.053009033203125}, "domain": "pixel"}], "class_labels": {"0": "rec", "1": "none"}}