{"box_data": [{"position": {"minX": 118.946533203125, "minY": 133.3167724609375, "maxX": 695.053466796875, "maxY": 719.6832275390625}, "class_id": 0, "box_caption": "rec 0.088", "scores": {"class_score": 0.08770751953125}, "domain": "pixel"}, {"position": {"minX": -575.99072265625, "minY": -539.763916015625, "maxX": 1386.99072265625, "maxY": 1441.763916015625}, "class_id": 0, "box_caption": "rec 0.014", "scores": {"class_score": 0.0142822265625}, "domain": "pixel"}], "class_labels": {"0": "rec", "1": "none"}}