{"box_data": [{"position": {"minX": 318.31781005859375, "minY": 77.08734130859375, "maxX": 859.6821899414062, "maxY": 544.9126586914062}, "class_id": 0, "box_caption": "rec 0.177", "scores": {"class_score": 0.1766357421875}, "domain": "pixel"}, {"position": {"minX": -296.8306884765625, "minY": -526.3626708984375, "maxX": 1481.8306884765625, "maxY": 1119.3626708984375}, "class_id": 0, "box_caption": "rec 0.024", "scores": {"class_score": 0.02447509765625}, "domain": "pixel"}], "class_labels": {"0": "rec", "1": "none"}}