{"box_data": [{"position": {"minX": 255.11126708984375, "minY": -44.09046936035156, "maxX": 822.8887329101562, "maxY": 468.5904541015625}, "class_id": 0, "box_caption": "rec 0.819", "scores": {"class_score": 0.81884765625}, "domain": "pixel"}, {"position": {"minX": -410.6971435546875, "minY": -712.55712890625, "maxX": 1482.6971435546875, "maxY": 1085.55712890625}, "class_id": 0, "box_caption": "rec 0.134", "scores": {"class_score": 0.134033203125}, "domain": "pixel"}, {"position": {"minX": 388.1916198730469, "minY": 102.45391845703125, "maxX": 686.808349609375, "maxY": 365.04608154296875}, "class_id": 0, "box_caption": "rec 0.023", "scores": {"class_score": 0.023162841796875}, "domain": "pixel"}], "class_labels": {"0": "rec", "1": "none"}}