{"box_data": [{"position": {"minX": 323.37255859375, "minY": 65.27503967285156, "maxX": 868.62744140625, "maxY": 539.2249755859375}, "class_id": 0, "box_caption": "rec 0.060", "scores": {"class_score": 0.059967041015625}, "domain": "pixel"}, {"position": {"minX": -306.0296630859375, "minY": -538.6199951171875, "maxX": 1502.0296630859375, "maxY": 1144.6199951171875}, "class_id": 0, "box_caption": "rec 0.011", "scores": {"class_score": 0.01107025146484375}, "domain": "pixel"}], "class_labels": {"0": "rec", "1": "none"}}