{"box_data": [{"position": {"minX": 250.964111328125, "minY": -39.30181884765625, "maxX": 816.035888671875, "maxY": 468.30181884765625}, "class_id": 0, "box_caption": "rec 0.723", "scores": {"class_score": 0.72265625}, "domain": "pixel"}, {"position": {"minX": -448.7515869140625, "minY": -728.7164306640625, "maxX": 1501.7515869140625, "maxY": 1157.466552734375}, "class_id": 0, "box_caption": "rec 0.153", "scores": {"class_score": 0.153076171875}, "domain": "pixel"}], "class_labels": {"0": "rec", "1": "none"}}