{"box_data": [{"position": {"minX": 227.79544067382812, "minY": -6.69171142578125, "maxX": 855.20458984375, "maxY": 456.69171142578125}, "class_id": 0, "box_caption": "rec 0.469", "scores": {"class_score": 0.46875}, "domain": "pixel"}, {"position": {"minX": -427.818359375, "minY": -721.16357421875, "maxX": 1484.818359375, "maxY": 1104.91357421875}, "class_id": 0, "box_caption": "rec 0.048", "scores": {"class_score": 0.048309326171875}, "domain": "pixel"}], "class_labels": {"0": "rec", "1": "none"}}