{"box_data": [{"position": {"minX": 204.1519775390625, "minY": 176.4012451171875, "maxX": 739.8479614257812, "maxY": 755.0987548828125}, "class_id": 0, "box_caption": "rec 0.538", "scores": {"class_score": 0.5380859375}, "domain": "pixel"}, {"position": {"minX": 328.1678466796875, "minY": 303.414306640625, "maxX": 605.8321533203125, "maxY": 607.585693359375}, "class_id": 0, "box_caption": "rec 0.166", "scores": {"class_score": 0.1656494140625}, "domain": "pixel"}, {"position": {"minX": -471.9076843261719, "minY": -504.0244140625, "maxX": 1379.90771484375, "maxY": 1425.5244140625}, "class_id": 0, "box_caption": "rec 0.049", "scores": {"class_score": 0.049224853515625}, "domain": "pixel"}], "class_labels": {"0": "rec", "1": "none"}}