{"box_data": [{"position": {"minX": 193.37255859375, "minY": 29.775054931640625, "maxX": 738.62744140625, "maxY": 503.7249450683594}, "class_id": 0, "box_caption": "rec 0.343", "scores": {"class_score": 0.34326171875}, "domain": "pixel"}, {"position": {"minX": 325.41033935546875, "minY": 161.42506408691406, "maxX": 609.589599609375, "maxY": 396.074951171875}, "class_id": 0, "box_caption": "rec 0.112", "scores": {"class_score": 0.1124267578125}, "domain": "pixel"}, {"position": {"minX": -433.0296936035156, "minY": -571.3699951171875, "maxX": 1375.0296630859375, "maxY": 1111.8699951171875}, "class_id": 0, "box_caption": "rec 0.030", "scores": {"class_score": 0.03021240234375}, "domain": "pixel"}, {"position": {"minX": -79.5742416381836, "minY": 259.8778076171875, "maxX": 121.3554916381836, "maxY": 522.6221923828125}, "class_id": 0, "box_caption": "rec 0.011", "scores": {"class_score": 0.01142120361328125}, "domain": "pixel"}], "class_labels": {"0": "rec", "1": "none"}}