{"box_data": [{"position": {"minX": 313.8454284667969, "minY": 79.47088623046875, "maxX": 851.154541015625, "maxY": 541.029052734375}, "class_id": 0, "box_caption": "rec 0.137", "scores": {"class_score": 0.1365966796875}, "domain": "pixel"}, {"position": {"minX": -264.0736083984375, "minY": -478.3564758300781, "maxX": 1499.0736083984375, "maxY": 1147.8564453125}, "class_id": 0, "box_caption": "rec 0.013", "scores": {"class_score": 0.0125274658203125}, "domain": "pixel"}], "class_labels": {"0": "rec", "1": "none"}}