{"box_data": [{"position": {"minX": 225.611328125, "minY": -4.5755615234375, "maxX": 797.388671875, "maxY": 582.5755615234375}, "class_id": 0, "box_caption": "rec 0.817", "scores": {"class_score": 0.8173828125}, "domain": "pixel"}, {"position": {"minX": -478.2305908203125, "minY": -657.066650390625, "maxX": 1479.7305908203125, "maxY": 1324.066650390625}, "class_id": 0, "box_caption": "rec 0.156", "scores": {"class_score": 0.1561279296875}, "domain": "pixel"}, {"position": {"minX": 358.98699951171875, "minY": 136.87713623046875, "maxX": 653.5130004882812, "maxY": 443.12286376953125}, "class_id": 0, "box_caption": "rec 0.068", "scores": {"class_score": 0.06829833984375}, "domain": "pixel"}, {"position": {"minX": 742.191650390625, "minY": 36.95391845703125, "maxX": 1040.808349609375, "maxY": 299.54608154296875}, "class_id": 0, "box_caption": "rec 0.022", "scores": {"class_score": 0.022247314453125}, "domain": "pixel"}], "class_labels": {"0": "rec", "1": "none"}}