{"box_data": [{"position": {"minX": 179.5047607421875, "minY": -33.5167236328125, "maxX": 831.4952392578125, "maxY": 619.0167236328125}, "class_id": 0, "box_caption": "rec 0.488", "scores": {"class_score": 0.48828125}, "domain": "pixel"}, {"position": {"minX": -484.9747314453125, "minY": -675.2947998046875, "maxX": 1489.4747314453125, "maxY": 1303.7947998046875}, "class_id": 0, "box_caption": "rec 0.080", "scores": {"class_score": 0.07965087890625}, "domain": "pixel"}], "class_labels": {"0": "rec", "1": "none"}}