{"box_data": [{"position": {"minX": 246.072998046875, "minY": -48.735015869140625, "maxX": 820.927001953125, "maxY": 478.2350158691406}, "class_id": 0, "box_caption": "rec 0.445", "scores": {"class_score": 0.444580078125}, "domain": "pixel"}, {"position": {"minX": -431.192626953125, "minY": -737.2381591796875, "maxX": 1490.192626953125, "maxY": 1101.9881591796875}, "class_id": 0, "box_caption": "rec 0.032", "scores": {"class_score": 0.0318603515625}, "domain": "pixel"}], "class_labels": {"0": "rec", "1": "none"}}