{"box_data": [{"position": {"minX": 323.8454284667969, "minY": 76.47088623046875, "maxX": 861.154541015625, "maxY": 538.029052734375}, "class_id": 0, "box_caption": "rec 0.281", "scores": {"class_score": 0.281494140625}, "domain": "pixel"}, {"position": {"minX": -311.922607421875, "minY": -570.7303466796875, "maxX": 1559.922607421875, "maxY": 1197.2303466796875}, "class_id": 0, "box_caption": "rec 0.029", "scores": {"class_score": 0.0285491943359375}, "domain": "pixel"}], "class_labels": {"0": "rec", "1": "none"}}