{"box_data": [{"position": {"minX": 298.9100341796875, "minY": 32.61737060546875, "maxX": 850.0899658203125, "maxY": 616.8826293945312}, "class_id": 0, "box_caption": "rec 0.426", "scores": {"class_score": 0.42626953125}, "domain": "pixel"}, {"position": {"minX": -401.091552734375, "minY": -645.501708984375, "maxX": 1485.091552734375, "maxY": 1305.001708984375}, "class_id": 0, "box_caption": "rec 0.070", "scores": {"class_score": 0.070068359375}, "domain": "pixel"}, {"position": {"minX": 427.990234375, "minY": 157.60781860351562, "maxX": 710.009765625, "maxY": 462.8921813964844}, "class_id": 0, "box_caption": "rec 0.026", "scores": {"class_score": 0.0256195068359375}, "domain": "pixel"}], "class_labels": {"0": "rec", "1": "none"}}