{"box_data": [{"position": {"minX": 704.6791381835938, "minY": 106.67916870117188, "maxX": 1007.3208618164062, "maxY": 409.3208312988281}, "class_id": 0, "box_caption": "rec 0.623", "scores": {"class_score": 0.62255859375}, "domain": "pixel"}, {"position": {"minX": 540.580078125, "minY": -45.41986083984375, "maxX": 1161.419921875, "maxY": 575.4198608398438}, "class_id": 0, "box_caption": "rec 0.507", "scores": {"class_score": 0.5068359375}, "domain": "pixel"}, {"position": {"minX": 624.99755859375, "minY": 22.16094970703125, "maxX": 1089.00244140625, "maxY": 493.33905029296875}, "class_id": 0, "box_caption": "rec 0.146", "scores": {"class_score": 0.1461181640625}, "domain": "pixel"}, {"position": {"minX": 736.138916015625, "minY": 135.83251953125, "maxX": 975.861083984375, "maxY": 379.16748046875}, "class_id": 0, "box_caption": "rec 0.048", "scores": {"class_score": 0.048126220703125}, "domain": "pixel"}], "class_labels": {"0": "rec", "1": "none"}}