{"box_data": [{"position": {"minX": -36.859375, "minY": -3.34149169921875, "maxX": 815.359375, "maxY": 824.3414916992188}, "class_id": 0, "box_caption": "rec 0.679", "scores": {"class_score": 0.67919921875}, "domain": "pixel"}, {"position": {"minX": -584.1134033203125, "minY": -583.2528076171875, "maxX": 1387.1134033203125, "maxY": 1397.2528076171875}, "class_id": 0, "box_caption": "rec 0.143", "scores": {"class_score": 0.1427001953125}, "domain": "pixel"}], "class_labels": {"0": "rec", "1": "none"}}