{"box_data": [{"position": {"minX": 365.7130126953125, "minY": 116.73291015625, "maxX": 952.2869873046875, "maxY": 677.76708984375}, "class_id": 0, "box_caption": "rec 0.390", "scores": {"class_score": 0.3896484375}, "domain": "pixel"}, {"position": {"minX": 527.4950561523438, "minY": 244.27113342285156, "maxX": 833.5049438476562, "maxY": 540.2288818359375}, "class_id": 0, "box_caption": "rec 0.057", "scores": {"class_score": 0.0574951171875}, "domain": "pixel"}, {"position": {"minX": -340.0592041015625, "minY": -582.22509765625, "maxX": 1630.0592041015625, "maxY": 1341.72509765625}, "class_id": 0, "box_caption": "rec 0.043", "scores": {"class_score": 0.043365478515625}, "domain": "pixel"}], "class_labels": {"0": "rec", "1": "none"}}