{"box_data": [{"position": {"minX": 285.54046630859375, "minY": 22.758544921875, "maxX": 843.4595336914062, "maxY": 608.741455078125}, "class_id": 0, "box_caption": "rec 0.469", "scores": {"class_score": 0.46875}, "domain": "pixel"}, {"position": {"minX": -374.7471923828125, "minY": -663.9013671875, "maxX": 1521.7470703125, "maxY": 1292.4013671875}, "class_id": 0, "box_caption": "rec 0.040", "scores": {"class_score": 0.04046630859375}, "domain": "pixel"}, {"position": {"minX": 433.25048828125, "minY": 161.34613037109375, "maxX": 703.74951171875, "maxY": 463.15386962890625}, "class_id": 0, "box_caption": "rec 0.018", "scores": {"class_score": 0.0175628662109375}, "domain": "pixel"}], "class_labels": {"0": "rec", "1": "none"}}