{"box_data": [{"position": {"minX": 243.13406372070312, "minY": -38.47161865234375, "maxX": 939.865966796875, "maxY": 644.4716186523438}, "class_id": 0, "box_caption": "rec 0.333", "scores": {"class_score": 0.332763671875}, "domain": "pixel"}, {"position": {"minX": -300.3306884765625, "minY": -519.1126708984375, "maxX": 1478.3306884765625, "maxY": 1126.6126708984375}, "class_id": 0, "box_caption": "rec 0.048", "scores": {"class_score": 0.047698974609375}, "domain": "pixel"}], "class_labels": {"0": "rec", "1": "none"}}