{"box_data": [{"position": {"minX": 479.02825927734375, "minY": 112.5469970703125, "maxX": 961.9717407226562, "maxY": 595.9530029296875}, "class_id": 0, "box_caption": "rec 0.419", "scores": {"class_score": 0.41943359375}, "domain": "pixel"}, {"position": {"minX": 569.6282958984375, "minY": 212.394775390625, "maxX": 874.3717041015625, "maxY": 512.105224609375}, "class_id": 0, "box_caption": "rec 0.119", "scores": {"class_score": 0.1187744140625}, "domain": "pixel"}, {"position": {"minX": -259.6593017578125, "minY": -604.451904296875, "maxX": 1721.6593017578125, "maxY": 1362.951904296875}, "class_id": 0, "box_caption": "rec 0.023", "scores": {"class_score": 0.0230712890625}, "domain": "pixel"}], "class_labels": {"0": "rec", "1": "none"}}