{"box_data": [{"position": {"minX": 458.72723388671875, "minY": 173.93453979492188, "maxX": 647.2727661132812, "maxY": 428.0654602050781}, "class_id": 0, "box_caption": "rec 0.827", "scores": {"class_score": 0.82666015625}, "domain": "pixel"}, {"position": {"minX": 420.681396484375, "minY": 255.65933227539062, "maxX": 666.318603515625, "maxY": 355.8406677246094}, "class_id": 0, "box_caption": "rec 0.108", "scores": {"class_score": 0.10772705078125}, "domain": "pixel"}, {"position": {"minX": 501.0, "minY": 234.0, "maxX": 593.0, "maxY": 366.0}, "class_id": 0, "box_caption": "rec 0.099", "scores": {"class_score": 0.0987548828125}, "domain": "pixel"}, {"position": {"minX": 382.10467529296875, "minY": 55.89741516113281, "maxX": 765.8953247070312, "maxY": 538.1026000976562}, "class_id": 0, "box_caption": "rec 0.039", "scores": {"class_score": 0.038604736328125}, "domain": "pixel"}], "class_labels": {"0": "rec", "1": "none"}}