{"box_data": [{"position": {"minX": 268.56103515625, "minY": 41.72576904296875, "maxX": 746.43896484375, "maxY": 545.7742309570312}, "class_id": 0, "box_caption": "rec 0.538", "scores": {"class_score": 0.5380859375}, "domain": "pixel"}, {"position": {"minX": 213.85809326171875, "minY": 2.57464599609375, "maxX": 795.1419067382812, "maxY": 586.4253540039062}, "class_id": 0, "box_caption": "rec 0.468", "scores": {"class_score": 0.4677734375}, "domain": "pixel"}, {"position": {"minX": -483.201904296875, "minY": -678.6591796875, "maxX": 1484.201904296875, "maxY": 1302.6591796875}, "class_id": 0, "box_caption": "rec 0.033", "scores": {"class_score": 0.0330810546875}, "domain": "pixel"}], "class_labels": {"0": "rec", "1": "none"}}