{"box_data": [{"position": {"minX": 306.9100341796875, "minY": 18.86737060546875, "maxX": 858.0899658203125, "maxY": 603.1326293945312}, "class_id": 0, "box_caption": "rec 0.292", "scores": {"class_score": 0.291748046875}, "domain": "pixel"}, {"position": {"minX": -362.091552734375, "minY": -673.001708984375, "maxX": 1524.091552734375, "maxY": 1277.501708984375}, "class_id": 0, "box_caption": "rec 0.032", "scores": {"class_score": 0.031646728515625}, "domain": "pixel"}], "class_labels": {"0": "rec", "1": "none"}}