{"box_data": [{"position": {"minX": 387.56622314453125, "minY": 106.8826904296875, "maxX": 972.4337768554688, "maxY": 686.6173095703125}, "class_id": 0, "box_caption": "rec 0.194", "scores": {"class_score": 0.1943359375}, "domain": "pixel"}, {"position": {"minX": 517.1791381835938, "minY": 241.6791534423828, "maxX": 819.8208618164062, "maxY": 544.3208618164062}, "class_id": 0, "box_caption": "rec 0.101", "scores": {"class_score": 0.10052490234375}, "domain": "pixel"}, {"position": {"minX": 436.857177734375, "minY": 158.00828552246094, "maxX": 900.142822265625, "maxY": 628.49169921875}, "class_id": 0, "box_caption": "rec 0.024", "scores": {"class_score": 0.023773193359375}, "domain": "pixel"}], "class_labels": {"0": "rec", "1": "none"}}