{"box_data": [{"position": {"minX": 101.4219970703125, "minY": 118.4219970703125, "maxX": 684.0780029296875, "maxY": 701.0780029296875}, "class_id": 0, "box_caption": "rec 0.475", "scores": {"class_score": 0.474609375}, "domain": "pixel"}, {"position": {"minX": -574.9747314453125, "minY": -585.7947998046875, "maxX": 1399.4747314453125, "maxY": 1393.2947998046875}, "class_id": 0, "box_caption": "rec 0.041", "scores": {"class_score": 0.0411376953125}, "domain": "pixel"}], "class_labels": {"0": "rec", "1": "none"}}