{"box_data": [{"position": {"minX": 302.1981201171875, "minY": 32.048309326171875, "maxX": 816.8018798828125, "maxY": 460.2016906738281}, "class_id": 0, "box_caption": "rec 0.028", "scores": {"class_score": 0.027801513671875}, "domain": "pixel"}, {"position": {"minX": -80.99978637695312, "minY": 258.771728515625, "maxX": 123.93728637695312, "maxY": 524.228271484375}, "class_id": 0, "box_caption": "rec 0.017", "scores": {"class_score": 0.01678466796875}, "domain": "pixel"}, {"position": {"minX": -162.48712158203125, "minY": 158.109375, "maxX": 213.48712158203125, "maxY": 634.390625}, "class_id": 0, "box_caption": "rec 0.010", "scores": {"class_score": 0.0103302001953125}, "domain": "pixel"}], "class_labels": {"0": "rec", "1": "none"}}