{"box_data": [{"position": {"minX": 262.63348388671875, "minY": -4.6048583984375, "maxX": 900.3665161132812, "maxY": 637.1048583984375}, "class_id": 0, "box_caption": "rec 0.682", "scores": {"class_score": 0.681640625}, "domain": "pixel"}, {"position": {"minX": -362.091552734375, "minY": -671.501708984375, "maxX": 1524.091552734375, "maxY": 1279.001708984375}, "class_id": 0, "box_caption": "rec 0.057", "scores": {"class_score": 0.057373046875}, "domain": "pixel"}, {"position": {"minX": 396.52825927734375, "minY": 71.38092041015625, "maxX": 785.4717407226562, "maxY": 508.61907958984375}, "class_id": 0, "box_caption": "rec 0.016", "scores": {"class_score": 0.0158233642578125}, "domain": "pixel"}], "class_labels": {"0": "rec", "1": "none"}}