{"box_data": [{"position": {"minX": 363.65606689453125, "minY": 163.2646026611328, "maxX": 666.3439331054688, "maxY": 436.23541259765625}, "class_id": 0, "box_caption": "rec 0.144", "scores": {"class_score": 0.1441650390625}, "domain": "pixel"}, {"position": {"minX": 304.0780029296875, "minY": 33.9608154296875, "maxX": 735.9219970703125, "maxY": 565.0391845703125}, "class_id": 0, "box_caption": "rec 0.081", "scores": {"class_score": 0.08062744140625}, "domain": "pixel"}, {"position": {"minX": 542.5206298828125, "minY": 116.28775024414062, "maxX": 974.4793701171875, "maxY": 501.2122497558594}, "class_id": 0, "box_caption": "rec 0.024", "scores": {"class_score": 0.0237884521484375}, "domain": "pixel"}, {"position": {"minX": 424.99334716796875, "minY": 162.22122192382812, "maxX": 618.0066528320312, "maxY": 425.2787780761719}, "class_id": 0, "box_caption": "rec 0.019", "scores": {"class_score": 0.0194549560546875}, "domain": "pixel"}], "class_labels": {"0": "rec", "1": "none"}}