{"box_data": [{"position": {"minX": 347.2679443359375, "minY": 53.1982421875, "maxX": 866.7320556640625, "maxY": 488.3017578125}, "class_id": 0, "box_caption": "rec 0.101", "scores": {"class_score": 0.10125732421875}, "domain": "pixel"}, {"position": {"minX": 484.62786865234375, "minY": 194.28515625, "maxX": 747.3721313476562, "maxY": 395.21484375}, "class_id": 0, "box_caption": "rec 0.035", "scores": {"class_score": 0.034515380859375}, "domain": "pixel"}], "class_labels": {"0": "rec", "1": "none"}}