{"box_data": [{"position": {"minX": 109.48529052734375, "minY": 107.575927734375, "maxX": 683.5147094726562, "maxY": 694.424072265625}, "class_id": 0, "box_caption": "rec 0.228", "scores": {"class_score": 0.2281494140625}, "domain": "pixel"}, {"position": {"minX": -584.201904296875, "minY": -565.1591796875, "maxX": 1383.201904296875, "maxY": 1416.1591796875}, "class_id": 0, "box_caption": "rec 0.034", "scores": {"class_score": 0.03436279296875}, "domain": "pixel"}, {"position": {"minX": 522.5590209960938, "minY": 368.95599365234375, "maxX": 731.4409790039062, "maxY": 637.0440063476562}, "class_id": 0, "box_caption": "rec 0.014", "scores": {"class_score": 0.0143890380859375}, "domain": "pixel"}, {"position": {"minX": 540.1183471679688, "minY": 273.43115234375, "maxX": 752.8816528320312, "maxY": 544.0687866210938}, "class_id": 0, "box_caption": "rec 0.013", "scores": {"class_score": 0.012969970703125}, "domain": "pixel"}], "class_labels": {"0": "rec", "1": "none"}}