{"box_data": [{"position": {"minX": 250.9896240234375, "minY": 247.8265380859375, "maxX": 697.0103759765625, "maxY": 632.1734619140625}, "class_id": 0, "box_caption": "rec 0.306", "scores": {"class_score": 0.3056640625}, "domain": "pixel"}, {"position": {"minX": 321.08245849609375, "minY": 368.14306640625, "maxX": 605.9175415039062, "maxY": 621.35693359375}, "class_id": 0, "box_caption": "rec 0.031", "scores": {"class_score": 0.0306549072265625}, "domain": "pixel"}, {"position": {"minX": 358.5947265625, "minY": 344.9388427734375, "maxX": 618.9052734375, "maxY": 532.0611572265625}, "class_id": 0, "box_caption": "rec 0.012", "scores": {"class_score": 0.0121917724609375}, "domain": "pixel"}], "class_labels": {"0": "rec", "1": "none"}}