{"box_data": [{"position": {"minX": 207.29296875, "minY": 170.06817626953125, "maxX": 738.70703125, "maxY": 746.9318237304688}, "class_id": 0, "box_caption": "rec 0.223", "scores": {"class_score": 0.223388671875}, "domain": "pixel"}, {"position": {"minX": 337.9178466796875, "minY": 301.914306640625, "maxX": 615.5821533203125, "maxY": 606.085693359375}, "class_id": 0, "box_caption": "rec 0.124", "scores": {"class_score": 0.12420654296875}, "domain": "pixel"}, {"position": {"minX": -460.61328125, "minY": -500.4427490234375, "maxX": 1378.61328125, "maxY": 1420.9427490234375}, "class_id": 0, "box_caption": "rec 0.025", "scores": {"class_score": 0.025421142578125}, "domain": "pixel"}], "class_labels": {"0": "rec", "1": "none"}}