{"box_data": [{"position": {"minX": 296.3939208984375, "minY": 242.97845458984375, "maxX": 766.6060791015625, "maxY": 611.0215454101562}, "class_id": 0, "box_caption": "rec 0.501", "scores": {"class_score": 0.5009765625}, "domain": "pixel"}, {"position": {"minX": -223.800048828125, "minY": -226.13790893554688, "maxX": 1312.8001708984375, "maxY": 1129.137939453125}, "class_id": 0, "box_caption": "rec 0.034", "scores": {"class_score": 0.033538818359375}, "domain": "pixel"}], "class_labels": {"0": "rec", "1": "none"}}