{"box_data": [{"position": {"minX": 270.19476318359375, "minY": 237.46484375, "maxX": 763.8052368164062, "maxY": 636.53515625}, "class_id": 0, "box_caption": "rec 0.295", "scores": {"class_score": 0.294921875}, "domain": "pixel"}, {"position": {"minX": -286.48681640625, "minY": -258.037109375, "maxX": 1313.48681640625, "maxY": 1171.037109375}, "class_id": 0, "box_caption": "rec 0.044", "scores": {"class_score": 0.04400634765625}, "domain": "pixel"}, {"position": {"minX": 876.3859252929688, "minY": 186.04949951171875, "maxX": 1018.6140747070312, "maxY": 293.45050048828125}, "class_id": 0, "box_caption": "rec 0.027", "scores": {"class_score": 0.026763916015625}, "domain": "pixel"}, {"position": {"minX": 855.6856689453125, "minY": 188.24765014648438, "maxX": 1083.3143310546875, "maxY": 468.2523498535156}, "class_id": 0, "box_caption": "rec 0.012", "scores": {"class_score": 0.0121002197265625}, "domain": "pixel"}], "class_labels": {"0": "rec", "1": "none"}}