{"box_data": [{"position": {"minX": 703.7825927734375, "minY": 114.12176513671875, "maxX": 1007.2174072265625, "maxY": 415.87823486328125}, "class_id": 0, "box_caption": "rec 0.296", "scores": {"class_score": 0.2958984375}, "domain": "pixel"}, {"position": {"minX": 557.1719970703125, "minY": -23.8280029296875, "maxX": 1139.8280029296875, "maxY": 558.8280029296875}, "class_id": 0, "box_caption": "rec 0.073", "scores": {"class_score": 0.0728759765625}, "domain": "pixel"}], "class_labels": {"0": "rec", "1": "none"}}