{"box_data": [{"position": {"minX": 449.8167724609375, "minY": 86.94659423828125, "maxX": 1036.1832275390625, "maxY": 663.0534057617188}, "class_id": 0, "box_caption": "rec 0.111", "scores": {"class_score": 0.11126708984375}, "domain": "pixel"}, {"position": {"minX": 575.6282958984375, "minY": 227.394775390625, "maxX": 880.3717041015625, "maxY": 527.105224609375}, "class_id": 0, "box_caption": "rec 0.091", "scores": {"class_score": 0.091064453125}, "domain": "pixel"}, {"position": {"minX": -78.9023666381836, "minY": 307.3778076171875, "maxX": 122.0273666381836, "maxY": 570.1221923828125}, "class_id": 0, "box_caption": "rec 0.013", "scores": {"class_score": 0.01322174072265625}, "domain": "pixel"}], "class_labels": {"0": "rec", "1": "none"}}