{"box_data": [{"position": {"minX": 142.23291015625, "minY": 94.96295166015625, "maxX": 703.26708984375, "maxY": 681.5369873046875}, "class_id": 0, "box_caption": "rec 0.480", "scores": {"class_score": 0.48046875}, "domain": "pixel"}, {"position": {"minX": -54.1317138671875, "minY": -58.44366455078125, "maxX": 901.1317138671875, "maxY": 834.443603515625}, "class_id": 0, "box_caption": "rec 0.211", "scores": {"class_score": 0.2108154296875}, "domain": "pixel"}, {"position": {"minX": 275.54669189453125, "minY": 253.62196350097656, "maxX": 563.4533081054688, "maxY": 559.8780517578125}, "class_id": 0, "box_caption": "rec 0.087", "scores": {"class_score": 0.0872802734375}, "domain": "pixel"}, {"position": {"minX": -527.47509765625, "minY": -583.309326171875, "maxX": 1396.47509765625, "maxY": 1386.809326171875}, "class_id": 0, "box_caption": "rec 0.041", "scores": {"class_score": 0.041473388671875}, "domain": "pixel"}], "class_labels": {"0": "rec", "1": "none"}}