{"box_data": [{"position": {"minX": -41.36634826660156, "minY": 325.70965576171875, "maxX": 151.36634826660156, "maxY": 582.7903442382812}, "class_id": 0, "box_caption": "rec 0.088", "scores": {"class_score": 0.08819580078125}, "domain": "pixel"}, {"position": {"minX": 261.60943603515625, "minY": 248.51295471191406, "maxX": 737.8905639648438, "maxY": 624.487060546875}, "class_id": 0, "box_caption": "rec 0.046", "scores": {"class_score": 0.046112060546875}, "domain": "pixel"}, {"position": {"minX": -144.7078094482422, "minY": 250.39739990234375, "maxX": 239.0828094482422, "maxY": 732.6026000976562}, "class_id": 0, "box_caption": "rec 0.020", "scores": {"class_score": 0.0196380615234375}, "domain": "pixel"}, {"position": {"minX": -261.1005859375, "minY": -238.1490478515625, "maxX": 1297.1005859375, "maxY": 1142.1490478515625}, "class_id": 0, "box_caption": "rec 0.011", "scores": {"class_score": 0.01073455810546875}, "domain": "pixel"}], "class_labels": {"0": "rec", "1": "none"}}