{"box_data": [{"position": {"minX": 389.1468505859375, "minY": 109.49560546875, "maxX": 974.8531494140625, "maxY": 687.50439453125}, "class_id": 0, "box_caption": "rec 0.411", "scores": {"class_score": 0.4111328125}, "domain": "pixel"}, {"position": {"minX": 524.2825927734375, "minY": 239.62176513671875, "maxX": 827.7174072265625, "maxY": 541.3782348632812}, "class_id": 0, "box_caption": "rec 0.125", "scores": {"class_score": 0.1246337890625}, "domain": "pixel"}, {"position": {"minX": -331.1593017578125, "minY": -592.701904296875, "maxX": 1650.1593017578125, "maxY": 1374.701904296875}, "class_id": 0, "box_caption": "rec 0.062", "scores": {"class_score": 0.061767578125}, "domain": "pixel"}, {"position": {"minX": 445.5084228515625, "minY": 154.95579528808594, "maxX": 911.4915771484375, "maxY": 628.044189453125}, "class_id": 0, "box_caption": "rec 0.025", "scores": {"class_score": 0.024932861328125}, "domain": "pixel"}], "class_labels": {"0": "rec", "1": "none"}}