{"box_data": [{"position": {"minX": 272.7928466796875, "minY": 28.4429931640625, "maxX": 777.2071533203125, "maxY": 442.3070068359375}, "class_id": 0, "box_caption": "rec 0.340", "scores": {"class_score": 0.33984375}, "domain": "pixel"}, {"position": {"minX": -231.398193359375, "minY": -477.5545654296875, "maxX": 1408.398193359375, "maxY": 998.5545654296875}, "class_id": 0, "box_caption": "rec 0.022", "scores": {"class_score": 0.022247314453125}, "domain": "pixel"}], "class_labels": {"0": "rec", "1": "none"}}