{"box_data": [{"position": {"minX": 703.2825927734375, "minY": 107.37176513671875, "maxX": 1006.7174072265625, "maxY": 409.12823486328125}, "class_id": 0, "box_caption": "rec 0.540", "scores": {"class_score": 0.5400390625}, "domain": "pixel"}, {"position": {"minX": 553.07470703125, "minY": -22.39190673828125, "maxX": 1136.92529296875, "maxY": 558.8919067382812}, "class_id": 0, "box_caption": "rec 0.111", "scores": {"class_score": 0.11083984375}, "domain": "pixel"}, {"position": {"minX": 737.2583618164062, "minY": 136.205078125, "maxX": 969.7416381835938, "maxY": 383.294921875}, "class_id": 0, "box_caption": "rec 0.062", "scores": {"class_score": 0.061981201171875}, "domain": "pixel"}, {"position": {"minX": 403.4560241699219, "minY": 80.68405151367188, "maxX": 671.5439453125, "maxY": 289.5659484863281}, "class_id": 0, "box_caption": "rec 0.018", "scores": {"class_score": 0.0182342529296875}, "domain": "pixel"}], "class_labels": {"0": "rec", "1": "none"}}