{"box_data": [{"position": {"minX": 226.67340087890625, "minY": 311.3685302734375, "maxX": 835.3265991210938, "maxY": 565.1314697265625}, "class_id": 0, "box_caption": "rec 0.281", "scores": {"class_score": 0.281494140625}, "domain": "pixel"}, {"position": {"minX": -282.3506164550781, "minY": -248.3990478515625, "maxX": 1275.8505859375, "maxY": 1131.8990478515625}, "class_id": 0, "box_caption": "rec 0.092", "scores": {"class_score": 0.092041015625}, "domain": "pixel"}], "class_labels": {"0": "rec", "1": "none"}}