{"box_data": [{"position": {"minX": 212.98016357421875, "minY": 14.98028564453125, "maxX": 878.0198364257812, "maxY": 491.01971435546875}, "class_id": 0, "box_caption": "rec 0.396", "scores": {"class_score": 0.39599609375}, "domain": "pixel"}, {"position": {"minX": -279.810791015625, "minY": -498.1729736328125, "maxX": 1397.8106689453125, "maxY": 1023.1729736328125}, "class_id": 0, "box_caption": "rec 0.118", "scores": {"class_score": 0.118408203125}, "domain": "pixel"}], "class_labels": {"0": "rec", "1": "none"}}