{"box_data": [{"position": {"minX": 240.56820678710938, "minY": -26.20697021484375, "maxX": 817.4317626953125, "maxY": 505.20697021484375}, "class_id": 0, "box_caption": "rec 0.298", "scores": {"class_score": 0.29833984375}, "domain": "pixel"}, {"position": {"minX": -434.192626953125, "minY": -731.9881591796875, "maxX": 1487.192626953125, "maxY": 1107.2381591796875}, "class_id": 0, "box_caption": "rec 0.016", "scores": {"class_score": 0.0160980224609375}, "domain": "pixel"}], "class_labels": {"0": "rec", "1": "none"}}