{"box_data": [{"position": {"minX": 528.7825927734375, "minY": 239.87176513671875, "maxX": 832.2174072265625, "maxY": 541.6282348632812}, "class_id": 0, "box_caption": "rec 0.289", "scores": {"class_score": 0.28857421875}, "domain": "pixel"}, {"position": {"minX": 377.06622314453125, "minY": 115.3826904296875, "maxX": 961.9337768554688, "maxY": 695.1173095703125}, "class_id": 0, "box_caption": "rec 0.260", "scores": {"class_score": 0.259765625}, "domain": "pixel"}, {"position": {"minX": 563.9705810546875, "minY": 263.13958740234375, "maxX": 796.0294189453125, "maxY": 509.86041259765625}, "class_id": 0, "box_caption": "rec 0.030", "scores": {"class_score": 0.0303802490234375}, "domain": "pixel"}, {"position": {"minX": -323.2528076171875, "minY": -604.3634033203125, "maxX": 1657.2528076171875, "maxY": 1366.8634033203125}, "class_id": 0, "box_caption": "rec 0.025", "scores": {"class_score": 0.024932861328125}, "domain": "pixel"}], "class_labels": {"0": "rec", "1": "none"}}