{"box_data": [{"position": {"minX": 135.11541748046875, "minY": 121.33209228515625, "maxX": 678.8846435546875, "maxY": 703.1678466796875}, "class_id": 0, "box_caption": "rec 0.233", "scores": {"class_score": 0.2330322265625}, "domain": "pixel"}, {"position": {"minX": -592.3165283203125, "minY": -594.267333984375, "maxX": 1353.8165283203125, "maxY": 1384.267333984375}, "class_id": 0, "box_caption": "rec 0.051", "scores": {"class_score": 0.05126953125}, "domain": "pixel"}, {"position": {"minX": 281.79669189453125, "minY": 243.12196350097656, "maxX": 569.7033081054688, "maxY": 549.3780517578125}, "class_id": 0, "box_caption": "rec 0.038", "scores": {"class_score": 0.037689208984375}, "domain": "pixel"}], "class_labels": {"0": "rec", "1": "none"}}