{"box_data": [{"position": {"minX": 438.1719970703125, "minY": 62.9219970703125, "maxX": 1020.8280029296875, "maxY": 645.5780029296875}, "class_id": 0, "box_caption": "rec 0.672", "scores": {"class_score": 0.67236328125}, "domain": "pixel"}, {"position": {"minX": 589.6791381835938, "minY": 226.9291534423828, "maxX": 892.3208618164062, "maxY": 529.5708618164062}, "class_id": 0, "box_caption": "rec 0.217", "scores": {"class_score": 0.2166748046875}, "domain": "pixel"}, {"position": {"minX": -234.201904296875, "minY": -598.6591796875, "maxX": 1733.201904296875, "maxY": 1382.6591796875}, "class_id": 0, "box_caption": "rec 0.040", "scores": {"class_score": 0.039794921875}, "domain": "pixel"}, {"position": {"minX": 620.8551635742188, "minY": 238.509521484375, "maxX": 868.1448364257812, "maxY": 495.490478515625}, "class_id": 0, "box_caption": "rec 0.018", "scores": {"class_score": 0.018280029296875}, "domain": "pixel"}], "class_labels": {"0": "rec", "1": "none"}}