{"box_data": [{"position": {"minX": 91.0548095703125, "minY": -107.71221923828125, "maxX": 907.4451904296875, "maxY": 691.7122192382812}, "class_id": 0, "box_caption": "rec 0.484", "scores": {"class_score": 0.484375}, "domain": "pixel"}, {"position": {"minX": -484.6134033203125, "minY": -679.2528076171875, "maxX": 1486.6134033203125, "maxY": 1301.2528076171875}, "class_id": 0, "box_caption": "rec 0.077", "scores": {"class_score": 0.07696533203125}, "domain": "pixel"}], "class_labels": {"0": "rec", "1": "none"}}