{"box_data": [{"position": {"minX": 216.99560546875, "minY": 2.64691162109375, "maxX": 795.0043334960938, "maxY": 588.3531494140625}, "class_id": 0, "box_caption": "rec 0.341", "scores": {"class_score": 0.3408203125}, "domain": "pixel"}, {"position": {"minX": 850.4560546875, "minY": 349.80908203125, "maxX": 1118.5439453125, "maxY": 558.69091796875}, "class_id": 0, "box_caption": "rec 0.043", "scores": {"class_score": 0.042755126953125}, "domain": "pixel"}, {"position": {"minX": 342.42913818359375, "minY": 130.67916870117188, "maxX": 645.0708618164062, "maxY": 433.3208312988281}, "class_id": 0, "box_caption": "rec 0.033", "scores": {"class_score": 0.0328369140625}, "domain": "pixel"}, {"position": {"minX": -479.201904296875, "minY": -660.9091796875, "maxX": 1488.201904296875, "maxY": 1320.4091796875}, "class_id": 0, "box_caption": "rec 0.031", "scores": {"class_score": 0.030853271484375}, "domain": "pixel"}], "class_labels": {"0": "rec", "1": "none"}}