{"box_data": [{"position": {"minX": 350.90606689453125, "minY": 153.7646026611328, "maxX": 653.5939331054688, "maxY": 426.73541259765625}, "class_id": 0, "box_caption": "rec 0.213", "scores": {"class_score": 0.21337890625}, "domain": "pixel"}, {"position": {"minX": 240.65127563476562, "minY": 31.15203857421875, "maxX": 819.3487548828125, "maxY": 566.8479614257812}, "class_id": 0, "box_caption": "rec 0.161", "scores": {"class_score": 0.1607666015625}, "domain": "pixel"}], "class_labels": {"0": "rec", "1": "none"}}