{"box_data": [{"position": {"minX": 496.4732666015625, "minY": 131.35682678222656, "maxX": 955.5267333984375, "maxY": 611.6431884765625}, "class_id": 0, "box_caption": "rec 0.048", "scores": {"class_score": 0.048126220703125}, "domain": "pixel"}, {"position": {"minX": 430.6468505859375, "minY": 85.74560546875, "maxX": 1016.3531494140625, "maxY": 663.75439453125}, "class_id": 0, "box_caption": "rec 0.041", "scores": {"class_score": 0.040924072265625}, "domain": "pixel"}, {"position": {"minX": 571.9323120117188, "minY": 212.86036682128906, "maxX": 876.0676879882812, "maxY": 513.6396484375}, "class_id": 0, "box_caption": "rec 0.037", "scores": {"class_score": 0.037261962890625}, "domain": "pixel"}], "class_labels": {"0": "rec", "1": "none"}}