{"box_data": [{"position": {"minX": 353.2066650390625, "minY": 64.963623046875, "maxX": 862.7933349609375, "maxY": 486.036376953125}, "class_id": 0, "box_caption": "rec 0.366", "scores": {"class_score": 0.36572265625}, "domain": "pixel"}, {"position": {"minX": 460.60540771484375, "minY": 182.74325561523438, "maxX": 738.3945922851562, "maxY": 406.7567443847656}, "class_id": 0, "box_caption": "rec 0.086", "scores": {"class_score": 0.0863037109375}, "domain": "pixel"}, {"position": {"minX": -234.310791015625, "minY": -441.6729736328125, "maxX": 1443.3106689453125, "maxY": 1079.6729736328125}, "class_id": 0, "box_caption": "rec 0.017", "scores": {"class_score": 0.0173797607421875}, "domain": "pixel"}], "class_labels": {"0": "rec", "1": "none"}}