{"box_data": [{"position": {"minX": 391.56622314453125, "minY": 106.3826904296875, "maxX": 976.4337768554688, "maxY": 686.1173095703125}, "class_id": 0, "box_caption": "rec 0.174", "scores": {"class_score": 0.1744384765625}, "domain": "pixel"}, {"position": {"minX": 526.8707275390625, "minY": 242.2248077392578, "maxX": 832.1292724609375, "maxY": 540.7752075195312}, "class_id": 0, "box_caption": "rec 0.050", "scores": {"class_score": 0.049591064453125}, "domain": "pixel"}], "class_labels": {"0": "rec", "1": "none"}}