{"box_data": [{"position": {"minX": 319.87255859375, "minY": 65.27503967285156, "maxX": 865.12744140625, "maxY": 539.2249755859375}, "class_id": 0, "box_caption": "rec 0.160", "scores": {"class_score": 0.1602783203125}, "domain": "pixel"}, {"position": {"minX": -313.0296630859375, "minY": -538.8699951171875, "maxX": 1495.0296630859375, "maxY": 1144.3699951171875}, "class_id": 0, "box_caption": "rec 0.029", "scores": {"class_score": 0.028656005859375}, "domain": "pixel"}], "class_labels": {"0": "rec", "1": "none"}}