{"box_data": [{"position": {"minX": 125.61322021484375, "minY": -65.942138671875, "maxX": 810.8867797851562, "maxY": 632.942138671875}, "class_id": 0, "box_caption": "rec 0.394", "scores": {"class_score": 0.394287109375}, "domain": "pixel"}, {"position": {"minX": -445.0296936035156, "minY": -576.1199951171875, "maxX": 1363.0296630859375, "maxY": 1107.1199951171875}, "class_id": 0, "box_caption": "rec 0.053", "scores": {"class_score": 0.0531005859375}, "domain": "pixel"}, {"position": {"minX": 329.1815185546875, "minY": 161.22311401367188, "maxX": 615.3184814453125, "maxY": 399.2768859863281}, "class_id": 0, "box_caption": "rec 0.029", "scores": {"class_score": 0.02880859375}, "domain": "pixel"}], "class_labels": {"0": "rec", "1": "none"}}