{"box_data": [{"position": {"minX": 294.3939208984375, "minY": 245.97845458984375, "maxX": 764.6060791015625, "maxY": 614.0215454101562}, "class_id": 0, "box_caption": "rec 0.305", "scores": {"class_score": 0.304931640625}, "domain": "pixel"}, {"position": {"minX": -244.265380859375, "minY": -210.170166015625, "maxX": 1270.265380859375, "maxY": 1119.670166015625}, "class_id": 0, "box_caption": "rec 0.040", "scores": {"class_score": 0.040313720703125}, "domain": "pixel"}, {"position": {"minX": 397.4481506347656, "minY": 347.349609375, "maxX": 648.5518798828125, "maxY": 531.650390625}, "class_id": 0, "box_caption": "rec 0.015", "scores": {"class_score": 0.01473236083984375}, "domain": "pixel"}], "class_labels": {"0": "rec", "1": "none"}}