{"box_data": [{"position": {"minX": 480.9346008300781, "minY": 296.977294921875, "maxX": 735.0654296875, "maxY": 485.522705078125}, "class_id": 0, "box_caption": "rec 0.808", "scores": {"class_score": 0.8076171875}, "domain": "pixel"}, {"position": {"minX": 531.207275390625, "minY": 348.60516357421875, "maxX": 664.792724609375, "maxY": 442.89483642578125}, "class_id": 0, "box_caption": "rec 0.141", "scores": {"class_score": 0.1412353515625}, "domain": "pixel"}, {"position": {"minX": 347.3939208984375, "minY": 206.47845458984375, "maxX": 817.6060791015625, "maxY": 574.5215454101562}, "class_id": 0, "box_caption": "rec 0.117", "scores": {"class_score": 0.11737060546875}, "domain": "pixel"}, {"position": {"minX": 541.46875, "minY": 263.0, "maxX": 651.53125, "maxY": 507.0}, "class_id": 0, "box_caption": "rec 0.022", "scores": {"class_score": 0.022247314453125}, "domain": "pixel"}], "class_labels": {"0": "rec", "1": "none"}}