{"box_data": [{"position": {"minX": 474.4481506347656, "minY": 302.849609375, "maxX": 725.5518798828125, "maxY": 487.150390625}, "class_id": 0, "box_caption": "rec 0.229", "scores": {"class_score": 0.2288818359375}, "domain": "pixel"}, {"position": {"minX": 372.8939208984375, "minY": 212.97845458984375, "maxX": 843.1060791015625, "maxY": 581.0215454101562}, "class_id": 0, "box_caption": "rec 0.065", "scores": {"class_score": 0.06488037109375}, "domain": "pixel"}], "class_labels": {"0": "rec", "1": "none"}}