{"box_data": [{"position": {"minX": 99.696533203125, "minY": 116.06671142578125, "maxX": 675.803466796875, "maxY": 702.4332275390625}, "class_id": 0, "box_caption": "rec 0.586", "scores": {"class_score": 0.5859375}, "domain": "pixel"}, {"position": {"minX": -76.6610107421875, "minY": -50.13592529296875, "maxX": 869.6610107421875, "maxY": 889.6359252929688}, "class_id": 0, "box_caption": "rec 0.023", "scores": {"class_score": 0.0234222412109375}, "domain": "pixel"}], "class_labels": {"0": "rec", "1": "none"}}