{"box_data": [{"position": {"minX": 237.06820678710938, "minY": -22.45697021484375, "maxX": 813.9317626953125, "maxY": 508.95697021484375}, "class_id": 0, "box_caption": "rec 0.421", "scores": {"class_score": 0.420654296875}, "domain": "pixel"}, {"position": {"minX": -433.192626953125, "minY": -692.2381591796875, "maxX": 1488.192626953125, "maxY": 1146.9881591796875}, "class_id": 0, "box_caption": "rec 0.089", "scores": {"class_score": 0.0885009765625}, "domain": "pixel"}, {"position": {"minX": 76.54815673828125, "minY": -249.6102294921875, "maxX": 972.4518432617188, "maxY": 729.8602294921875}, "class_id": 0, "box_caption": "rec 0.064", "scores": {"class_score": 0.0638427734375}, "domain": "pixel"}], "class_labels": {"0": "rec", "1": "none"}}