{"box_data": [{"position": {"minX": 289.03741455078125, "minY": 58.77484130859375, "maxX": 844.9625854492188, "maxY": 550.2251586914062}, "class_id": 0, "box_caption": "rec 0.023", "scores": {"class_score": 0.023468017578125}, "domain": "pixel"}, {"position": {"minX": 859.1856689453125, "minY": 203.99765014648438, "maxX": 1086.8143310546875, "maxY": 484.0023498535156}, "class_id": 0, "box_caption": "rec 0.011", "scores": {"class_score": 0.01073455810546875}, "domain": "pixel"}], "class_labels": {"0": "rec", "1": "none"}}