{"box_data": [{"position": {"minX": 173.50335693359375, "minY": 88.6622314453125, "maxX": 686.4966430664062, "maxY": 697.3377075195312}, "class_id": 0, "box_caption": "rec 0.523", "scores": {"class_score": 0.5234375}, "domain": "pixel"}, {"position": {"minX": 288.79669189453125, "minY": 237.37196350097656, "maxX": 576.7033081054688, "maxY": 543.6280517578125}, "class_id": 0, "box_caption": "rec 0.112", "scores": {"class_score": 0.1124267578125}, "domain": "pixel"}, {"position": {"minX": 191.625244140625, "minY": 187.30133056640625, "maxX": 684.874755859375, "maxY": 599.6986694335938}, "class_id": 0, "box_caption": "rec 0.020", "scores": {"class_score": 0.0196075439453125}, "domain": "pixel"}, {"position": {"minX": 309.387451171875, "minY": 280.1412048339844, "maxX": 565.112548828125, "maxY": 499.8587951660156}, "class_id": 0, "box_caption": "rec 0.010", "scores": {"class_score": 0.010009765625}, "domain": "pixel"}], "class_labels": {"0": "rec", "1": "none"}}