{"box_data": [{"position": {"minX": 190.12255859375, "minY": 37.275054931640625, "maxX": 735.37744140625, "maxY": 511.2249450683594}, "class_id": 0, "box_caption": "rec 0.383", "scores": {"class_score": 0.383056640625}, "domain": "pixel"}, {"position": {"minX": -432.7796936035156, "minY": -545.3699951171875, "maxX": 1375.2796630859375, "maxY": 1137.8699951171875}, "class_id": 0, "box_caption": "rec 0.043", "scores": {"class_score": 0.042633056640625}, "domain": "pixel"}, {"position": {"minX": 326.2574462890625, "minY": 154.08680725097656, "maxX": 617.7425537109375, "maxY": 401.9132080078125}, "class_id": 0, "box_caption": "rec 0.031", "scores": {"class_score": 0.030731201171875}, "domain": "pixel"}], "class_labels": {"0": "rec", "1": "none"}}