{"box_data": [{"position": {"minX": 361.91424560546875, "minY": 157.66781616210938, "maxX": 666.0857543945312, "maxY": 435.3321838378906}, "class_id": 0, "box_caption": "rec 0.615", "scores": {"class_score": 0.615234375}, "domain": "pixel"}, {"position": {"minX": 319.95147705078125, "minY": 32.30517578125, "maxX": 722.0485229492188, "maxY": 551.19482421875}, "class_id": 0, "box_caption": "rec 0.154", "scores": {"class_score": 0.154052734375}, "domain": "pixel"}, {"position": {"minX": 419.029052734375, "minY": 166.306640625, "maxX": 623.970947265625, "maxY": 431.693359375}, "class_id": 0, "box_caption": "rec 0.109", "scores": {"class_score": 0.10931396484375}, "domain": "pixel"}, {"position": {"minX": 212.83209228515625, "minY": 32.615478515625, "maxX": 794.6679077148438, "maxY": 576.384521484375}, "class_id": 0, "box_caption": "rec 0.071", "scores": {"class_score": 0.07135009765625}, "domain": "pixel"}], "class_labels": {"0": "rec", "1": "none"}}