{"box_data": [{"position": {"minX": 365.61285400390625, "minY": 151.30770874023438, "maxX": 670.3871459960938, "maxY": 431.1922912597656}, "class_id": 0, "box_caption": "rec 0.301", "scores": {"class_score": 0.30078125}, "domain": "pixel"}, {"position": {"minX": 207.33209228515625, "minY": 29.115478515625, "maxX": 789.1679077148438, "maxY": 572.884521484375}, "class_id": 0, "box_caption": "rec 0.177", "scores": {"class_score": 0.1766357421875}, "domain": "pixel"}, {"position": {"minX": 435.15252685546875, "minY": 229.01510620117188, "maxX": 595.8474731445312, "maxY": 376.9848937988281}, "class_id": 0, "box_caption": "rec 0.016", "scores": {"class_score": 0.0160064697265625}, "domain": "pixel"}, {"position": {"minX": 416.9598388671875, "minY": 163.3001708984375, "maxX": 635.0401611328125, "maxY": 425.6998291015625}, "class_id": 0, "box_caption": "rec 0.014", "scores": {"class_score": 0.0135345458984375}, "domain": "pixel"}], "class_labels": {"0": "rec", "1": "none"}}