{"box_data": [{"position": {"minX": 570.6282958984375, "minY": 213.894775390625, "maxX": 875.3717041015625, "maxY": 513.605224609375}, "class_id": 0, "box_caption": "rec 0.197", "scores": {"class_score": 0.19677734375}, "domain": "pixel"}, {"position": {"minX": 434.81671142578125, "minY": 74.69659423828125, "maxX": 1021.1832885742188, "maxY": 650.8034057617188}, "class_id": 0, "box_caption": "rec 0.127", "scores": {"class_score": 0.1268310546875}, "domain": "pixel"}, {"position": {"minX": 613.4822998046875, "minY": 236.60791015625, "maxX": 843.5177001953125, "maxY": 474.39208984375}, "class_id": 0, "box_caption": "rec 0.013", "scores": {"class_score": 0.0125579833984375}, "domain": "pixel"}], "class_labels": {"0": "rec", "1": "none"}}