{"box_data": [{"position": {"minX": 479.4481506347656, "minY": 306.099609375, "maxX": 730.5518798828125, "maxY": 490.400390625}, "class_id": 0, "box_caption": "rec 0.499", "scores": {"class_score": 0.4990234375}, "domain": "pixel"}, {"position": {"minX": 377.8939208984375, "minY": 209.22845458984375, "maxX": 848.1060791015625, "maxY": 577.2715454101562}, "class_id": 0, "box_caption": "rec 0.020", "scores": {"class_score": 0.01971435546875}, "domain": "pixel"}, {"position": {"minX": 547.09375, "minY": 271.75, "maxX": 653.90625, "maxY": 515.75}, "class_id": 0, "box_caption": "rec 0.015", "scores": {"class_score": 0.01473236083984375}, "domain": "pixel"}], "class_labels": {"0": "rec", "1": "none"}}