{"box_data": [{"position": {"minX": 319.37255859375, "minY": 70.02503967285156, "maxX": 864.62744140625, "maxY": 543.9749755859375}, "class_id": 0, "box_caption": "rec 0.208", "scores": {"class_score": 0.20751953125}, "domain": "pixel"}, {"position": {"minX": -299.3306884765625, "minY": -519.3626708984375, "maxX": 1479.3306884765625, "maxY": 1126.3626708984375}, "class_id": 0, "box_caption": "rec 0.019", "scores": {"class_score": 0.018768310546875}, "domain": "pixel"}], "class_labels": {"0": "rec", "1": "none"}}