{"box_data": [{"position": {"minX": 327.87255859375, "minY": 63.77503967285156, "maxX": 873.12744140625, "maxY": 537.7249755859375}, "class_id": 0, "box_caption": "rec 0.188", "scores": {"class_score": 0.1883544921875}, "domain": "pixel"}, {"position": {"minX": 198.16845703125, "minY": -147.5159912109375, "maxX": 968.83154296875, "maxY": 751.0159912109375}, "class_id": 0, "box_caption": "rec 0.079", "scores": {"class_score": 0.0792236328125}, "domain": "pixel"}, {"position": {"minX": -308.8306884765625, "minY": -526.3626708984375, "maxX": 1469.8306884765625, "maxY": 1119.3626708984375}, "class_id": 0, "box_caption": "rec 0.024", "scores": {"class_score": 0.0236053466796875}, "domain": "pixel"}], "class_labels": {"0": "rec", "1": "none"}}