{"box_data": [{"position": {"minX": 229.70553588867188, "minY": 2.2362060546875, "maxX": 926.29443359375, "maxY": 619.7637939453125}, "class_id": 0, "box_caption": "rec 0.605", "scores": {"class_score": 0.60498046875}, "domain": "pixel"}, {"position": {"minX": -365.591552734375, "minY": -667.751708984375, "maxX": 1520.591552734375, "maxY": 1282.751708984375}, "class_id": 0, "box_caption": "rec 0.101", "scores": {"class_score": 0.1014404296875}, "domain": "pixel"}], "class_labels": {"0": "rec", "1": "none"}}