{"box_data": [{"position": {"minX": 203.196533203125, "minY": 4.56671142578125, "maxX": 779.303466796875, "maxY": 590.9332275390625}, "class_id": 0, "box_caption": "rec 0.484", "scores": {"class_score": 0.484375}, "domain": "pixel"}, {"position": {"minX": 355.850341796875, "minY": 146.65960693359375, "maxX": 653.149658203125, "maxY": 452.34039306640625}, "class_id": 0, "box_caption": "rec 0.019", "scores": {"class_score": 0.0194244384765625}, "domain": "pixel"}, {"position": {"minX": -452.4805908203125, "minY": -679.316650390625, "maxX": 1505.4805908203125, "maxY": 1301.816650390625}, "class_id": 0, "box_caption": "rec 0.018", "scores": {"class_score": 0.01837158203125}, "domain": "pixel"}], "class_labels": {"0": "rec", "1": "none"}}