{"box_data": [{"position": {"minX": 383.8624572753906, "minY": 124.8245849609375, "maxX": 971.1375732421875, "maxY": 694.1754150390625}, "class_id": 0, "box_caption": "rec 0.386", "scores": {"class_score": 0.3857421875}, "domain": "pixel"}, {"position": {"minX": 523.78125, "minY": 250.0531005859375, "maxX": 830.21875, "maxY": 541.4468994140625}, "class_id": 0, "box_caption": "rec 0.368", "scores": {"class_score": 0.368408203125}, "domain": "pixel"}, {"position": {"minX": -303.56787109375, "minY": -602.672119140625, "maxX": 1676.56787109375, "maxY": 1349.672119140625}, "class_id": 0, "box_caption": "rec 0.027", "scores": {"class_score": 0.0265045166015625}, "domain": "pixel"}], "class_labels": {"0": "rec", "1": "none"}}