{"box_data": [{"position": {"minX": 475.4346008300781, "minY": 300.477294921875, "maxX": 729.5654296875, "maxY": 489.022705078125}, "class_id": 0, "box_caption": "rec 0.193", "scores": {"class_score": 0.193115234375}, "domain": "pixel"}, {"position": {"minX": 361.3939208984375, "minY": 218.47845458984375, "maxX": 831.6060791015625, "maxY": 586.5215454101562}, "class_id": 0, "box_caption": "rec 0.050", "scores": {"class_score": 0.049774169921875}, "domain": "pixel"}, {"position": {"minX": 531.5, "minY": 339.75, "maxX": 663.5, "maxY": 431.75}, "class_id": 0, "box_caption": "rec 0.020", "scores": {"class_score": 0.019500732421875}, "domain": "pixel"}, {"position": {"minX": -149.3125762939453, "minY": 198.24993896484375, "maxX": 210.6875762939453, "maxY": 662.2500610351562}, "class_id": 0, "box_caption": "rec 0.015", "scores": {"class_score": 0.01548004150390625}, "domain": "pixel"}], "class_labels": {"0": "rec", "1": "none"}}