{"box_data": [{"position": {"minX": 193.37255859375, "minY": 55.02503967285156, "maxX": 738.62744140625, "maxY": 528.9749755859375}, "class_id": 0, "box_caption": "rec 0.343", "scores": {"class_score": 0.34326171875}, "domain": "pixel"}, {"position": {"minX": 328.9315185546875, "minY": 159.22311401367188, "maxX": 615.0684814453125, "maxY": 397.2768859863281}, "class_id": 0, "box_caption": "rec 0.053", "scores": {"class_score": 0.0526123046875}, "domain": "pixel"}, {"position": {"minX": -442.0296936035156, "minY": -538.1199951171875, "maxX": 1366.0296630859375, "maxY": 1145.1199951171875}, "class_id": 0, "box_caption": "rec 0.021", "scores": {"class_score": 0.021209716796875}, "domain": "pixel"}, {"position": {"minX": 63.872650146484375, "minY": 87.8106689453125, "maxX": 343.8773498535156, "maxY": 315.4393310546875}, "class_id": 0, "box_caption": "rec 0.017", "scores": {"class_score": 0.017181396484375}, "domain": "pixel"}], "class_labels": {"0": "rec", "1": "none"}}