{"box_data": [{"position": {"minX": 112.696533203125, "minY": 104.31671142578125, "maxX": 688.803466796875, "maxY": 690.6832275390625}, "class_id": 0, "box_caption": "rec 0.596", "scores": {"class_score": 0.595703125}, "domain": "pixel"}, {"position": {"minX": -571.451904296875, "minY": -570.4091796875, "maxX": 1395.951904296875, "maxY": 1410.9091796875}, "class_id": 0, "box_caption": "rec 0.048", "scores": {"class_score": 0.048126220703125}, "domain": "pixel"}, {"position": {"minX": 260.05767822265625, "minY": 251.86285400390625, "maxX": 539.9423217773438, "maxY": 556.6371459960938}, "class_id": 0, "box_caption": "rec 0.026", "scores": {"class_score": 0.0256195068359375}, "domain": "pixel"}], "class_labels": {"0": "rec", "1": "none"}}