{"box_data": [{"position": {"minX": 289.817138671875, "minY": 23.165283203125, "maxX": 812.182861328125, "maxY": 595.834716796875}, "class_id": 0, "box_caption": "rec 0.411", "scores": {"class_score": 0.4111328125}, "domain": "pixel"}, {"position": {"minX": -319.1859130859375, "minY": -651.90283203125, "maxX": 1493.18603515625, "maxY": 1251.40283203125}, "class_id": 0, "box_caption": "rec 0.042", "scores": {"class_score": 0.042388916015625}, "domain": "pixel"}, {"position": {"minX": 417.73699951171875, "minY": 148.12713623046875, "maxX": 712.2630004882812, "maxY": 454.37286376953125}, "class_id": 0, "box_caption": "rec 0.013", "scores": {"class_score": 0.01267242431640625}, "domain": "pixel"}], "class_labels": {"0": "rec", "1": "none"}}