{"box_data": [{"position": {"minX": 315.47027587890625, "minY": 144.68890380859375, "maxX": 912.5297241210938, "maxY": 433.31109619140625}, "class_id": 0, "box_caption": "rec 0.399", "scores": {"class_score": 0.39892578125}, "domain": "pixel"}, {"position": {"minX": -215.898193359375, "minY": -432.0545654296875, "maxX": 1423.898193359375, "maxY": 1044.0545654296875}, "class_id": 0, "box_caption": "rec 0.056", "scores": {"class_score": 0.055938720703125}, "domain": "pixel"}, {"position": {"minX": 484.9560241699219, "minY": 191.05905151367188, "maxX": 753.0439453125, "maxY": 399.9409484863281}, "class_id": 0, "box_caption": "rec 0.036", "scores": {"class_score": 0.036285400390625}, "domain": "pixel"}, {"position": {"minX": 310.75628662109375, "minY": 231.59683227539062, "maxX": 818.2437133789062, "maxY": 375.9031677246094}, "class_id": 0, "box_caption": "rec 0.033", "scores": {"class_score": 0.0325927734375}, "domain": "pixel"}], "class_labels": {"0": "rec", "1": "none"}}