{"box_data": [{"position": {"minX": 237.56820678710938, "minY": -24.83197021484375, "maxX": 814.4317626953125, "maxY": 506.58197021484375}, "class_id": 0, "box_caption": "rec 0.343", "scores": {"class_score": 0.342529296875}, "domain": "pixel"}, {"position": {"minX": -432.692626953125, "minY": -730.9881591796875, "maxX": 1488.692626953125, "maxY": 1108.2381591796875}, "class_id": 0, "box_caption": "rec 0.040", "scores": {"class_score": 0.03955078125}, "domain": "pixel"}], "class_labels": {"0": "rec", "1": "none"}}