{"box_data": [{"position": {"minX": 193.804443359375, "minY": 157.06878662109375, "maxX": 650.195556640625, "maxY": 628.9312133789062}, "class_id": 0, "box_caption": "rec 0.410", "scores": {"class_score": 0.41015625}, "domain": "pixel"}, {"position": {"minX": 192.48976135253906, "minY": 181.90074157714844, "maxX": 686.51025390625, "maxY": 603.5992431640625}, "class_id": 0, "box_caption": "rec 0.016", "scores": {"class_score": 0.015533447265625}, "domain": "pixel"}], "class_labels": {"0": "rec", "1": "none"}}