{"box_data": [{"position": {"minX": 138.79046630859375, "minY": 103.258544921875, "maxX": 696.7095336914062, "maxY": 689.2413940429688}, "class_id": 0, "box_caption": "rec 0.246", "scores": {"class_score": 0.245849609375}, "domain": "pixel"}, {"position": {"minX": 279.40283203125, "minY": 254.05328369140625, "maxX": 569.09716796875, "maxY": 560.4467163085938}, "class_id": 0, "box_caption": "rec 0.073", "scores": {"class_score": 0.07318115234375}, "domain": "pixel"}, {"position": {"minX": -520.6904296875, "minY": -588.5557861328125, "maxX": 1394.6904296875, "maxY": 1377.5557861328125}, "class_id": 0, "box_caption": "rec 0.012", "scores": {"class_score": 0.0121917724609375}, "domain": "pixel"}, {"position": {"minX": 475.87200927734375, "minY": 327.54669189453125, "maxX": 782.1279907226562, "maxY": 615.4533081054688}, "class_id": 0, "box_caption": "rec 0.011", "scores": {"class_score": 0.01094818115234375}, "domain": "pixel"}], "class_labels": {"0": "rec", "1": "none"}}