{"box_data": [{"position": {"minX": 698.7825927734375, "minY": 114.62176513671875, "maxX": 1002.2174072265625, "maxY": 416.37823486328125}, "class_id": 0, "box_caption": "rec 0.513", "scores": {"class_score": 0.5126953125}, "domain": "pixel"}, {"position": {"minX": 545.8624267578125, "minY": -3.6754150390625, "maxX": 1133.1375732421875, "maxY": 565.6754150390625}, "class_id": 0, "box_caption": "rec 0.238", "scores": {"class_score": 0.2379150390625}, "domain": "pixel"}, {"position": {"minX": 735.99853515625, "minY": 145.74853515625, "maxX": 967.00146484375, "maxY": 376.75146484375}, "class_id": 0, "box_caption": "rec 0.023", "scores": {"class_score": 0.0232391357421875}, "domain": "pixel"}, {"position": {"minX": -143.56787109375, "minY": -731.672119140625, "maxX": 1836.56787109375, "maxY": 1220.672119140625}, "class_id": 0, "box_caption": "rec 0.016", "scores": {"class_score": 0.016021728515625}, "domain": "pixel"}], "class_labels": {"0": "rec", "1": "none"}}