{"box_data": [{"position": {"minX": 702.7825927734375, "minY": 109.37176513671875, "maxX": 1006.2174072265625, "maxY": 411.12823486328125}, "class_id": 0, "box_caption": "rec 0.364", "scores": {"class_score": 0.36376953125}, "domain": "pixel"}, {"position": {"minX": 598.7242431640625, "minY": 7.79248046875, "maxX": 1088.2757568359375, "maxY": 509.70751953125}, "class_id": 0, "box_caption": "rec 0.149", "scores": {"class_score": 0.1490478515625}, "domain": "pixel"}, {"position": {"minX": 722.7124633789062, "minY": 137.1020965576172, "maxX": 959.2875366210938, "maxY": 377.39788818359375}, "class_id": 0, "box_caption": "rec 0.025", "scores": {"class_score": 0.025177001953125}, "domain": "pixel"}], "class_labels": {"0": "rec", "1": "none"}}