{"box_data": [{"position": {"minX": 571.9323120117188, "minY": 212.36036682128906, "maxX": 876.0676879882812, "maxY": 513.1396484375}, "class_id": 0, "box_caption": "rec 0.136", "scores": {"class_score": 0.1361083984375}, "domain": "pixel"}, {"position": {"minX": 438.06622314453125, "minY": 77.3826904296875, "maxX": 1022.9337768554688, "maxY": 657.1173095703125}, "class_id": 0, "box_caption": "rec 0.135", "scores": {"class_score": 0.135498046875}, "domain": "pixel"}, {"position": {"minX": 522.1364135742188, "minY": 141.06361389160156, "maxX": 931.8635864257812, "maxY": 576.9364013671875}, "class_id": 0, "box_caption": "rec 0.015", "scores": {"class_score": 0.0154266357421875}, "domain": "pixel"}], "class_labels": {"0": "rec", "1": "none"}}