{"box_data": [{"position": {"minX": 341.0955810546875, "minY": 308.36407470703125, "maxX": 606.4044189453125, "maxY": 608.1359252929688}, "class_id": 0, "box_caption": "rec 0.050", "scores": {"class_score": 0.04986572265625}, "domain": "pixel"}, {"position": {"minX": 207.44891357421875, "minY": 165.3448486328125, "maxX": 725.0510864257812, "maxY": 735.6551513671875}, "class_id": 0, "box_caption": "rec 0.048", "scores": {"class_score": 0.04840087890625}, "domain": "pixel"}, {"position": {"minX": -442.4046630859375, "minY": -500.703369140625, "maxX": 1340.90478515625, "maxY": 1382.203369140625}, "class_id": 0, "box_caption": "rec 0.014", "scores": {"class_score": 0.0137939453125}, "domain": "pixel"}], "class_labels": {"0": "rec", "1": "none"}}