{"box_data": [{"position": {"minX": 192.5103759765625, "minY": 33.784912109375, "maxX": 741.4896240234375, "maxY": 513.715087890625}, "class_id": 0, "box_caption": "rec 0.333", "scores": {"class_score": 0.332763671875}, "domain": "pixel"}, {"position": {"minX": -440.7796936035156, "minY": -574.6199951171875, "maxX": 1367.2796630859375, "maxY": 1108.6199951171875}, "class_id": 0, "box_caption": "rec 0.040", "scores": {"class_score": 0.0401611328125}, "domain": "pixel"}, {"position": {"minX": 316.4962158203125, "minY": 161.80743408203125, "maxX": 604.5038452148438, "maxY": 403.19256591796875}, "class_id": 0, "box_caption": "rec 0.024", "scores": {"class_score": 0.023956298828125}, "domain": "pixel"}], "class_labels": {"0": "rec", "1": "none"}}