{"box_data": [{"position": {"minX": 434.6468505859375, "minY": 71.24560546875, "maxX": 1020.3531494140625, "maxY": 649.25439453125}, "class_id": 0, "box_caption": "rec 0.217", "scores": {"class_score": 0.21728515625}, "domain": "pixel"}, {"position": {"minX": 572.1282958984375, "minY": 211.144775390625, "maxX": 876.8717041015625, "maxY": 510.855224609375}, "class_id": 0, "box_caption": "rec 0.137", "scores": {"class_score": 0.1365966796875}, "domain": "pixel"}, {"position": {"minX": 510.77886962890625, "minY": 137.23760986328125, "maxX": 941.2211303710938, "maxY": 591.7623901367188}, "class_id": 0, "box_caption": "rec 0.019", "scores": {"class_score": 0.0189361572265625}, "domain": "pixel"}, {"position": {"minX": -253.6593017578125, "minY": -602.951904296875, "maxX": 1727.6593017578125, "maxY": 1364.451904296875}, "class_id": 0, "box_caption": "rec 0.017", "scores": {"class_score": 0.01678466796875}, "domain": "pixel"}], "class_labels": {"0": "rec", "1": "none"}}