{"box_data": [{"position": {"minX": 507.67572021484375, "minY": 163.3338623046875, "maxX": 941.3242797851562, "maxY": 570.1661376953125}, "class_id": 0, "box_caption": "rec 0.213", "scores": {"class_score": 0.21337890625}, "domain": "pixel"}, {"position": {"minX": 436.56622314453125, "minY": 77.3826904296875, "maxX": 1021.4337768554688, "maxY": 657.1173095703125}, "class_id": 0, "box_caption": "rec 0.151", "scores": {"class_score": 0.1505126953125}, "domain": "pixel"}, {"position": {"minX": 574.1282958984375, "minY": 212.144775390625, "maxX": 878.8717041015625, "maxY": 511.855224609375}, "class_id": 0, "box_caption": "rec 0.112", "scores": {"class_score": 0.11199951171875}, "domain": "pixel"}, {"position": {"minX": 502.53875732421875, "minY": 126.11700439453125, "maxX": 955.4612426757812, "maxY": 600.8829956054688}, "class_id": 0, "box_caption": "rec 0.026", "scores": {"class_score": 0.02606201171875}, "domain": "pixel"}], "class_labels": {"0": "rec", "1": "none"}}