{"box_data": [{"position": {"minX": 345.955810546875, "minY": 76.73544311523438, "maxX": 845.044189453125, "maxY": 483.2645568847656}, "class_id": 0, "box_caption": "rec 0.506", "scores": {"class_score": 0.505859375}, "domain": "pixel"}, {"position": {"minX": -212.06591796875, "minY": -438.906494140625, "maxX": 1408.06591796875, "maxY": 1013.906494140625}, "class_id": 0, "box_caption": "rec 0.026", "scores": {"class_score": 0.0263519287109375}, "domain": "pixel"}, {"position": {"minX": 445.4560241699219, "minY": 198.05905151367188, "maxX": 713.5439453125, "maxY": 406.9409484863281}, "class_id": 0, "box_caption": "rec 0.013", "scores": {"class_score": 0.01322174072265625}, "domain": "pixel"}], "class_labels": {"0": "rec", "1": "none"}}