{"box_data": [{"position": {"minX": 311.1153869628906, "minY": 23.08209228515625, "maxX": 854.8846435546875, "maxY": 604.9178466796875}, "class_id": 0, "box_caption": "rec 0.305", "scores": {"class_score": 0.304931640625}, "domain": "pixel"}, {"position": {"minX": -391.148681640625, "minY": -643.054931640625, "maxX": 1484.148681640625, "maxY": 1301.054931640625}, "class_id": 0, "box_caption": "rec 0.035", "scores": {"class_score": 0.034942626953125}, "domain": "pixel"}, {"position": {"minX": 438.5577392578125, "minY": 163.36285400390625, "maxX": 718.4422607421875, "maxY": 468.13714599609375}, "class_id": 0, "box_caption": "rec 0.010", "scores": {"class_score": 0.01049041748046875}, "domain": "pixel"}], "class_labels": {"0": "rec", "1": "none"}}