{"box_data": [{"position": {"minX": 369.2928466796875, "minY": 84.3179931640625, "maxX": 873.7071533203125, "maxY": 498.1820068359375}, "class_id": 0, "box_caption": "rec 0.625", "scores": {"class_score": 0.625}, "domain": "pixel"}, {"position": {"minX": 476.12786865234375, "minY": 180.03515625, "maxX": 738.8721313476562, "maxY": 380.96484375}, "class_id": 0, "box_caption": "rec 0.208", "scores": {"class_score": 0.2081298828125}, "domain": "pixel"}, {"position": {"minX": -178.48681640625, "minY": -384.037109375, "maxX": 1421.48681640625, "maxY": 1045.037109375}, "class_id": 0, "box_caption": "rec 0.056", "scores": {"class_score": 0.0560302734375}, "domain": "pixel"}], "class_labels": {"0": "rec", "1": "none"}}