{"box_data": [{"position": {"minX": 114.48529052734375, "minY": 108.575927734375, "maxX": 688.5147094726562, "maxY": 695.424072265625}, "class_id": 0, "box_caption": "rec 0.242", "scores": {"class_score": 0.2421875}, "domain": "pixel"}, {"position": {"minX": 238.0325927734375, "minY": 257.62176513671875, "maxX": 541.4674072265625, "maxY": 559.3782348632812}, "class_id": 0, "box_caption": "rec 0.019", "scores": {"class_score": 0.0194549560546875}, "domain": "pixel"}, {"position": {"minX": -574.201904296875, "minY": -563.1591796875, "maxX": 1393.201904296875, "maxY": 1418.1591796875}, "class_id": 0, "box_caption": "rec 0.016", "scores": {"class_score": 0.015899658203125}, "domain": "pixel"}], "class_labels": {"0": "rec", "1": "none"}}