{"box_data": [{"position": {"minX": 304.19476318359375, "minY": 41.96484375, "maxX": 797.8052368164062, "maxY": 441.03515625}, "class_id": 0, "box_caption": "rec 0.399", "scores": {"class_score": 0.39892578125}, "domain": "pixel"}, {"position": {"minX": -236.98681640625, "minY": -421.287109375, "maxX": 1362.98681640625, "maxY": 1007.787109375}, "class_id": 0, "box_caption": "rec 0.058", "scores": {"class_score": 0.05780029296875}, "domain": "pixel"}], "class_labels": {"0": "rec", "1": "none"}}