{"box_data": [{"position": {"minX": 270.6512756347656, "minY": -38.34796142578125, "maxX": 849.3487548828125, "maxY": 497.34796142578125}, "class_id": 0, "box_caption": "rec 0.671", "scores": {"class_score": 0.67138671875}, "domain": "pixel"}, {"position": {"minX": -430.692626953125, "minY": -734.6131591796875, "maxX": 1490.692626953125, "maxY": 1104.6131591796875}, "class_id": 0, "box_caption": "rec 0.028", "scores": {"class_score": 0.02801513671875}, "domain": "pixel"}, {"position": {"minX": 381.5821533203125, "minY": 97.65264892578125, "maxX": 682.4178466796875, "maxY": 365.59735107421875}, "class_id": 0, "box_caption": "rec 0.013", "scores": {"class_score": 0.0131072998046875}, "domain": "pixel"}], "class_labels": {"0": "rec", "1": "none"}}