{"box_data": [{"position": {"minX": 435.56622314453125, "minY": 68.1326904296875, "maxX": 1020.4337768554688, "maxY": 647.8673095703125}, "class_id": 0, "box_caption": "rec 0.144", "scores": {"class_score": 0.1436767578125}, "domain": "pixel"}, {"position": {"minX": 577.4323120117188, "minY": 223.36036682128906, "maxX": 881.5676879882812, "maxY": 524.1396484375}, "class_id": 0, "box_caption": "rec 0.103", "scores": {"class_score": 0.10302734375}, "domain": "pixel"}, {"position": {"minX": -148.2188262939453, "minY": 195.99993896484375, "maxX": 211.7813262939453, "maxY": 660.0000610351562}, "class_id": 0, "box_caption": "rec 0.016", "scores": {"class_score": 0.0160064697265625}, "domain": "pixel"}, {"position": {"minX": 606.0829467773438, "minY": 244.14044189453125, "maxX": 848.9170532226562, "maxY": 493.85955810546875}, "class_id": 0, "box_caption": "rec 0.011", "scores": {"class_score": 0.0107269287109375}, "domain": "pixel"}], "class_labels": {"0": "rec", "1": "none"}}