{"box_data": [{"position": {"minX": 214.85809326171875, "minY": 8.32464599609375, "maxX": 796.1419067382812, "maxY": 592.1753540039062}, "class_id": 0, "box_caption": "rec 0.519", "scores": {"class_score": 0.5185546875}, "domain": "pixel"}, {"position": {"minX": -476.7247314453125, "minY": -681.0447998046875, "maxX": 1497.7247314453125, "maxY": 1298.0447998046875}, "class_id": 0, "box_caption": "rec 0.028", "scores": {"class_score": 0.0279541015625}, "domain": "pixel"}, {"position": {"minX": 543.271728515625, "minY": 495.531494140625, "maxX": 808.728271484375, "maxY": 700.468505859375}, "class_id": 0, "box_caption": "rec 0.014", "scores": {"class_score": 0.01363372802734375}, "domain": "pixel"}, {"position": {"minX": 578.306396484375, "minY": 334.5198974609375, "maxX": 785.693603515625, "maxY": 824.4801025390625}, "class_id": 0, "box_caption": "rec 0.011", "scores": {"class_score": 0.0110321044921875}, "domain": "pixel"}], "class_labels": {"0": "rec", "1": "none"}}