{"box_data": [{"position": {"minX": 363.91424560546875, "minY": 157.16781616210938, "maxX": 668.0857543945312, "maxY": 434.8321838378906}, "class_id": 0, "box_caption": "rec 0.599", "scores": {"class_score": 0.59912109375}, "domain": "pixel"}, {"position": {"minX": 313.4056091308594, "minY": 33.95068359375, "maxX": 729.5943603515625, "maxY": 553.04931640625}, "class_id": 0, "box_caption": "rec 0.122", "scores": {"class_score": 0.12213134765625}, "domain": "pixel"}, {"position": {"minX": 416.689697265625, "minY": 166.95751953125, "maxX": 627.310302734375, "maxY": 431.54248046875}, "class_id": 0, "box_caption": "rec 0.080", "scores": {"class_score": 0.07977294921875}, "domain": "pixel"}, {"position": {"minX": 208.83209228515625, "minY": 27.115478515625, "maxX": 790.6679077148438, "maxY": 570.884521484375}, "class_id": 0, "box_caption": "rec 0.069", "scores": {"class_score": 0.06854248046875}, "domain": "pixel"}], "class_labels": {"0": "rec", "1": "none"}}