{"box_data": [{"position": {"minX": 353.425048828125, "minY": 316.41033935546875, "maxX": 588.074951171875, "maxY": 600.5896606445312}, "class_id": 0, "box_caption": "rec 0.213", "scores": {"class_score": 0.2127685546875}, "domain": "pixel"}, {"position": {"minX": 217.69818115234375, "minY": 197.71417236328125, "maxX": 725.3018188476562, "maxY": 762.7858276367188}, "class_id": 0, "box_caption": "rec 0.196", "scores": {"class_score": 0.195556640625}, "domain": "pixel"}, {"position": {"minX": -433.73046875, "minY": -458.1727294921875, "maxX": 1334.23046875, "maxY": 1413.6728515625}, "class_id": 0, "box_caption": "rec 0.021", "scores": {"class_score": 0.020721435546875}, "domain": "pixel"}, {"position": {"minX": 412.58221435546875, "minY": 389.09381103515625, "maxX": 531.9177856445312, "maxY": 538.4061889648438}, "class_id": 0, "box_caption": "rec 0.015", "scores": {"class_score": 0.01450347900390625}, "domain": "pixel"}], "class_labels": {"0": "rec", "1": "none"}}