{"box_data": [{"position": {"minX": 303.7066650390625, "minY": 36.838623046875, "maxX": 813.2933349609375, "maxY": 457.911376953125}, "class_id": 0, "box_caption": "rec 0.102", "scores": {"class_score": 0.102294921875}, "domain": "pixel"}, {"position": {"minX": -287.310791015625, "minY": -500.6729736328125, "maxX": 1390.3106689453125, "maxY": 1020.6729736328125}, "class_id": 0, "box_caption": "rec 0.018", "scores": {"class_score": 0.0182647705078125}, "domain": "pixel"}], "class_labels": {"0": "rec", "1": "none"}}