{"box_data": [{"position": {"minX": 226.14251708984375, "minY": 123.09759521484375, "maxX": 843.8574829101562, "maxY": 759.9024047851562}, "class_id": 0, "box_caption": "rec 0.420", "scores": {"class_score": 0.419677734375}, "domain": "pixel"}, {"position": {"minX": -274.48681640625, "minY": -275.287109375, "maxX": 1325.48681640625, "maxY": 1153.787109375}, "class_id": 0, "box_caption": "rec 0.082", "scores": {"class_score": 0.08197021484375}, "domain": "pixel"}], "class_labels": {"0": "rec", "1": "none"}}