{"box_data": [{"position": {"minX": 309.955810546875, "minY": 58.235443115234375, "maxX": 809.044189453125, "maxY": 464.7645568847656}, "class_id": 0, "box_caption": "rec 0.187", "scores": {"class_score": 0.18701171875}, "domain": "pixel"}, {"position": {"minX": 219.40216064453125, "minY": -113.8580322265625, "maxX": 902.5978393554688, "maxY": 653.3580322265625}, "class_id": 0, "box_caption": "rec 0.071", "scores": {"class_score": 0.07122802734375}, "domain": "pixel"}], "class_labels": {"0": "rec", "1": "none"}}