{"box_data": [{"position": {"minX": 52.84820556640625, "minY": 65.49639892578125, "maxX": 737.6517944335938, "maxY": 750.5036010742188}, "class_id": 0, "box_caption": "rec 0.425", "scores": {"class_score": 0.42529296875}, "domain": "pixel"}, {"position": {"minX": -581.3634033203125, "minY": -577.7528076171875, "maxX": 1389.8634033203125, "maxY": 1402.7528076171875}, "class_id": 0, "box_caption": "rec 0.081", "scores": {"class_score": 0.08135986328125}, "domain": "pixel"}, {"position": {"minX": 158.7211456298828, "minY": 192.36822509765625, "maxX": 592.7788696289062, "maxY": 646.6317749023438}, "class_id": 0, "box_caption": "rec 0.012", "scores": {"class_score": 0.0120849609375}, "domain": "pixel"}], "class_labels": {"0": "rec", "1": "none"}}