{"Labels": {"_type": "images/separated", "width": 2000, "height": 2000, "format": "jpg", "count": 2, "filenames": ["media/images/Labels_0_1871f558a910a7614057.jpg", "media/images/Labels_0_e744f27576dc785b1437.jpg"], "captions": ["labels_correlogram.jpg", "labels_xyls.jpg"]}, "Mosaics": {"_type": "images/separated", "width": 2048, "height": 2048, "format": "jpg", "count": 8, "filenames": ["media/images/Mosaics_0_0255079bb9e548997c9e.jpg", "media/images/Mosaics_0_70c9e35df26faf7cef61.jpg", "media/images/Mosaics_0_4c8bbaec5ca464565aac.jpg", "media/images/Mosaics_0_1890a3c8514524149cbb.jpg", "media/images/Mosaics_0_a6a6df50e72ee19641fe.jpg", "media/images/Mosaics_0_8b42ac799817d5f4e0b3.jpg", "media/images/Mosaics_0_ac63f86f20be07922dd4.jpg", "media/images/Mosaics_0_f512caaa74c7303f5097.jpg"], "captions": ["train_batch0.jpg", "train_batch1.jpg", "train_batch2.jpg", "train_batch3.jpg", "train_batch4.jpg", "train_batch5.jpg", "train_batch6.jpg", "train_batch7.jpg"]}, "train/box_loss": 0.06828382611274719, "train/obj_loss": 0.4164767563343048, "train/cls_loss": 5.034450441598892e-05, "train/theta_loss": 0.11806285381317139, "metrics/precision": 0.882991137519993, "metrics/recall": 0.8349837851673573, "metrics/mAP_0.5": 0.8791540422480095, "metrics/mAP_0.5:0.95": 0.49375583689831304, "val/box_loss": 0.056586652994155884, "val/obj_loss": 0.42049726843833923, "val/cls_loss": 5.938222602708265e-05, "val/theta_loss": 0.11435104161500931, "x/lr0": 0.002000877266100618, "x/lr1": 0.002000877266100618, "x/lr2": 0.002000877266100618, "_timestamp": 1668595116, "_runtime": 7005, "_step": 300, "BoundingBoxDebugger": {"_type": "images/separated", "width": 1056, "height": 608, "format": "png", "count": 10, "filenames": ["media/images/BoundingBoxDebugger_299_600e9b46b753262c6aa3.png", "media/images/BoundingBoxDebugger_299_ea54ad607f6bc369214a.png", "media/images/BoundingBoxDebugger_299_6f5e466cd506c6abb1f0.png", "media/images/BoundingBoxDebugger_299_916b8e914349bdfb4c44.png", "media/images/BoundingBoxDebugger_299_5831095e8e3213b27317.png", "media/images/BoundingBoxDebugger_299_ad48a88d77668864e76a.png", "media/images/BoundingBoxDebugger_299_37bb351f1dba40a9c33b.png", "media/images/BoundingBoxDebugger_299_773385666479deae4d44.png", "media/images/BoundingBoxDebugger_299_95eb6e8f97f408bebcd9.png", "media/images/BoundingBoxDebugger_299_484464574bd75927a534.png"], "captions": ["pic_DJI_0639_0001_11.jpg", "pic_DJI_0639_0003_21.jpg", "pic_DJI_0639_0006_11.jpg", "pic_DJI_0639_0008_21.jpg", "pic_DJI_0639_0011_11.jpg", "pic_DJI_0639_0013_21.jpg", "pic_DJI_0639_0016_11.jpg", "pic_DJI_0639_0018_21.jpg", "pic_DJI_0639_0021_11.jpg", "pic_DJI_0639_0023_21.jpg"], "all_boxes": [{"predictions": {"_type": "boxes2D", "sha256": "c5563816c7a035c11ea5f7a8e24b60f1f89468a4ac488252fd70681e7d4f77a4", "size": 14118, "path": "media/metadata/boxes2D/BoundingBoxDebugger_299_c5563816c7a035c11ea5.boxes2D.json"}}, {"predictions": {"_type": "boxes2D", "sha256": "08ffd0e40c96b4cfe65ea45a30956ac096867455877462f8b4e9fb37a194ad2a", "size": 11130, "path": "media/metadata/boxes2D/BoundingBoxDebugger_299_08ffd0e40c96b4cfe65e.boxes2D.json"}}, {"predictions": {"_type": "boxes2D", "sha256": "6f533150cca9f19b9157a6c3b4f17da20ce4f919011509353273be83c3e731c0", "size": 14078, "path": "media/metadata/boxes2D/BoundingBoxDebugger_299_6f533150cca9f19b9157.boxes2D.json"}}, {"predictions": {"_type": "boxes2D", "sha256": "71efb497d464161732ec1daa6d6bef9e6d4a26e9b07b84ad5ab2369c8b97741d", "size": 16284, "path": "media/metadata/boxes2D/BoundingBoxDebugger_299_71efb497d464161732ec.boxes2D.json"}}, {"predictions": {"_type": "boxes2D", "sha256": "bf34777c9c5bac7725b75203d70712c434980360e9f2a347cfce671f0615e034", "size": 14709, "path": "media/metadata/boxes2D/BoundingBoxDebugger_299_bf34777c9c5bac7725b7.boxes2D.json"}}, {"predictions": {"_type": "boxes2D", "sha256": "24d82ec4bf8b12fe67323c9d96a5ef1020fd71bbccf6b699ecc5e51c2c280cdf", "size": 18035, "path": "media/metadata/boxes2D/BoundingBoxDebugger_299_24d82ec4bf8b12fe6732.boxes2D.json"}}, {"predictions": {"_type": "boxes2D", "sha256": "8cca7ff09f2d0927427846523244b22df53163f7e879b897af946561318ba58a", "size": 25991, "path": "media/metadata/boxes2D/BoundingBoxDebugger_299_8cca7ff09f2d09274278.boxes2D.json"}}, {"predictions": {"_type": "boxes2D", "sha256": "7c8f455e0bf742164651a9f59441bcba930c46d95bf295b214e2aa7b903bea45", "size": 22535, "path": "media/metadata/boxes2D/BoundingBoxDebugger_299_7c8f455e0bf742164651.boxes2D.json"}}, {"predictions": {"_type": "boxes2D", "sha256": "0d17bdee0c1b637616f57b5ab4085d939cf33d905fc3423bb1abb319492be6bd", "size": 10500, "path": "media/metadata/boxes2D/BoundingBoxDebugger_299_0d17bdee0c1b637616f5.boxes2D.json"}}, {"predictions": {"_type": "boxes2D", "sha256": "36bd7443dd22c04e2cfe4aecdce502357ca489685ccabc33e3222d72af3f5d84", "size": 15051, "path": "media/metadata/boxes2D/BoundingBoxDebugger_299_36bd7443dd22c04e2cfe.boxes2D.json"}}]}, "Validation": {"_type": "images/separated", "width": 2048, "height": 1180, "format": "jpg", "count": 4, "filenames": ["media/images/Validation_300_efe46ca1b778da62da1f.jpg", "media/images/Validation_300_a07973a661c87d7e89be.jpg", "media/images/Validation_300_a350f580adda42ffd899.jpg", "media/images/Validation_300_939480a812e266d35445.jpg"], "captions": ["val_batch0_labels.jpg", "val_batch0_pred.jpg", "val_batch1_labels.jpg", "val_batch1_pred.jpg"]}, "Results": {"_type": "images/separated", "width": 2400, "height": 1200, "format": "png", "count": 6, "filenames": ["media/images/Results_300_ccbc0c291739039febe7.png", "media/images/Results_300_db75aad5f309ae9a1c3d.png", "media/images/Results_300_b572c6d07787d7d0f589.png", "media/images/Results_300_a307463bd3333e84ae3f.png", "media/images/Results_300_c4ce4cb5a46ef383d2c0.png", "media/images/Results_300_4d22db1a7ed8937660b1.png"], "captions": ["results.png", "confusion_matrix.png", "F1_curve.png", "PR_curve.png", "P_curve.png", "R_curve.png"]}, "_wandb": {"runtime": 7005}}