{"box_data": [{"position": {"minX": -604.000244140625, "minY": -570.0001831054688, "maxX": 700.000244140625, "maxY": 922.0001831054688}, "class_id": 0, "box_caption": "rec 1.000", "scores": {"class_score": 1.0}, "domain": "pixel"}, {"position": {"minX": -636.000244140625, "minY": -570.0001831054688, "maxX": 668.000244140625, "maxY": 922.0001831054688}, "class_id": 0, "box_caption": "rec 1.000", "scores": {"class_score": 1.0}, "domain": "pixel"}, {"position": {"minX": 828.0, "minY": -120.00006103515625, "maxX": 1188.0, "maxY": 344.00006103515625}, "class_id": 0, "box_caption": "rec 1.000", "scores": {"class_score": 1.0}, "domain": "pixel"}, {"position": {"minX": -97.50006866455078, "minY": -184.00006103515625, "maxX": 257.50006103515625, "maxY": 280.00006103515625}, "class_id": 0, "box_caption": "rec 1.000", "scores": {"class_score": 1.0}, "domain": "pixel"}], "class_labels": {"0": "rec"}}