{"box_data": [{"position": {"minX": 337.62701416015625, "minY": 63.49700927734375, "maxX": 778.3729858398438, "maxY": 483.50299072265625}, "class_id": 0, "box_caption": "rec 0.015", "scores": {"class_score": 0.0153045654296875}, "domain": "pixel"}], "class_labels": {"0": "rec"}}