{"box_data": [{"position": {"minX": 548.9182739257812, "minY": 200.38563537597656, "maxX": 687.0817260742188, "maxY": 332.1143798828125}, "class_id": 0, "box_caption": "rec 0.014", "scores": {"class_score": 0.01358795166015625}, "domain": "pixel"}, {"position": {"minX": 357.68695068359375, "minY": 142.5838623046875, "maxX": 634.3130493164062, "maxY": 530.9161376953125}, "class_id": 0, "box_caption": "rec 0.011", "scores": {"class_score": 0.01116180419921875}, "domain": "pixel"}, {"position": {"minX": 261.81072998046875, "minY": 110.35125732421875, "maxX": 538.1892700195312, "maxY": 498.64874267578125}, "class_id": 0, "box_caption": "rec 0.010", "scores": {"class_score": 0.01049041748046875}, "domain": "pixel"}, {"position": {"minX": 518.8580322265625, "minY": 79.06866455078125, "maxX": 792.1419677734375, "maxY": 466.93133544921875}, "class_id": 0, "box_caption": "rec 0.010", "scores": {"class_score": 0.01029205322265625}, "domain": "pixel"}], "class_labels": {"0": "rec"}}