{"box_data": [{"position": {"minX": 215.138427734375, "minY": 191.25421142578125, "maxX": 706.3616333007812, "maxY": 678.2457885742188}, "class_id": 0, "box_caption": "rec 0.054", "scores": {"class_score": 0.053802490234375}, "domain": "pixel"}, {"position": {"minX": 344.31768798828125, "minY": 160.9010009765625, "maxX": 832.6823120117188, "maxY": 644.0989990234375}, "class_id": 0, "box_caption": "rec 0.041", "scores": {"class_score": 0.0411376953125}, "domain": "pixel"}], "class_labels": {"0": "rec"}}