{"box_data": [{"position": {"minX": 359.44317626953125, "minY": 147.56283569335938, "maxX": 761.5568237304688, "maxY": 466.9371643066406}, "class_id": 0, "box_caption": "rec 0.015", "scores": {"class_score": 0.01473236083984375}, "domain": "pixel"}, {"position": {"minX": 328.2379150390625, "minY": 102.37106323242188, "maxX": 611.7620849609375, "maxY": 394.8789367675781}, "class_id": 0, "box_caption": "rec 0.011", "scores": {"class_score": 0.01146697998046875}, "domain": "pixel"}], "class_labels": {"0": "rec"}}