{"box_data": [{"position": {"minX": 326.57220458984375, "minY": 134.1238555908203, "maxX": 727.4277954101562, "maxY": 476.37615966796875}, "class_id": 0, "box_caption": "rec 0.016", "scores": {"class_score": 0.0156707763671875}, "domain": "pixel"}, {"position": {"minX": 422.826416015625, "minY": 295.4788818359375, "maxX": 823.173583984375, "maxY": 634.5211791992188}, "class_id": 0, "box_caption": "rec 0.015", "scores": {"class_score": 0.0153656005859375}, "domain": "pixel"}, {"position": {"minX": 43.282562255859375, "minY": -70.34928894042969, "maxX": 438.4674072265625, "maxY": 236.0992889404297}, "class_id": 0, "box_caption": "rec 0.015", "scores": {"class_score": 0.014617919921875}, "domain": "pixel"}, {"position": {"minX": 88.47512817382812, "minY": -106.8173828125, "maxX": 370.0248718261719, "maxY": 184.9423828125}, "class_id": 0, "box_caption": "rec 0.011", "scores": {"class_score": 0.01116180419921875}, "domain": "pixel"}], "class_labels": {"0": "rec"}}