{"box_data": [{"position": {"minX": 303.72430419921875, "minY": 59.56480407714844, "maxX": 804.2756958007812, "maxY": 558.9351806640625}, "class_id": 0, "box_caption": "rec 0.086", "scores": {"class_score": 0.086181640625}, "domain": "pixel"}, {"position": {"minX": 179.76226806640625, "minY": -167.00311279296875, "maxX": 944.2377319335938, "maxY": 652.7531127929688}, "class_id": 0, "box_caption": "rec 0.014", "scores": {"class_score": 0.014007568359375}, "domain": "pixel"}, {"position": {"minX": 351.12493896484375, "minY": 298.18743896484375, "maxX": 682.8750610351562, "maxY": 516.3125610351562}, "class_id": 0, "box_caption": "rec 0.013", "scores": {"class_score": 0.0125274658203125}, "domain": "pixel"}, {"position": {"minX": 487.6966857910156, "minY": 214.8909912109375, "maxX": 634.3033447265625, "maxY": 351.1090087890625}, "class_id": 0, "box_caption": "rec 0.010", "scores": {"class_score": 0.01036834716796875}, "domain": "pixel"}], "class_labels": {"0": "rec"}}