{"box_data": [{"position": {"minX": 487.1197509765625, "minY": 41.580780029296875, "maxX": 886.8802490234375, "maxY": 376.91925048828125}, "class_id": 0, "box_caption": "rec 0.016", "scores": {"class_score": 0.0162811279296875}, "domain": "pixel"}, {"position": {"minX": 328.00238037109375, "minY": 8.21502685546875, "maxX": 727.9976196289062, "maxY": 345.03497314453125}, "class_id": 0, "box_caption": "rec 0.013", "scores": {"class_score": 0.013427734375}, "domain": "pixel"}, {"position": {"minX": 332.7494812011719, "minY": 142.85888671875, "maxX": 724.25048828125, "maxY": 465.14111328125}, "class_id": 0, "box_caption": "rec 0.012", "scores": {"class_score": 0.012054443359375}, "domain": "pixel"}], "class_labels": {"0": "rec"}}