{"box_data": [{"position": {"minX": 628.7730712890625, "minY": 329.9634704589844, "maxX": 938.2269287109375, "maxY": 728.0364990234375}, "class_id": 0, "box_caption": "rec 0.010", "scores": {"class_score": 0.010406494140625}, "domain": "pixel"}], "class_labels": {"0": "rec"}}