{"box_data": [{"position": {"minX": 294.49151611328125, "minY": 206.4468994140625, "maxX": 569.5084838867188, "maxY": 594.5531005859375}, "class_id": 0, "box_caption": "rec 0.011", "scores": {"class_score": 0.010986328125}, "domain": "pixel"}], "class_labels": {"0": "rec"}}