{"box_data": [{"position": {"minX": 384.8544921875, "minY": 109.2249755859375, "maxX": 670.1455078125, "maxY": 498.7750244140625}, "class_id": 0, "box_caption": "rec 0.013", "scores": {"class_score": 0.0125732421875}, "domain": "pixel"}, {"position": {"minX": 352.978271484375, "minY": -18.38262939453125, "maxX": 638.021728515625, "maxY": 371.13262939453125}, "class_id": 0, "box_caption": "rec 0.012", "scores": {"class_score": 0.01177978515625}, "domain": "pixel"}, {"position": {"minX": 450.40667724609375, "minY": 13.747802734375, "maxX": 733.5933227539062, "maxY": 403.002197265625}, "class_id": 0, "box_caption": "rec 0.011", "scores": {"class_score": 0.01056671142578125}, "domain": "pixel"}], "class_labels": {"0": "rec"}}