{"box_data": [{"position": {"minX": 585.1528930664062, "minY": 175.3209228515625, "maxX": 854.8471069335938, "maxY": 562.6790771484375}, "class_id": 0, "box_caption": "rec 0.010", "scores": {"class_score": 0.010009765625}, "domain": "pixel"}], "class_labels": {"0": "rec"}}