{"box_data": [{"position": {"minX": 278.001220703125, "minY": 326.13824462890625, "maxX": 710.998779296875, "maxY": 735.8617553710938}, "class_id": 0, "box_caption": "rec 0.011", "scores": {"class_score": 0.010528564453125}, "domain": "pixel"}], "class_labels": {"0": "rec"}}