{"box_data": [{"position": {"minX": 358.3851318359375, "minY": 83.319091796875, "maxX": 818.6148681640625, "maxY": 529.180908203125}, "class_id": 0, "box_caption": "rec 0.023", "scores": {"class_score": 0.0227203369140625}, "domain": "pixel"}, {"position": {"minX": 545.2265625, "minY": 69.8438720703125, "maxX": 888.7734375, "maxY": 476.6561279296875}, "class_id": 0, "box_caption": "rec 0.017", "scores": {"class_score": 0.01678466796875}, "domain": "pixel"}], "class_labels": {"0": "rec"}}