{"box_data": [{"position": {"minX": 489.5887451171875, "minY": 199.02490234375, "maxX": 818.4112548828125, "maxY": 602.97509765625}, "class_id": 0, "box_caption": "rec 0.015", "scores": {"class_score": 0.01525115966796875}, "domain": "pixel"}], "class_labels": {"0": "rec"}}