{"box_data": [{"position": {"minX": 581.006103515625, "minY": 238.2381591796875, "maxX": 858.993896484375, "maxY": 626.7618408203125}, "class_id": 0, "box_caption": "rec 0.011", "scores": {"class_score": 0.01146697998046875}, "domain": "pixel"}, {"position": {"minX": 420.263427734375, "minY": 237.6337890625, "maxX": 699.736572265625, "maxY": 626.3662109375}, "class_id": 0, "box_caption": "rec 0.011", "scores": {"class_score": 0.010986328125}, "domain": "pixel"}, {"position": {"minX": 168.288818359375, "minY": 302.66436767578125, "maxX": 440.211181640625, "maxY": 690.3356323242188}, "class_id": 0, "box_caption": "rec 0.010", "scores": {"class_score": 0.0104522705078125}, "domain": "pixel"}], "class_labels": {"0": "rec"}}