{"box_data": [{"position": {"minX": 368.3302917480469, "minY": 128.4207763671875, "maxX": 749.669677734375, "maxY": 542.5792236328125}, "class_id": 0, "box_caption": "rec 0.017", "scores": {"class_score": 0.017242431640625}, "domain": "pixel"}, {"position": {"minX": 432.216796875, "minY": 287.051513671875, "maxX": 814.783203125, "maxY": 701.4484252929688}, "class_id": 0, "box_caption": "rec 0.012", "scores": {"class_score": 0.01214599609375}, "domain": "pixel"}, {"position": {"minX": 247.588134765625, "minY": 95.88720703125, "maxX": 616.411865234375, "maxY": 507.61279296875}, "class_id": 0, "box_caption": "rec 0.010", "scores": {"class_score": 0.01016998291015625}, "domain": "pixel"}], "class_labels": {"0": "rec"}}