{"box_data": [{"position": {"minX": 418.96368408203125, "minY": 109.45111083984375, "maxX": 701.0363159179688, "maxY": 498.54888916015625}, "class_id": 0, "box_caption": "rec 0.012", "scores": {"class_score": 0.011871337890625}, "domain": "pixel"}, {"position": {"minX": 291.8277587890625, "minY": 45.857666015625, "maxX": 571.6722412109375, "maxY": 434.642333984375}, "class_id": 0, "box_caption": "rec 0.011", "scores": {"class_score": 0.01137542724609375}, "domain": "pixel"}, {"position": {"minX": 708.758544921875, "minY": 173.953369140625, "maxX": 987.241455078125, "maxY": 562.546630859375}, "class_id": 0, "box_caption": "rec 0.011", "scores": {"class_score": 0.01107025146484375}, "domain": "pixel"}], "class_labels": {"0": "rec"}}