{"box_data": [{"position": {"minX": 348.6432189941406, "minY": 171.87542724609375, "maxX": 770.3568115234375, "maxY": 566.6245727539062}, "class_id": 0, "box_caption": "rec 0.012", "scores": {"class_score": 0.011962890625}, "domain": "pixel"}], "class_labels": {"0": "rec"}}