{"box_data": [{"position": {"minX": 396.306640625, "minY": 134.60882568359375, "maxX": 721.693359375, "maxY": 537.8911743164062}, "class_id": 0, "box_caption": "rec 0.011", "scores": {"class_score": 0.0110321044921875}, "domain": "pixel"}, {"position": {"minX": 462.979736328125, "minY": 232.28009033203125, "maxX": 783.020263671875, "maxY": 632.2199096679688}, "class_id": 0, "box_caption": "rec 0.011", "scores": {"class_score": 0.01061248779296875}, "domain": "pixel"}], "class_labels": {"0": "rec"}}