{"box_data": [{"position": {"minX": 274.5650634765625, "minY": 223.24658203125, "maxX": 714.9349365234375, "maxY": 642.75341796875}, "class_id": 0, "box_caption": "rec 0.013", "scores": {"class_score": 0.01306915283203125}, "domain": "pixel"}], "class_labels": {"0": "rec"}}