{"box_data": [{"position": {"minX": 296.80828857421875, "minY": 367.75689697265625, "maxX": 694.691650390625, "maxY": 691.2431030273438}, "class_id": 0, "box_caption": "rec 0.015", "scores": {"class_score": 0.0153045654296875}, "domain": "pixel"}, {"position": {"minX": 246.61126708984375, "minY": 68.70355224609375, "maxX": 532.3887329101562, "maxY": 364.04644775390625}, "class_id": 0, "box_caption": "rec 0.013", "scores": {"class_score": 0.01287078857421875}, "domain": "pixel"}, {"position": {"minX": 231.99176025390625, "minY": 116.885009765625, "maxX": 633.0082397460938, "maxY": 430.614990234375}, "class_id": 0, "box_caption": "rec 0.010", "scores": {"class_score": 0.01016998291015625}, "domain": "pixel"}], "class_labels": {"0": "rec"}}