{"box_data": [{"position": {"minX": 394.2115173339844, "minY": 134.54876708984375, "maxX": 722.7884521484375, "maxY": 538.4512329101562}, "class_id": 0, "box_caption": "rec 0.014", "scores": {"class_score": 0.0139007568359375}, "domain": "pixel"}, {"position": {"minX": 268.156005859375, "minY": 135.44403076171875, "maxX": 594.843994140625, "maxY": 536.5559692382812}, "class_id": 0, "box_caption": "rec 0.010", "scores": {"class_score": 0.010406494140625}, "domain": "pixel"}], "class_labels": {"0": "rec"}}