{"box_data": [{"position": {"minX": 252.83587646484375, "minY": 42.3873291015625, "maxX": 729.1641235351562, "maxY": 509.6126708984375}, "class_id": 0, "box_caption": "rec 0.038", "scores": {"class_score": 0.03753662109375}, "domain": "pixel"}, {"position": {"minX": 351.96881103515625, "minY": 141.38136291503906, "maxX": 823.0311889648438, "maxY": 601.61865234375}, "class_id": 0, "box_caption": "rec 0.032", "scores": {"class_score": 0.03173828125}, "domain": "pixel"}], "class_labels": {"0": "rec"}}