{"box_data": [{"position": {"minX": 380.76708984375, "minY": 107.12628173828125, "maxX": 803.23291015625, "maxY": 502.87371826171875}, "class_id": 0, "box_caption": "rec 0.012", "scores": {"class_score": 0.011871337890625}, "domain": "pixel"}, {"position": {"minX": 552.533935546875, "minY": 79.23394775390625, "maxX": 823.466064453125, "maxY": 466.76605224609375}, "class_id": 0, "box_caption": "rec 0.011", "scores": {"class_score": 0.01094818115234375}, "domain": "pixel"}], "class_labels": {"0": "rec"}}