{"box_data": [{"position": {"minX": 513.02197265625, "minY": 174.77899169921875, "maxX": 981.97802734375, "maxY": 632.2210083007812}, "class_id": 0, "box_caption": "rec 0.033", "scores": {"class_score": 0.03289794921875}, "domain": "pixel"}, {"position": {"minX": 424.212646484375, "minY": 115.91722106933594, "maxX": 882.787353515625, "maxY": 559.582763671875}, "class_id": 0, "box_caption": "rec 0.020", "scores": {"class_score": 0.019866943359375}, "domain": "pixel"}, {"position": {"minX": 640.2401123046875, "minY": 322.2079772949219, "maxX": 799.7598876953125, "maxY": 465.2920227050781}, "class_id": 0, "box_caption": "rec 0.010", "scores": {"class_score": 0.01009368896484375}, "domain": "pixel"}], "class_labels": {"0": "rec"}}