{"box_data": [{"position": {"minX": 104.37335205078125, "minY": 375.5982666015625, "maxX": 504.62664794921875, "maxY": 685.4017333984375}, "class_id": 0, "box_caption": "rec 0.017", "scores": {"class_score": 0.0165252685546875}, "domain": "pixel"}, {"position": {"minX": 203.0709228515625, "minY": 85.1968994140625, "maxX": 599.4290771484375, "maxY": 399.0531005859375}, "class_id": 0, "box_caption": "rec 0.012", "scores": {"class_score": 0.012237548828125}, "domain": "pixel"}, {"position": {"minX": 231.85968017578125, "minY": 338.13336181640625, "maxX": 634.1403198242188, "maxY": 658.3666381835938}, "class_id": 0, "box_caption": "rec 0.011", "scores": {"class_score": 0.0110321044921875}, "domain": "pixel"}], "class_labels": {"0": "rec"}}