{"box_data": [{"position": {"minX": 650.15234375, "minY": 327.4466857910156, "maxX": 791.84765625, "maxY": 461.0533142089844}, "class_id": 0, "box_caption": "rec 0.022", "scores": {"class_score": 0.0217742919921875}, "domain": "pixel"}, {"position": {"minX": 538.8377685546875, "minY": 200.97950744628906, "maxX": 964.1622314453125, "maxY": 600.5205078125}, "class_id": 0, "box_caption": "rec 0.013", "scores": {"class_score": 0.01337432861328125}, "domain": "pixel"}, {"position": {"minX": 523.2572021484375, "minY": 143.11669921875, "maxX": 788.7427978515625, "maxY": 529.88330078125}, "class_id": 0, "box_caption": "rec 0.010", "scores": {"class_score": 0.01029205322265625}, "domain": "pixel"}], "class_labels": {"0": "rec"}}