{"box_data": [{"position": {"minX": 286.22296142578125, "minY": 334.72186279296875, "maxX": 704.7770385742188, "maxY": 725.2781372070312}, "class_id": 0, "box_caption": "rec 0.010", "scores": {"class_score": 0.010406494140625}, "domain": "pixel"}], "class_labels": {"0": "rec"}}