{"box_data": [{"position": {"minX": 515.3697509765625, "minY": 271.578125, "maxX": 655.6302490234375, "maxY": 404.421875}, "class_id": 0, "box_caption": "rec 0.016", "scores": {"class_score": 0.016021728515625}, "domain": "pixel"}, {"position": {"minX": 378.98822021484375, "minY": 169.17919921875, "maxX": 804.0117797851562, "maxY": 568.32080078125}, "class_id": 0, "box_caption": "rec 0.013", "scores": {"class_score": 0.01322174072265625}, "domain": "pixel"}, {"position": {"minX": 353.53533935546875, "minY": 77.57061767578125, "maxX": 637.4646606445312, "maxY": 466.92938232421875}, "class_id": 0, "box_caption": "rec 0.013", "scores": {"class_score": 0.01312255859375}, "domain": "pixel"}], "class_labels": {"0": "rec"}}