{"box_data": [{"position": {"minX": 349.5946044921875, "minY": 300.47442626953125, "maxX": 770.4053955078125, "maxY": 694.0255737304688}, "class_id": 0, "box_caption": "rec 0.011", "scores": {"class_score": 0.01129150390625}, "domain": "pixel"}, {"position": {"minX": 359.6650390625, "minY": 207.14697265625, "maxX": 631.8349609375, "maxY": 594.85302734375}, "class_id": 0, "box_caption": "rec 0.011", "scores": {"class_score": 0.01111602783203125}, "domain": "pixel"}], "class_labels": {"0": "rec"}}