{"box_data": [{"position": {"minX": 257.4765625, "minY": 198.0938720703125, "maxX": 601.0234375, "maxY": 604.9061279296875}, "class_id": 0, "box_caption": "rec 0.018", "scores": {"class_score": 0.017852783203125}, "domain": "pixel"}], "class_labels": {"0": "rec"}}