{"box_data": [{"position": {"minX": 355.64453125, "minY": 77.54679870605469, "maxX": 636.35546875, "maxY": 466.45318603515625}, "class_id": 0, "box_caption": "rec 0.012", "scores": {"class_score": 0.0115509033203125}, "domain": "pixel"}, {"position": {"minX": 581.6869506835938, "minY": 46.458831787109375, "maxX": 858.3130493164062, "maxY": 434.7911376953125}, "class_id": 0, "box_caption": "rec 0.011", "scores": {"class_score": 0.01090240478515625}, "domain": "pixel"}, {"position": {"minX": 260.5728759765625, "minY": 13.92724609375, "maxX": 539.4271240234375, "maxY": 402.57275390625}, "class_id": 0, "box_caption": "rec 0.011", "scores": {"class_score": 0.01073455810546875}, "domain": "pixel"}], "class_labels": {"0": "rec"}}