{"box_data": [{"position": {"minX": 377.2943115234375, "minY": 160.58905029296875, "maxX": 862.7056884765625, "maxY": 650.4109497070312}, "class_id": 0, "box_caption": "rec 0.063", "scores": {"class_score": 0.06304931640625}, "domain": "pixel"}, {"position": {"minX": 533.88720703125, "minY": 210.337890625, "maxX": 963.11279296875, "maxY": 658.162109375}, "class_id": 0, "box_caption": "rec 0.021", "scores": {"class_score": 0.0208892822265625}, "domain": "pixel"}, {"position": {"minX": 470.00640869140625, "minY": 261.4361572265625, "maxX": 756.9935913085938, "maxY": 555.0638427734375}, "class_id": 0, "box_caption": "rec 0.013", "scores": {"class_score": 0.0125274658203125}, "domain": "pixel"}], "class_labels": {"0": "rec"}}