{"box_data": [{"position": {"minX": 446.2716064453125, "minY": 205.62286376953125, "maxX": 865.7283935546875, "maxY": 597.3771362304688}, "class_id": 0, "box_caption": "rec 0.011", "scores": {"class_score": 0.011199951171875}, "domain": "pixel"}], "class_labels": {"0": "rec"}}