{"box_data": [{"position": {"minX": 553.107177734375, "minY": 198.3341064453125, "maxX": 883.892822265625, "maxY": 602.6658935546875}, "class_id": 0, "box_caption": "rec 0.013", "scores": {"class_score": 0.01348114013671875}, "domain": "pixel"}, {"position": {"minX": 460.7882385253906, "minY": 263.0496826171875, "maxX": 784.2117919921875, "maxY": 665.9503173828125}, "class_id": 0, "box_caption": "rec 0.013", "scores": {"class_score": 0.01322174072265625}, "domain": "pixel"}], "class_labels": {"0": "rec"}}