{"box_data": [{"position": {"minX": 351.31378173828125, "minY": 80.41937255859375, "maxX": 767.6862182617188, "maxY": 468.08062744140625}, "class_id": 0, "box_caption": "rec 0.011", "scores": {"class_score": 0.01107025146484375}, "domain": "pixel"}], "class_labels": {"0": "rec"}}