{"box_data": [{"position": {"minX": 471.93145751953125, "minY": 159.45404052734375, "maxX": 960.0685424804688, "maxY": 651.0459594726562}, "class_id": 0, "box_caption": "rec 0.056", "scores": {"class_score": 0.056243896484375}, "domain": "pixel"}, {"position": {"minX": 351.74566650390625, "minY": 194.62921142578125, "maxX": 826.2543334960938, "maxY": 677.3707275390625}, "class_id": 0, "box_caption": "rec 0.045", "scores": {"class_score": 0.04486083984375}, "domain": "pixel"}, {"position": {"minX": 6.445587158203125, "minY": 389.1456298828125, "maxX": 291.8044128417969, "maxY": 683.8543701171875}, "class_id": 0, "box_caption": "rec 0.017", "scores": {"class_score": 0.0170440673828125}, "domain": "pixel"}, {"position": {"minX": 567.3175659179688, "minY": 262.635986328125, "maxX": 852.6824340820312, "maxY": 554.364013671875}, "class_id": 0, "box_caption": "rec 0.010", "scores": {"class_score": 0.0104522705078125}, "domain": "pixel"}], "class_labels": {"0": "rec"}}