{"box_data": [{"position": {"minX": 259.502197265625, "minY": 48.0750732421875, "maxX": 724.997802734375, "maxY": 500.9249267578125}, "class_id": 0, "box_caption": "rec 0.024", "scores": {"class_score": 0.02423095703125}, "domain": "pixel"}, {"position": {"minX": 165.982421875, "minY": -14.128875732421875, "maxX": 628.017578125, "maxY": 434.12884521484375}, "class_id": 0, "box_caption": "rec 0.019", "scores": {"class_score": 0.019195556640625}, "domain": "pixel"}, {"position": {"minX": 542.6497802734375, "minY": 69.84300231933594, "maxX": 891.3502197265625, "maxY": 477.656982421875}, "class_id": 0, "box_caption": "rec 0.018", "scores": {"class_score": 0.018157958984375}, "domain": "pixel"}], "class_labels": {"0": "rec"}}