{"box_data": [{"position": {"minX": 244.83294677734375, "minY": 61.35832214355469, "maxX": 739.6670532226562, "maxY": 553.1416625976562}, "class_id": 0, "box_caption": "rec 0.048", "scores": {"class_score": 0.047515869140625}, "domain": "pixel"}, {"position": {"minX": 121.14520263671875, "minY": 65.99909973144531, "maxX": 607.8547973632812, "maxY": 547.0009155273438}, "class_id": 0, "box_caption": "rec 0.031", "scores": {"class_score": 0.0310211181640625}, "domain": "pixel"}, {"position": {"minX": 392.7718505859375, "minY": 195.4791259765625, "maxX": 781.2281494140625, "maxY": 611.0208740234375}, "class_id": 0, "box_caption": "rec 0.029", "scores": {"class_score": 0.0292510986328125}, "domain": "pixel"}, {"position": {"minX": 524.008056640625, "minY": 257.1221923828125, "maxX": 910.991943359375, "maxY": 672.3778076171875}, "class_id": 0, "box_caption": "rec 0.022", "scores": {"class_score": 0.0222930908203125}, "domain": "pixel"}], "class_labels": {"0": "rec"}}